plz,ort,lat,lon,genauigkeit
01067,Dresden,51.05089,13.73832,ort
01069,Dresden,51.05089,13.73832,ort
01097,Dresden,51.05089,13.73832,ort
01099,Dresden,51.05089,13.73832,ort
01108,Dresden,51.05089,13.73832,ort
01109,Dresden,51.05089,13.73832,ort
01127,Dresden,51.05089,13.73832,ort
01129,Dresden,51.05089,13.73832,ort
01139,Dresden,51.05089,13.73832,ort
01156,Dresden,51.05089,13.73832,ort
01157,Dresden,51.05089,13.73832,ort
01159,Dresden,51.05089,13.73832,ort
01169,Dresden,51.05089,13.73832,ort
01187,Dresden,51.05089,13.73832,ort
01189,Dresden,51.05089,13.73832,ort
01217,Dresden,51.05089,13.73832,ort
01219,Dresden,51.05089,13.73832,ort
01237,Dresden,51.05089,13.73832,ort
01239,Dresden,51.05089,13.73832,ort
01257,Dresden,51.05089,13.73832,ort
01259,Dresden,51.05089,13.73832,ort
01277,Dresden,51.05089,13.73832,ort
01279,Dresden,51.05089,13.73832,ort
01307,Dresden,51.05089,13.73832,ort
01309,Dresden,51.05089,13.73832,ort
01324,Dresden,51.05089,13.73832,ort
01326,Dresden,51.05089,13.73832,ort
01328,Dresden,51.05089,13.73832,ort
01445,Radebeul,51.10654,13.66047,ort
01454,Radeberg,51.11112,13.91199,ort
01458,Ottendorf-Okrilla,51.18333,13.83333,ort
01465,Dresden,51.05089,13.73832,ort
01468,Moritzburg,51.15922,13.68021,ort
01471,Radeburg,51.21516,13.72810,ort
01477,Arnsdorf,51.05089,13.73832,leitregion
01558,Großenhain,51.28951,13.53350,ort
01561,Ebersbach,51.00762,14.58621,ort
01587,Riesa,51.30777,13.29168,ort
01589,Riesa,51.30777,13.29168,ort
01591,Riesa,51.30777,13.29168,ort
01594,Hirschstein,51.30777,13.29168,ort
01609,Gröditz,51.36667,13.40000,ort
01612,Glaubitz,51.32498,13.37817,ort
01616,Strehla,51.35248,13.22660,ort
01619,Zeithain,51.33356,13.33809,ort
01623,Lommatzsch,51.19537,13.30917,ort
01640,Coswig,51.13204,13.58312,ort
01662,Meißen,51.16158,13.47370,ort
01665,Diera-Zehren,51.06841,13.51374,ort
01683,Nossen,51.05798,13.29652,ort
01689,Niederau,51.17730,13.54563,ort
01705,Freital,51.00166,13.64880,ort
01723,Wilsdruff,51.05199,13.53657,ort
01728,Bannewitz,50.99291,13.71712,ort
01731,Kreischa,50.94534,13.75514,ort
01734,Rabenau,50.67753,8.86425,ort
01737,Tharandt,50.98525,13.58035,ort
01738,Dorfhain,50.93333,13.56667,ort
01744,Dippoldiswalde,50.89621,13.66905,ort
01762,Hartmannsdorf-Reichenau,51.05089,13.73832,leitregion
01768,Glashütte,50.85196,13.77977,ort
01773,Altenberg,50.76556,13.75334,ort
01774,Klingenberg,51.05089,13.73832,leitregion
01776,Hermsdorf/Erzgebirge,51.05089,13.73832,leitregion
01778,Altenberg,50.76556,13.75334,ort
01796,Dohma,50.91667,13.93333,ort
01809,Dohna,50.95621,13.85839,ort
01814,Bad Schandau,50.91743,14.15494,ort
01816,Bad Gottleuba-Berggießhübel,51.05089,13.73832,leitregion
01819,Bahretal,51.05089,13.73832,leitregion
01824,Gohrisch,50.91570,14.07186,ort
01825,Liebstadt,50.86417,13.85694,ort
01829,Wehlen,51.05089,13.73832,leitregion
01833,Dürrröhrsdorf-Dittersbach,51.04901,14.07943,ort
01844,Neustadt in Sachsen,51.02844,14.21785,ort
01847,Lohmen,50.98831,14.00268,ort
01848,Hohnstein,50.97991,14.11408,ort
01855,Sebnitz,50.97540,14.27579,ort
01877,Bischofswerda,51.12771,14.17974,ort
01896,Lichtenberg,52.51395,13.49975,ort
01900,Großröhrsdorf,51.14528,14.01917,ort
01904,Neukirch/Lausitz,51.09727,14.30789,ort
01906,Burkau - Porchow,51.17579,14.17329,ort
01909,Frankenthal,49.53414,8.35357,ort
01917,Kamenz - Kamjenc,51.26798,14.09374,ort
01920,Crostwitz - Chrósćicy,51.23832,14.24338,ort
01936,Großnaundorf,51.20000,13.93333,ort
01945,Frauendorf,52.61421,13.30587,ort
01968,Schipkau,51.51766,13.89738,ort
01979,Lauchhammer,51.48813,13.76623,ort
01983,Großräschen,51.58760,14.01093,ort
01987,Schwarzheide,51.47671,13.85559,ort
01990,Großkmehlen,51.37901,13.72501,ort
01993,Schipkau,51.51766,13.89738,ort
01994,Schipkau,51.51766,13.89738,ort
01996,Senftenberg,51.52517,14.00164,ort
01998,Schipkau,51.51766,13.89738,ort
02625,Bautzen - Budyšin,51.18035,14.43494,ort
02627,Hochkirch - Bukecy,51.14898,14.57063,ort
02633,Doberschau-Gaußig - Dobruša-Huska,51.17800,14.31951,ort
02681,Schirgiswalde-Kirschau,51.09745,14.39290,ort
02689,Sohland an der Spree,51.04089,14.41897,ort
02692,Doberschau-Gaußig - Dobruša-Huska,51.13294,14.40488,ort
02694,Großdubrau - Wulka Dubrawa,51.25422,14.45897,ort
02699,Königswartha - Rakecy,51.31028,14.32797,ort
02708,Dürrhennersdorf,51.04863,14.60383,ort
02727,Ebersbach-Neugersdorf,51.14898,14.60383,leitregion
02730,Ebersbach-Neugersdorf,51.14898,14.60383,leitregion
02733,Cunewalde,51.10000,14.51667,ort
02736,Beiersdorf,51.07405,14.53828,ort
02739,Kottmar,51.14898,14.60383,leitregion
02742,Neusalza-Spremberg,51.03945,14.53560,ort
02747,Herrnhut,51.01624,14.74381,ort
02748,Bernstadt auf dem Eigen,51.04736,14.82784,ort
02763,Bertsdorf-Hörnitz,50.88593,14.73696,ort
02779,Großschönau,50.90000,14.68333,ort
02782,Seifhennersdorf,50.93492,14.60194,ort
02785,Olbersdorf,50.87304,14.77035,ort
02788,Zittau,50.89772,14.80764,ort
02791,Oderwitz,51.14898,14.60383,leitregion
02794,Leutersdorf,50.95000,14.65000,ort
02796,Jonsdorf,51.14898,14.60383,leitregion
02797,Oybin,51.14898,14.60383,leitregion
02799,Großschönau,50.90000,14.68333,ort
02826,Görlitz,51.15518,14.98853,ort
02827,Görlitz,51.15518,14.98853,ort
02828,Görlitz,51.15518,14.98853,ort
02829,Königshain,51.18333,14.86667,ort
02894,Reichenbach/Oberlausitz,48.36667,11.46667,ort
02899,Ostritz,51.01451,14.93059,ort
02906,Hohendubrau - Wysoka Dubrawa,51.31667,14.70000,ort
02923,Hähnichen,51.36540,14.86098,ort
02929,Rothenburg/Oberlausitz,51.14898,14.60383,leitregion
02943,Boxberg/O.L. - Hamor,51.14898,14.60383,leitregion
02953,Bad Muskau - Mužakow,51.55051,14.71240,ort
02956,Rietschen - Rěčicy,51.40000,14.78333,ort
02957,Krauschwitz - Krušwica,51.52153,14.71211,ort
02959,Groß Düben - Dźěwin,51.56667,14.56667,ort
02977,Hoyerswerda - Wojerecy,51.43787,14.23549,ort
02979,Elsterheide - Halštrowska Hola,51.14898,14.60383,leitregion
02991,Lauta,51.14898,14.60383,leitregion
02994,Bernsdorf,51.37350,14.06886,ort
02997,Wittichenau - Kulow,51.38496,14.24403,ort
02999,Lohsa - Łaz,51.38333,14.40000,ort
03042,Cottbus - Chóśebuz,51.75769,14.32888,ort
03044,Cottbus - Chóśebuz,51.75769,14.32888,ort
03046,Cottbus - Chóśebuz,51.75769,14.32888,ort
03048,Cottbus - Chóśebuz,51.75769,14.32888,ort
03050,Cottbus - Chóśebuz,51.75769,14.32888,ort
03051,Cottbus - Chóśebuz,51.75769,14.32888,ort
03052,Cottbus - Chóśebuz,51.75769,14.32888,ort
03053,Cottbus - Chóśebuz,51.75769,14.32888,ort
03054,Cottbus - Chóśebuz,51.75769,14.32888,ort
03055,Cottbus - Chóśebuz,51.75769,14.32888,ort
03058,Neuhausen/Spree,51.75769,14.32888,leitregion
03096,Briesen,52.34383,14.27804,ort
03099,Kolkwitz,51.75000,14.25000,ort
03103,Neupetershain,51.75769,14.32888,leitregion
03116,Drebkau,51.65412,14.22316,ort
03119,Welzow,51.58381,14.17082,ort
03130,Felixsee,51.58333,14.61667,ort
03149,Forst (Lausitz) - Baršć,51.73544,14.63971,ort
03159,Döbern,51.75769,14.32888,leitregion
03172,Guben,51.94987,14.71447,ort
03185,Drachhausen,51.85841,14.41138,ort
03197,Jänschwalde,51.86066,14.49813,ort
03205,Bronkow,51.74402,13.95329,ort
03222,Lübbenau/Spreewald,51.75769,14.32888,leitregion
03226,Vetschau/Spreewald,51.75769,14.32888,leitregion
03229,Altdöbern,51.65000,14.03333,ort
03238,Finsterwalde,51.63388,13.70662,ort
03246,Crinitz,51.73333,13.76667,ort
03249,Sonnewalde,51.69223,13.64730,ort
03253,Doberlug-Kirchhain,51.62578,13.56232,ort
04103,Leipzig,51.33962,12.37129,ort
04105,Leipzig,51.33962,12.37129,ort
04107,Leipzig,51.33962,12.37129,ort
04109,Leipzig,51.33962,12.37129,ort
04129,Leipzig,51.33962,12.37129,ort
04155,Leipzig,51.33962,12.37129,ort
04157,Leipzig,51.33962,12.37129,ort
04158,Leipzig,51.33962,12.37129,ort
04159,Leipzig,51.33962,12.37129,ort
04177,Leipzig,51.33962,12.37129,ort
04178,Leipzig,51.33962,12.37129,ort
04179,Leipzig,51.33962,12.37129,ort
04205,Leipzig,51.33962,12.37129,ort
04207,Leipzig,51.33962,12.37129,ort
04209,Leipzig,51.33962,12.37129,ort
04229,Leipzig,51.33962,12.37129,ort
04249,Leipzig,51.33962,12.37129,ort
04275,Leipzig,51.33962,12.37129,ort
04277,Leipzig,51.33962,12.37129,ort
04279,Leipzig,51.33962,12.37129,ort
04288,Leipzig,51.33962,12.37129,ort
04289,Leipzig,51.33962,12.37129,ort
04299,Leipzig,51.33962,12.37129,ort
04315,Leipzig,51.33962,12.37129,ort
04316,Leipzig,51.33962,12.37129,ort
04317,Leipzig,51.33962,12.37129,ort
04318,Leipzig,51.33962,12.37129,ort
04319,Leipzig,51.33962,12.37129,ort
04328,Leipzig,51.33962,12.37129,ort
04329,Leipzig,51.33962,12.37129,ort
04347,Leipzig,51.33962,12.37129,ort
04349,Leipzig,51.33962,12.37129,ort
04356,Leipzig,51.33962,12.37129,ort
04357,Leipzig,51.33962,12.37129,ort
04416,Markkleeberg,51.27550,12.36906,ort
04420,Markranstädt,51.30146,12.22020,ort
04425,Taucha,51.38333,12.48333,ort
04435,Schkeuditz,51.39678,12.22141,ort
04442,Zwenkau,51.21872,12.33008,ort
04451,Borsdorf,51.35000,12.53333,ort
04463,Großpösna,51.26667,12.50000,ort
04509,Delitzsch,51.52546,12.34284,ort
04519,Rackwitz,51.43333,12.38333,ort
04523,Elstertrebnitz,51.15000,12.23333,ort
04539,Groitzsch,51.15536,12.28279,ort
04552,Borna,51.12416,12.49639,ort
04564,Böhlen,51.20061,12.38622,ort
04565,Regis-Breitingen,51.08883,12.43841,ort
04567,Kitzscher,51.16444,12.55260,ort
04571,Rötha,51.19783,12.41447,ort
04575,Neukieritzsch,51.14995,12.41090,ort
04600,Altenburg,50.98763,12.43684,ort
04603,Göhren,50.97621,12.48605,ort
04610,Meuselwitz,51.04315,12.29935,ort
04613,Lucka,51.09727,12.33336,ort
04617,Fockendorf,48.64564,13.38956,ort
04618,Göpfersdorf,51.33962,12.41090,leitregion
04626,Dobitschen,50.89383,12.26366,ort
04639,Gößnitz,50.88902,12.43292,ort
04643,Geithain,51.05528,12.69674,ort
04651,Bad Lausick,51.14495,12.64449,ort
04654,Frohburg,51.05719,12.55746,ort
04668,Grimma,51.23367,12.71959,ort
04680,Colditz,51.12821,12.80295,ort
04683,Belgershain,51.23333,12.55000,ort
04687,Trebsen/Mulde,51.33962,12.41090,leitregion
04703,Leisnig,51.15743,12.92790,ort
04720,Döbeln,51.12210,13.11027,ort
04736,Waldheim,51.07282,13.02004,ort
04741,Roßwein,51.06589,13.18308,ort
04746,Hartha,51.09863,12.97391,ort
04749,Ostrau,51.20639,12.88421,ort
04758,Cavertitz,51.38333,13.13333,ort
04769,Mügeln,51.23619,13.04567,ort
04774,Dahlen,51.36495,12.99881,ort
04779,Wermsdorf,51.28333,12.95000,ort
04808,Lossatal,51.43333,12.68333,ort
04821,Brandis,51.33597,12.61024,ort
04824,Brandis,51.33597,12.61024,ort
04827,Machern,51.36667,12.63333,ort
04828,Bennewitz,51.36074,12.71376,ort
04838,Doberschütz,51.49870,12.74792,ort
04849,Bad Düben,51.59174,12.58492,ort
04860,Dreiheide,51.56016,12.99617,ort
04861,Torgau,51.56016,12.99617,ort
04862,Mockrehna,51.50757,12.81418,ort
04874,Belgern-Schildau,51.33962,12.41090,leitregion
04880,Dommitzsch,51.64071,12.87940,ort
04886,Arzberg,50.05774,12.18676,ort
04889,Belgern-Schildau,51.33962,12.41090,leitregion
04895,Bad Liebenwerda,51.51826,13.39459,ort
04910,Elsterwerda,51.46043,13.52001,ort
04916,Herzberg (Elster),51.68692,13.22016,ort
04924,Bad Liebenwerda,51.51826,13.39459,ort
04928,Plessa,51.46667,13.61667,ort
04931,Bad Liebenwerda,51.51826,13.39459,ort
04932,Gröden,51.40000,13.56667,ort
04934,Hohenleipisch,51.50000,13.55000,ort
04936,Fichtwald,51.72379,13.38304,ort
04938,Uebigau-Wahrenbrück,51.33962,12.41090,leitregion
06108,Halle (Saale),51.48158,11.97947,ort
06110,Halle (Saale),51.48158,11.97947,ort
06112,Halle (Saale),51.48158,11.97947,ort
06114,Halle (Saale),51.48158,11.97947,ort
06116,Halle (Saale),51.48158,11.97947,ort
06118,Halle (Saale),51.48158,11.97947,ort
06120,Halle (Saale),51.48158,11.97947,ort
06122,Halle (Saale),51.48158,11.97947,ort
06124,Halle (Saale),51.48158,11.97947,ort
06126,Halle (Saale),51.48158,11.97947,ort
06128,Halle (Saale),51.48158,11.97947,ort
06130,Halle (Saale),51.48158,11.97947,ort
06132,Halle (Saale),51.48158,11.97947,ort
06179,Teutschenthal,51.45000,11.80000,ort
06184,Kabelsketal,51.48158,11.97093,leitregion
06188,Landsberg,51.52698,12.16076,ort
06193,Petersberg,51.48158,11.97093,leitregion
06198,Salzatal,51.48158,11.97093,leitregion
06217,Merseburg,51.35478,11.98923,ort
06231,Bad Dürrenberg,51.29545,12.06583,ort
06237,Leuna,51.31783,12.01589,ort
06242,Braunsbedra,51.28602,11.88987,ort
06246,Goethestadt Bad Lauchstädt,51.48158,11.97093,leitregion
06249,Mücheln (Geiseltal),51.29688,11.80759,ort
06255,Mücheln (Geiseltal),51.29688,11.80759,ort
06258,Schkopau,51.39186,11.95224,ort
06259,Braunsbedra,51.28602,11.88987,ort
06268,Barnstädt,51.34401,11.63735,ort
06279,Farnstädt,51.43333,11.56667,ort
06295,Bornstedt,51.48158,11.97093,leitregion
06308,Benndorf,51.57035,11.49290,ort
06311,Helbra,51.55000,11.50000,ort
06313,Ahlsdorf,51.54543,11.46655,ort
06317,Seegebiet Mansfelder Land,51.48158,11.97093,leitregion
06333,Falkenstein/Harz,51.65030,11.51146,ort
06343,Mansfeld,51.59234,11.45223,ort
06347,Gerbstedt,51.63281,11.62669,ort
06366,Köthen (Anhalt),51.75185,11.97093,ort
06369,Köthen (Anhalt),51.75185,11.97093,ort
06385,Aken (Elbe),51.85274,12.04461,ort
06386,Aken (Elbe),51.85274,12.04461,ort
06388,Köthen (Anhalt),51.75185,11.97093,ort
06406,Bernburg,51.79464,11.74010,ort
06408,Ilberstedt,51.80000,11.66667,ort
06420,Könnern,51.67120,11.77068,ort
06425,Alsleben,51.70161,11.67648,ort
06429,Nienburg (Saale),51.83747,11.76979,ort
06449,Aschersleben,51.75742,11.46084,ort
06456,Arnstein,49.97767,9.96983,ort
06458,Hedersleben,51.85943,11.25000,ort
06463,Falkenstein/Harz,51.48158,11.97093,leitregion
06464,Seeland,51.48158,11.97093,leitregion
06466,Seeland,51.48158,11.97093,leitregion
06467,Seeland,51.48158,11.97093,leitregion
06469,Seeland,51.48158,11.97093,leitregion
06484,Ditfurt,51.83333,11.20000,ort
06485,Quedlinburg,51.78843,11.15006,ort
06493,Ballenstedt,51.71900,11.23265,ort
06502,Blankenburg,51.79025,10.95509,ort
06526,Sangerhausen,51.47221,11.29533,ort
06528,Blankenheim,50.43333,6.65000,ort
06536,Berga,50.75184,12.16445,ort
06537,Kelbra (Kyffhäuser),51.43528,11.04143,ort
06542,Allstedt,51.40379,11.38689,ort
06543,Falkenstein/Harz,51.48158,11.97093,leitregion
06556,Artern,51.36431,11.29167,ort
06567,Bad Frankenhausen/Kyffhäuser,51.48158,11.97093,leitregion
06571,Gehofen,51.48158,11.97093,leitregion
06577,An der Schmücke,51.48158,11.97093,leitregion
06578,Kindelbrück,51.26171,11.08999,ort
06618,Mertendorf,51.14987,11.80979,ort
06628,Lanitz-Hassel-Tal,51.14987,11.80979,ort
06632,Balgstädt,51.21362,11.76804,ort
06636,Laucha an der Unstrut,51.22422,11.67988,ort
06638,Karsdorf,51.27134,11.65775,ort
06642,Kaiserpfalz,51.28810,11.57749,ort
06647,An der Poststraße,51.20796,11.58517,ort
06648,Eckartsberga,51.12380,11.56045,ort
06667,Goseck,51.20000,11.86667,ort
06679,Hohenmölsen,51.15769,12.10000,ort
06682,Teuchern,51.12094,12.02410,ort
06686,Lützen,51.25671,12.14164,ort
06688,Weißenfels,51.20148,11.96843,ort
06711,Zeitz,51.04962,12.13690,ort
06712,Gutenborn,51.05000,12.06667,ort
06721,Meineweh,51.08014,11.93047,ort
06722,Droyßig,51.04247,12.02590,ort
06729,Elsteraue,51.48158,11.97093,leitregion
06749,Bitterfeld-Wolfen,51.62355,12.32395,ort
06766,Bitterfeld-Wolfen,51.62355,12.32395,ort
06772,Gräfenhainichen,51.72892,12.45651,ort
06773,Gräfenhainichen,51.72892,12.45651,ort
06774,Muldestausee,51.48158,11.97093,leitregion
06779,Raguhn-Jeßnitz,51.48158,11.97093,leitregion
06780,Zörbig,51.62894,12.11740,ort
06785,Oranienbaum-Wörlitz,51.48158,11.97093,leitregion
06792,Sandersdorf-Brehna,51.48158,11.97093,leitregion
06794,Sandersdorf-Brehna,51.48158,11.97093,leitregion
06796,Sandersdorf-Brehna,51.48158,11.97093,leitregion
06800,Raguhn-Jeßnitz,51.48158,11.97093,leitregion
06803,Bitterfeld-Wolfen,51.62355,12.32395,ort
06808,Bitterfeld-Wolfen,51.62355,12.32395,ort
06809,Sandersdorf-Brehna,51.48158,11.97093,leitregion
06842,Dessau-Roßlau,51.48158,11.97093,leitregion
06844,Dessau-Roßlau,51.48158,11.97093,leitregion
06846,Dessau-Roßlau,51.48158,11.97093,leitregion
06847,Dessau-Roßlau,51.48158,11.97093,leitregion
06849,Dessau-Roßlau,51.48158,11.97093,leitregion
06861,Dessau-Roßlau,51.48158,11.97093,leitregion
06862,Dessau-Roßlau,51.48158,11.97093,leitregion
06868,Coswig (Anhalt),51.13204,13.58312,ort
06869,Coswig (Anhalt),51.13204,13.58312,ort
06886,Wittenberg,51.86610,12.64973,ort
06888,Wittenberg,51.86610,12.64973,ort
06889,Wittenberg,51.86610,12.64973,ort
06895,Zahna-Elster,51.48158,11.97093,leitregion
06901,Kemberg,51.77189,12.63227,ort
06905,Bad Schmiedeberg,51.68516,12.73483,ort
06917,Jessen (Elster),51.79337,12.95762,ort
06925,Annaburg,51.73298,13.04729,ort
07318,Saalfeld/Saale,50.88029,11.82141,leitregion
07330,Probstzella,50.53333,11.38333,ort
07333,Unterwellenborn,50.65000,11.43333,ort
07338,Altenbeuthen,52.51732,13.58871,ort
07343,Wurzbach,50.46357,11.53779,ort
07349,Lehesten,50.98333,11.58333,ort
07356,Bad Lobenstein,50.45223,11.63930,ort
07366,Rosenthal am Rennsteig,52.59976,13.37774,ort
07368,Remptendorf,50.53333,11.65000,ort
07381,Bodelwitz,50.74067,11.58023,ort
07387,Krölpa,50.67743,11.53848,ort
07389,Gertewitz,50.66132,11.56912,ort
07407,Rudolstadt,50.72043,11.34046,ort
07422,Bad Blankenburg,50.68189,11.27369,ort
07426,Allendorf,51.02995,8.67232,ort
07427,Schwarzburg,50.88029,11.82141,leitregion
07429,Döschnitz,48.61667,11.56667,ort
07545,Gera,50.88029,12.08187,ort
07546,Gera,50.88029,12.08187,ort
07548,Gera,50.88029,12.08187,ort
07549,Gera,50.88029,12.08187,ort
07551,Gera,50.88029,12.08187,ort
07552,Gera,50.88029,12.08187,ort
07554,Bethenhausen,50.92359,12.15886,ort
07557,Crimla,50.88029,12.08187,ort
07570,Endschütz,50.77449,12.06028,ort
07580,Braunichswalde,50.90000,12.20000,ort
07586,Bad Köstritz,50.93032,12.01005,ort
07589,Bocka,50.82114,11.93226,ort
07607,Eisenberg,50.96860,11.90207,ort
07613,Crossen an der Elster,50.88635,12.79904,ort
07616,Bürgel,50.94217,11.75635,ort
07619,Mertendorf,51.04166,11.82141,ort
07629,Hermsdorf,52.61421,13.30587,ort
07639,Bad Klosterlausnitz,50.91667,11.86667,ort
07646,Albersdorf,54.15000,9.28333,ort
07743,Jena,50.92878,11.58990,ort
07745,Jena,50.92878,11.58990,ort
07747,Jena,50.92878,11.58990,ort
07749,Jena,50.92878,11.58990,ort
07751,Bucha,50.88333,11.51667,ort
07768,Altenberga,50.80651,11.58516,ort
07774,Dornburg-Camburg,51.01667,11.73333,ort
07778,Hainichen,50.97044,13.12287,ort
07806,Kospoda,50.73640,11.74619,ort
07819,Dreitzsch,50.73567,11.87015,ort
07907,Dittersdorf,50.57866,11.81024,ort
07919,Kirschkau,50.88029,11.82141,leitregion
07922,Tanna,50.49460,11.85725,ort
07924,Eßbach,51.82080,11.57484,ort
07926,Gefell,50.88029,11.82141,leitregion
07927,Hirschberg,50.88029,11.82141,leitregion
07929,Saalburg-Ebersdorf,50.88029,11.82141,leitregion
07937,Langenwolschendorf,50.88029,11.82141,leitregion
07950,Weißendorf,50.88029,11.82141,leitregion
07952,Pausa-Mühltroff,50.88029,11.82141,leitregion
07955,Auma-Weidatal,50.88029,11.82141,leitregion
07957,Langenwetzendorf,50.67884,12.09407,ort
07958,Hohenleuben,50.71128,12.05427,ort
07973,Greiz,50.65778,12.19918,ort
07980,Berga/Elster,50.88029,11.82141,leitregion
07985,Elsterberg,50.60841,12.16787,ort
07987,Mohlsdorf-Teichwolframsdorf,50.88029,11.82141,leitregion
08056,Zwickau,50.72724,12.48839,ort
08058,Zwickau,50.72724,12.48839,ort
08060,Zwickau,50.72724,12.48839,ort
08062,Zwickau,50.72724,12.48839,ort
08064,Zwickau,50.72724,12.48839,ort
08066,Zwickau,50.72724,12.48839,ort
08107,Hartmannsdorf bei Kirchberg,50.88635,12.79904,ort
08112,Wilkau-Haßlau,50.67504,12.51482,ort
08115,Lichtentanne,50.69255,12.42585,ort
08118,Hartenstein,50.66236,12.66966,ort
08132,Mülsen,50.75000,12.56667,ort
08134,Langenweißbach,50.66784,12.60886,ort
08141,Reinsdorf,50.69775,12.55555,ort
08144,Hirschfeld,51.38333,13.61667,ort
08147,Crinitzberg,50.59465,12.46463,leitregion
08209,Auerbach/Vogtland,50.59465,12.46463,leitregion
08223,Falkenstein/Vogtland,50.44995,12.36186,ort
08228,Rodewisch,50.53083,12.41329,ort
08233,Treuen,50.54247,12.30339,ort
08236,Ellefeld,50.48367,12.38880,ort
08237,Steinberg,54.76667,9.78333,ort
08239,Bergen,52.80837,9.96374,ort
08248,Klingenthal,50.35963,12.46463,ort
08258,Markneukirchen,50.31144,12.32951,ort
08261,Schöneck/Vogtl.,50.59465,12.46463,leitregion
08262,Muldenhammer,50.59465,12.46463,leitregion
08267,Klingenthal,50.35963,12.46463,ort
08280,Aue-Bad Schlema,50.59465,12.46463,leitregion
08289,Schneeberg,50.59465,12.64139,ort
08294,Lößnitz,50.62181,12.73147,ort
08297,Zwönitz,50.63027,12.80999,ort
08301,Aue-Bad Schlema,50.59465,12.46463,leitregion
08304,Schönheide,50.50458,12.52158,ort
08309,Eibenstock,50.49431,12.59978,ort
08315,Lauter-Bernsbach,50.59465,12.46463,leitregion
08321,Zschorlau,50.56667,12.65000,ort
08324,Bockau,50.54209,12.68639,ort
08328,Stützengrün,50.53333,12.53333,ort
08340,Schwarzenberg/Erzgebirge,50.59465,12.46463,leitregion
08344,Grünhain-Beierfeld,50.59465,12.46463,leitregion
08349,Johanngeorgenstadt,50.43254,12.71140,ort
08352,Raschau-Markersbach,50.59465,12.46463,leitregion
08359,Breitenbrunn/Erzgebirge,50.59465,12.46463,leitregion
08371,Glauchau,50.81987,12.54493,ort
08373,Remse,50.85000,12.56667,ort
08393,Dennheritz,50.81412,12.46519,ort
08396,Oberwiera,50.88913,12.54415,ort
08412,Werdau,50.73604,12.37534,ort
08427,Fraureuth,50.70000,12.35000,ort
08428,Langenbernsdorf,50.75583,12.32669,ort
08451,Crimmitschau,50.81644,12.39045,ort
08459,Neukirchen/Pleiße,50.59465,12.46463,leitregion
08468,Heinsdorfergrund,50.58333,12.25000,ort
08485,Lengenfeld,50.56940,12.36408,ort
08491,Limbach,50.58333,12.25000,ort
08496,Neumark,50.66010,12.35619,ort
08499,Reichenbach,51.14144,14.80270,ort
08523,Plauen,50.49730,12.13782,ort
08525,Plauen,50.49730,12.13782,ort
08527,Plauen,50.49730,12.13782,ort
08529,Plauen,50.49730,12.13782,ort
08538,Weischlitz,50.45000,12.06667,ort
08539,Pausa-Mühltroff,50.59465,12.46463,leitregion
08541,Neuensalz,50.50000,12.21667,ort
08543,Pöhl,50.39311,12.32908,ort
08547,Plauen,50.49730,12.13782,ort
08548,Rosenbach/Vogtland,50.59465,12.46463,leitregion
08606,Bösenbrunn,50.39703,12.09998,ort
08626,Adorf/Vogtland,50.35000,12.16667,ort
08645,Bad Elster,50.28192,12.23430,ort
08648,Bad Brambach,50.21667,12.31667,ort
09111,Chemnitz,50.83570,12.92922,ort
09112,Chemnitz,50.83570,12.92922,ort
09113,Chemnitz,50.83570,12.92922,ort
09114,Chemnitz,50.83570,12.92922,ort
09116,Chemnitz,50.83570,12.92922,ort
09117,Chemnitz,50.83570,12.92922,ort
09119,Chemnitz,50.83570,12.92922,ort
09120,Chemnitz,50.83570,12.92922,ort
09122,Chemnitz,50.83570,12.92922,ort
09123,Chemnitz,50.83570,12.92922,ort
09125,Chemnitz,50.83570,12.92922,ort
09126,Chemnitz,50.83570,12.92922,ort
09127,Chemnitz,50.83570,12.92922,ort
09128,Chemnitz,50.83570,12.92922,ort
09130,Chemnitz,50.83570,12.92922,ort
09131,Chemnitz,50.83570,12.92922,ort
09212,Limbach-Oberfrohna,50.85882,12.76165,ort
09217,Burgstädt,50.91333,12.80600,ort
09221,Neukirchen/Erzgebirge,50.83570,12.92922,leitregion
09224,Chemnitz,50.83570,12.92922,ort
09228,Chemnitz,50.83570,12.92922,ort
09232,Hartmannsdorf,50.88635,12.79904,ort
09235,Burkhardtsdorf,50.73333,12.91667,ort
09236,Claußnitz,50.93333,12.88333,ort
09241,Mühlau,50.90000,12.76667,ort
09243,Niederfrohna,50.90000,12.71667,ort
09244,Lichtenau,51.61707,8.89665,ort
09247,Chemnitz,50.83570,12.92922,ort
09249,Taura,50.91667,12.85000,ort
09306,Erlau,51.00938,12.94549,ort
09322,Penig,50.93336,12.70422,ort
09326,Geringswalde,51.07677,12.90725,ort
09328,Lunzenau,50.96269,12.75594,ort
09337,Bernsdorf,51.37350,14.06886,ort
09350,Lichtenstein/Sachsen,50.83570,12.92922,leitregion
09353,Oberlungwitz,50.78230,12.70789,ort
09355,Gersdorf,50.75000,12.71667,ort
09356,St. Egidien,50.83570,12.92922,leitregion
09366,Niederdorf,50.72623,12.78587,ort
09376,Oelsnitz/Erzgeb.,50.83570,12.92922,leitregion
09380,Thalheim/Erzgebirge,50.83570,12.92922,leitregion
09385,Lugau,50.73843,12.74861,ort
09387,Jahnsdorf/Erzgebirge,50.83570,12.92922,leitregion
09390,Gornsdorf,50.70000,12.88333,ort
09392,Auerbach,50.51155,12.40083,ort
09394,Hohndorf,50.74044,12.68058,ort
09399,Niederwürschnitz,50.83570,12.92922,leitregion
09405,Gornau,50.75901,13.03731,ort
09419,Thum,50.67081,12.95091,ort
09423,Gelenau/Erzgebirge,50.83570,12.92922,leitregion
09427,Ehrenfriedersdorf,50.64934,12.97009,ort
09429,Wolkenstein,50.65552,13.07132,ort
09430,Drebach,50.67583,13.01620,ort
09432,Großolbersdorf,50.70000,13.08333,ort
09434,Zschopau,50.74818,13.07691,ort
09437,Börnichen,50.75010,13.14075,ort
09439,Amtsberg,50.83570,12.92922,leitregion
09456,Annaberg-Buchholz,50.57953,13.00627,ort
09465,Sehmatal,50.83570,12.92922,leitregion
09468,Geyer,50.62632,12.92074,ort
09471,Bärenstein,50.49989,13.02681,ort
09474,Crottendorf,50.51667,12.95000,ort
09477,Jöhstadt,50.51229,13.09460,ort
09481,Elterlein,50.57663,12.86836,ort
09484,Oberwiesenthal,50.83570,12.92922,leitregion
09487,Schlettau,50.55882,12.95269,ort
09488,Thermalbad Wiesenbad,50.83570,12.92922,leitregion
09496,Marienberg,50.65051,13.16122,ort
09509,Pockau-Lengefeld,50.83570,12.92922,leitregion
09514,Pockau-Lengefeld,50.83570,12.92922,leitregion
09518,Großrückerswalde,50.63333,13.11667,ort
09526,Heidersdorf,50.65870,13.34250,ort
09544,Neuhausen/Erzgebirge,50.83570,12.92922,leitregion
09548,Deutschneudorf,50.83570,12.92922,leitregion
09557,Flöha,50.85613,13.07407,ort
09569,Oederan,50.86064,13.17164,ort
09573,Augustusburg,50.81192,13.10197,ort
09575,Eppendorf,50.80000,13.23333,ort
09577,Niederwiesa,50.86667,13.01667,ort
09579,Grünhainichen,50.76720,13.15366,ort
09599,Freiberg,50.91089,13.33881,ort
09600,Oberschöna,50.89759,13.25379,ort
09603,Großschirma,50.96602,13.28590,ort
09618,Brand-Erbisdorf,50.86643,13.32285,ort
09619,Dorfchemnitz,50.66363,12.83651,ort
09623,Frauenstein,50.80279,13.53790,ort
09627,Bobritzsch-Hilbersdorf,50.83570,12.92922,leitregion
09629,Reinsberg,51.00823,13.36542,ort
09633,Halsbrücke,50.95000,13.35000,ort
09634,Reinsberg,51.00823,13.36542,ort
09638,Lichtenberg/Erzgebirge,50.83570,12.92922,leitregion
09648,Altmittweida,50.96667,12.95000,ort
09661,Hainichen,50.97044,13.12287,ort
09669,Frankenberg/Sachsen,50.83570,12.92922,leitregion
10115,Berlin,52.52437,13.41053,ort
10117,Berlin,52.52437,13.41053,ort
10119,Berlin,52.52437,13.41053,ort
10178,Berlin,52.52437,13.41053,ort
10179,Berlin,52.52437,13.41053,ort
10243,Berlin,52.52437,13.41053,ort
10245,Berlin,52.52437,13.41053,ort
10247,Berlin,52.52437,13.41053,ort
10249,Berlin,52.52437,13.41053,ort
10315,Berlin,52.52437,13.41053,ort
10317,Berlin,52.52437,13.41053,ort
10318,Berlin,52.52437,13.41053,ort
10319,Berlin,52.52437,13.41053,ort
10365,Berlin,52.52437,13.41053,ort
10367,Berlin,52.52437,13.41053,ort
10369,Berlin,52.52437,13.41053,ort
10405,Berlin,52.52437,13.41053,ort
10407,Berlin,52.52437,13.41053,ort
10409,Berlin,52.52437,13.41053,ort
10435,Berlin,52.52437,13.41053,ort
10437,Berlin,52.52437,13.41053,ort
10439,Berlin,52.52437,13.41053,ort
10551,Berlin,52.52437,13.41053,ort
10553,Berlin,52.52437,13.41053,ort
10555,Berlin,52.52437,13.41053,ort
10557,Berlin,52.52437,13.41053,ort
10559,Berlin,52.52437,13.41053,ort
10585,Berlin,52.52437,13.41053,ort
10587,Berlin,52.52437,13.41053,ort
10589,Berlin,52.52437,13.41053,ort
10623,Berlin,52.52437,13.41053,ort
10625,Berlin,52.52437,13.41053,ort
10627,Berlin,52.52437,13.41053,ort
10629,Berlin,52.52437,13.41053,ort
10707,Berlin,52.52437,13.41053,ort
10709,Berlin,52.52437,13.41053,ort
10711,Berlin,52.52437,13.41053,ort
10713,Berlin,52.52437,13.41053,ort
10715,Berlin,52.52437,13.41053,ort
10717,Berlin,52.52437,13.41053,ort
10719,Berlin,52.52437,13.41053,ort
10777,Berlin,52.52437,13.41053,ort
10779,Berlin,52.52437,13.41053,ort
10781,Berlin,52.52437,13.41053,ort
10783,Berlin,52.52437,13.41053,ort
10785,Berlin,52.52437,13.41053,ort
10787,Berlin,52.52437,13.41053,ort
10789,Berlin,52.52437,13.41053,ort
10823,Berlin,52.52437,13.41053,ort
10825,Berlin,52.52437,13.41053,ort
10827,Berlin,52.52437,13.41053,ort
10829,Berlin,52.52437,13.41053,ort
10961,Berlin,52.52437,13.41053,ort
10963,Berlin,52.52437,13.41053,ort
10965,Berlin,52.52437,13.41053,ort
10967,Berlin,52.52437,13.41053,ort
10969,Berlin,52.52437,13.41053,ort
10997,Berlin,52.52437,13.41053,ort
10999,Berlin,52.52437,13.41053,ort
12043,Berlin,52.52437,13.41053,ort
12045,Berlin,52.52437,13.41053,ort
12047,Berlin,52.52437,13.41053,ort
12049,Berlin,52.52437,13.41053,ort
12051,Berlin,52.52437,13.41053,ort
12053,Berlin,52.52437,13.41053,ort
12055,Berlin,52.52437,13.41053,ort
12057,Berlin,52.52437,13.41053,ort
12059,Berlin,52.52437,13.41053,ort
12099,Berlin,52.52437,13.41053,ort
12101,Berlin,52.52437,13.41053,ort
12103,Berlin,52.52437,13.41053,ort
12105,Berlin,52.52437,13.41053,ort
12107,Berlin,52.52437,13.41053,ort
12109,Berlin,52.52437,13.41053,ort
12157,Berlin,52.52437,13.41053,ort
12159,Berlin,52.52437,13.41053,ort
12161,Berlin,52.52437,13.41053,ort
12163,Berlin,52.52437,13.41053,ort
12165,Berlin,52.52437,13.41053,ort
12167,Berlin,52.52437,13.41053,ort
12169,Berlin,52.52437,13.41053,ort
12203,Berlin,52.52437,13.41053,ort
12205,Berlin,52.52437,13.41053,ort
12207,Berlin,52.52437,13.41053,ort
12209,Berlin,52.52437,13.41053,ort
12247,Berlin,52.52437,13.41053,ort
12249,Berlin,52.52437,13.41053,ort
12277,Berlin,52.52437,13.41053,ort
12279,Berlin,52.52437,13.41053,ort
12305,Berlin,52.52437,13.41053,ort
12307,Berlin,52.52437,13.41053,ort
12309,Berlin,52.52437,13.41053,ort
12347,Berlin,52.52437,13.41053,ort
12349,Berlin,52.52437,13.41053,ort
12351,Berlin,52.52437,13.41053,ort
12353,Berlin,52.52437,13.41053,ort
12355,Berlin,52.52437,13.41053,ort
12357,Berlin,52.52437,13.41053,ort
12359,Berlin,52.52437,13.41053,ort
12435,Berlin,52.52437,13.41053,ort
12437,Berlin,52.52437,13.41053,ort
12439,Berlin,52.52437,13.41053,ort
12459,Berlin,52.52437,13.41053,ort
12487,Berlin,52.52437,13.41053,ort
12489,Berlin,52.52437,13.41053,ort
12524,Berlin,52.52437,13.41053,ort
12526,Berlin,52.52437,13.41053,ort
12527,Berlin,52.52437,13.41053,ort
12529,Schönefeld,52.38897,13.50374,ort
12555,Berlin,52.52437,13.41053,ort
12557,Berlin,52.52437,13.41053,ort
12559,Berlin,52.52437,13.41053,ort
12587,Berlin,52.52437,13.41053,ort
12589,Berlin,52.52437,13.41053,ort
12619,Berlin,52.52437,13.41053,ort
12621,Berlin,52.52437,13.41053,ort
12623,Berlin,52.52437,13.41053,ort
12627,Berlin,52.52437,13.41053,ort
12629,Berlin,52.52437,13.41053,ort
12679,Berlin,52.52437,13.41053,ort
12681,Berlin,52.52437,13.41053,ort
12683,Berlin,52.52437,13.41053,ort
12685,Berlin,52.52437,13.41053,ort
12687,Berlin,52.52437,13.41053,ort
12689,Berlin,52.52437,13.41053,ort
13051,Berlin,52.52437,13.41053,ort
13053,Berlin,52.52437,13.41053,ort
13055,Berlin,52.52437,13.41053,ort
13057,Berlin,52.52437,13.41053,ort
13059,Berlin,52.52437,13.41053,ort
13086,Berlin,52.52437,13.41053,ort
13088,Berlin,52.52437,13.41053,ort
13089,Berlin,52.52437,13.41053,ort
13125,Berlin,52.52437,13.41053,ort
13127,Berlin,52.52437,13.41053,ort
13129,Berlin,52.52437,13.41053,ort
13156,Berlin,52.52437,13.41053,ort
13158,Berlin,52.52437,13.41053,ort
13159,Berlin,52.52437,13.41053,ort
13187,Berlin,52.52437,13.41053,ort
13189,Berlin,52.52437,13.41053,ort
13347,Berlin,52.52437,13.41053,ort
13349,Berlin,52.52437,13.41053,ort
13351,Berlin,52.52437,13.41053,ort
13353,Berlin,52.52437,13.41053,ort
13355,Berlin,52.52437,13.41053,ort
13357,Berlin,52.52437,13.41053,ort
13359,Berlin,52.52437,13.41053,ort
13403,Berlin,52.52437,13.41053,ort
13405,Berlin,52.52437,13.41053,ort
13407,Berlin,52.52437,13.41053,ort
13409,Berlin,52.52437,13.41053,ort
13435,Berlin,52.52437,13.41053,ort
13437,Berlin,52.52437,13.41053,ort
13439,Berlin,52.52437,13.41053,ort
13465,Berlin,52.52437,13.41053,ort
13467,Berlin,52.52437,13.41053,ort
13469,Berlin,52.52437,13.41053,ort
13503,Berlin,52.52437,13.41053,ort
13505,Berlin,52.52437,13.41053,ort
13507,Berlin,52.52437,13.41053,ort
13509,Berlin,52.52437,13.41053,ort
13581,Berlin,52.52437,13.41053,ort
13583,Berlin,52.52437,13.41053,ort
13585,Berlin,52.52437,13.41053,ort
13587,Berlin,52.52437,13.41053,ort
13589,Berlin,52.52437,13.41053,ort
13591,Berlin,52.52437,13.41053,ort
13593,Berlin,52.52437,13.41053,ort
13595,Berlin,52.52437,13.41053,ort
13597,Berlin,52.52437,13.41053,ort
13599,Berlin,52.52437,13.41053,ort
13627,Berlin,52.52437,13.41053,ort
13629,Berlin,52.52437,13.41053,ort
14050,Berlin,52.52437,13.41053,ort
14052,Berlin,52.52437,13.41053,ort
14053,Berlin,52.52437,13.41053,ort
14055,Berlin,52.52437,13.41053,ort
14057,Berlin,52.52437,13.41053,ort
14059,Berlin,52.52437,13.41053,ort
14089,Berlin,52.52437,13.41053,ort
14109,Berlin,52.52437,13.41053,ort
14129,Berlin,52.52437,13.41053,ort
14163,Berlin,52.52437,13.41053,ort
14165,Berlin,52.52437,13.41053,ort
14167,Berlin,52.52437,13.41053,ort
14169,Berlin,52.52437,13.41053,ort
14193,Berlin,52.52437,13.41053,ort
14195,Berlin,52.52437,13.41053,ort
14197,Berlin,52.52437,13.41053,ort
14199,Berlin,52.52437,13.41053,ort
14467,Potsdam,52.39886,13.06566,ort
14469,Potsdam,52.39886,13.06566,ort
14471,Potsdam,52.39886,13.06566,ort
14473,Potsdam,52.39886,13.06566,ort
14476,Potsdam,52.39886,13.06566,ort
14478,Potsdam,52.39886,13.06566,ort
14480,Potsdam,52.39886,13.06566,ort
14482,Potsdam,52.39886,13.06566,ort
14513,Teltow,52.40310,13.26014,ort
14532,Kleinmachnow,52.40786,13.22514,ort
14542,Werder (Havel),52.37874,12.93400,ort
14547,Beelitz,52.23812,12.97140,ort
14548,Schwielowsee,52.41667,13.06566,leitregion
14550,Groß Kreutz (Havel),52.40281,12.77940,ort
14552,Michendorf,52.31352,13.02996,ort
14554,Seddiner See,52.41667,13.06566,leitregion
14558,Nuthetal,52.41667,13.06566,leitregion
14612,Falkensee,52.56014,13.09270,ort
14621,Schönwalde-Glien,52.41667,13.06566,leitregion
14624,Dallgow-Döberitz,52.54269,13.05837,ort
14641,Nauen,52.60701,12.87374,ort
14656,Brieselang,52.58333,13.00000,ort
14662,Friesack,52.73764,12.57969,ort
14669,Ketzin/Havel,52.41667,13.06566,leitregion
14712,Rathenow,52.60659,12.33696,ort
14715,Havelaue,52.60000,12.50000,ort
14727,Premnitz,52.53184,12.34845,ort
14728,Gollenberg,52.75094,12.34194,ort
14770,Brandenburg an der Havel,52.41667,12.55000,ort
14772,Brandenburg an der Havel,52.41667,12.55000,ort
14774,Brandenburg an der Havel,52.41667,12.55000,ort
14776,Brandenburg an der Havel,52.41667,12.55000,ort
14778,Beetzsee,52.27617,12.60052,ort
14789,Bensdorf,52.41667,12.33333,ort
14793,Buckautal,52.26616,12.28997,ort
14797,Kloster Lehnin,52.32039,12.74320,ort
14798,Havelsee,52.41667,13.06566,leitregion
14806,Bad Belzig,52.14184,12.59272,ort
14822,Borkheide,52.21667,12.85000,ort
14823,Mühlenfließ,52.07388,12.68947,ort
14827,Wiesenburg/Mark,52.41667,13.06566,leitregion
14828,Görzke,52.17179,12.37506,ort
14913,Jüterbog,51.99607,13.07979,ort
14929,Treuenbrietzen,52.09754,12.87258,ort
14943,Luckenwalde,52.09029,13.16772,ort
14947,Nuthe-Urstromtal,52.41667,13.06566,leitregion
14959,Trebbin,52.21675,13.22496,ort
14974,Ludwigsfelde,52.30322,13.25405,ort
14979,Großbeeren,52.35862,13.30994,ort
15230,Frankfurt (Oder),52.34714,14.55062,ort
15232,Frankfurt (Oder),52.34714,14.55062,ort
15234,Frankfurt (Oder),52.34714,14.55062,ort
15236,Frankfurt (Oder),52.34714,14.55062,ort
15295,Brieskow-Finkenheerd,52.25387,14.57285,ort
15299,Grunow-Dammendorf,52.20000,14.40000,ort
15306,Falkenhagen (Mark),52.53392,14.38128,ort
15320,Neuhardenberg,52.59601,14.23768,ort
15324,Letschin,52.64379,14.36007,ort
15326,Lebus,52.42719,14.53235,ort
15328,Alt Tucheband,52.53732,14.51225,ort
15344,Strausberg,52.57859,13.88741,ort
15345,Altlandsberg,52.56503,13.72815,ort
15366,Hoppegarten,52.52985,13.68914,ort
15370,Fredersdorf-Vogelsdorf,52.30141,13.88741,leitregion
15374,Müncheberg,52.50704,14.13716,ort
15377,Buckow,52.43200,13.46018,ort
15378,Rüdersdorf bei Berlin,52.30141,13.88741,leitregion
15517,Fürstenwalde/Spree,52.30141,13.88741,leitregion
15518,Berkenbrück,52.35000,14.15000,ort
15526,Bad Saarow,52.28333,14.06667,ort
15528,Spreenhagen,52.34325,13.87663,ort
15537,Erkner,52.42000,13.75437,ort
15562,Rüdersdorf bei Berlin,52.30141,13.88741,leitregion
15566,Schöneiche bei Berlin,52.47286,13.69226,ort
15569,Woltersdorf,52.45554,13.74986,ort
15711,Königs Wusterhausen,52.30141,13.63300,ort
15712,Königs Wusterhausen,52.30141,13.63300,ort
15713,Königs Wusterhausen,52.30141,13.63300,ort
15732,Eichwalde,52.36667,13.61667,ort
15738,Zeuthen,52.34803,13.62174,ort
15741,Bestensee,52.23978,13.63732,ort
15745,Wildau,52.30141,13.88741,leitregion
15746,Groß Köris,52.16587,13.65935,ort
15748,Märkisch Buchholz,52.30141,13.88741,leitregion
15749,Mittenwalde,52.26007,13.53945,ort
15754,Heidesee,52.30141,13.88741,leitregion
15755,Schwerin,53.62937,11.41316,ort
15757,Halbe,52.11667,13.70000,ort
15806,Zossen,52.21600,13.44909,ort
15827,Blankenfelde-Mahlow,52.30141,13.88741,leitregion
15831,Blankenfelde-Mahlow,52.30141,13.88741,leitregion
15834,Rangsdorf,52.29126,13.41946,ort
15837,Baruth/Mark,52.30141,13.88741,leitregion
15838,Am Mellensee,52.30141,13.88741,leitregion
15848,Beeskow,52.17291,14.24597,ort
15859,Storkow (Mark),52.25662,13.93337,ort
15864,Diensdorf-Radlow,52.21613,14.00845,ort
15868,Jamlitz,51.98491,14.29987,ort
15890,Eisenhüttenstadt,52.15000,14.65000,ort
15898,Lawitz,52.09016,14.64804,ort
15907,Lübben (Spreewald),51.93814,13.88826,ort
15910,Bersteland,50.19970,12.08503,ort
15913,Alt Zauche-Wußwerk,51.92757,14.08812,ort
15926,Heideblick,51.85245,13.70735,ort
15936,Dahme/Mark,52.30141,13.88741,leitregion
15938,Drahnsdorf,51.97204,13.60115,ort
16225,Eberswalde,52.83492,13.81951,ort
16227,Eberswalde,52.83492,13.81951,ort
16230,Breydin,52.44293,13.43388,ort
16244,Schorfheide,52.83850,13.27775,leitregion
16247,Althüttendorf,52.97945,13.74493,ort
16248,Hohenfinow,52.86571,14.04508,ort
16259,Bad Freienwalde (Oder),52.78730,14.03040,ort
16269,Bliesdorf,52.69298,14.15949,ort
16278,Angermünde,53.01499,13.99924,ort
16303,Schwedt/Oder,53.05963,14.28154,ort
16306,Berkholz-Meyenburg,53.21117,14.20824,ort
16307,Gartz (Oder),53.20829,14.39226,ort
16321,Bernau,47.80018,8.03830,ort
16341,Panketal,52.83850,13.27775,leitregion
16348,Marienwerder,52.84208,13.59927,ort
16356,Ahrensfelde,52.63275,13.73437,ort
16359,Biesenthal,52.76616,13.64416,ort
16515,Mühlenbecker Land,52.75577,13.24197,ort
16540,Hohen Neuendorf,52.67631,13.27775,ort
16547,Birkenwerder,52.69106,13.27833,ort
16548,Glienicke/Nordbahn,52.83850,13.27775,leitregion
16552,Mühlenbecker Land,52.83850,13.27775,leitregion
16556,Hohen Neuendorf,52.67631,13.27775,ort
16559,Liebenwalde,52.87125,13.39465,ort
16562,Hohen Neuendorf,52.67631,13.27775,ort
16567,Mühlenbecker Land,52.83850,13.27775,leitregion
16727,Oberkrämer,52.69149,13.17533,ort
16761,Hennigsdorf,52.63598,13.20419,ort
16766,Kremmen,52.76216,13.02515,ort
16767,Leegebruch,52.72340,13.19304,ort
16775,Gransee,53.00704,13.15750,ort
16792,Zehdenick,52.97852,13.33165,ort
16798,Fürstenberg/Havel,52.83850,13.27775,leitregion
16816,Neuruppin,52.92815,12.80311,ort
16818,Dabergotz,52.81350,12.76440,ort
16827,Neuruppin,52.92815,12.80311,ort
16831,Rheinsberg,53.09972,12.89885,ort
16833,Fehrbellin,52.81350,12.76440,ort
16835,Herzberg (Mark),51.68692,13.22016,ort
16837,Rheinsberg,53.09972,12.89885,ort
16845,Breddin,52.88560,12.22366,ort
16866,Gumtow,52.98333,12.25000,ort
16868,Wusterhausen/Dosse,52.83850,13.27775,leitregion
16909,Heiligengrabe,53.14461,12.36254,ort
16928,Gerdshagen,53.11952,12.04975,ort
16945,Halenbeck-Rohlsdorf,53.04524,14.23691,ort
16949,Putlitz,53.24899,12.04179,ort
17033,Neubrandenburg,53.56414,13.27532,ort
17034,Neubrandenburg,53.56414,13.27532,ort
17036,Neubrandenburg,53.56414,13.27532,ort
17039,Beseritz,49.23632,12.19156,ort
17087,Altentreptow,53.69416,13.26504,ort
17089,Bartow,53.77372,13.27318,ort
17091,Altenhagen,53.61702,10.68742,ort
17094,Burg Stargard,53.49582,13.31122,ort
17098,Friedland,51.41917,9.91762,ort
17099,Datzetal,53.66548,13.27186,leitregion
17109,Demmin,53.90762,13.03142,ort
17111,Beggerow,53.80968,12.96718,ort
17121,Görmin,53.99092,13.27054,ort
17126,Jarmen,53.92385,13.34032,ort
17129,Alt Tellin,53.94608,13.27320,ort
17139,Basedow,53.69756,12.74521,ort
17153,Bredenfelde,53.45000,10.50000,ort
17154,Neukalen,53.82275,12.79015,ort
17159,Dargun,53.90090,12.85014,ort
17166,Alt Sührkow,53.75135,12.49249,ort
17168,Groß Wüstenfelde,53.87823,12.61619,ort
17179,Altkalen,53.96870,12.71099,ort
17192,Groß Plasten,53.47758,12.62131,ort
17194,Grabowhöfe,53.56865,12.59482,ort
17207,Bollewick,53.66548,13.27186,leitregion
17209,Altenhof,53.00884,9.56287,ort
17213,Fünfseen,53.47477,12.42210,ort
17214,Alt Schwerin,53.66548,13.27186,leitregion
17217,Kuckssee,53.50400,13.08407,ort
17219,Ankershagen,53.52388,12.92868,ort
17235,Neustrelitz,53.36130,13.07292,ort
17237,Blankensee,53.40390,13.26836,ort
17248,Lärz,53.33549,12.72543,ort
17252,Mirow,53.50510,11.50294,ort
17255,Priepert,53.28030,12.96936,ort
17258,Feldberger Seenlandschaft,53.66548,13.27186,leitregion
17268,Boitzenburger Land,53.16988,13.74853,ort
17279,Lychen,53.21242,13.31483,ort
17291,Carmzow-Wallmow,53.21246,14.00748,ort
17309,Brietzig,53.57951,13.93955,ort
17321,Bergholz,53.28694,11.78108,ort
17322,Blankensee,53.40390,13.26836,ort
17326,Brüssow,53.39971,14.12533,ort
17328,Krackow,53.29695,14.23616,ort
17329,Krackow,53.66548,13.27186,leitregion
17335,Strasburg (Uckermark),53.51030,13.74513,ort
17337,Groß Luckow,52.58076,12.03923,ort
17348,Woldegk,53.46058,13.58356,ort
17349,Groß Miltzow,53.53565,13.59354,ort
17358,Hammer a.d. Uecker,53.63415,14.01346,ort
17367,Eggesin,53.67973,14.07992,ort
17373,Ueckermünde,53.73795,14.04473,ort
17375,Ahlbeck,53.66972,14.18622,ort
17379,Altwigshagen,53.66124,13.88724,ort
17389,Anklam,53.85637,13.68965,ort
17390,Groß Polzin,53.66548,13.27186,leitregion
17391,Iven,54.13333,10.21667,ort
17392,Blesewitz,52.24472,7.37183,ort
17398,Bargischow,53.76436,13.78216,ort
17406,Rankwitz,54.13333,10.21667,ort
17419,Dargen,54.31843,13.35125,ort
17424,Heringsdorf,54.30100,11.00658,ort
17429,Benz,54.30100,11.00658,ort
17438,Wolgast,54.05275,13.77201,ort
17440,Buggenhagen,54.11662,13.75067,ort
17449,Karlshagen,54.11107,13.83193,ort
17454,Zinnowitz,53.66548,13.27186,leitregion
17459,Koserow,54.05189,14.00197,ort
17489,Greifswald,54.09311,13.38786,ort
17491,Greifswald,54.09311,13.38786,ort
17493,Greifswald,54.09311,13.38786,ort
17495,Groß Kiesow,54.01261,13.47851,ort
17498,Behrenhoff,54.04583,13.29243,ort
17506,Bandelin,53.72432,13.10664,ort
17509,Brünzow,54.07723,13.53528,ort
18055,Rostock,54.08870,12.14049,ort
18057,Rostock,54.08870,12.14049,ort
18059,Papendorf,54.03523,12.13263,ort
18069,Lambrechtshagen,54.10208,12.01645,ort
18106,Rostock,54.08870,12.14049,ort
18107,Elmenhorst/Lichtenhagen,54.08870,12.14049,ort
18109,Rostock,54.08870,12.14049,ort
18119,Rostock,54.08870,12.14049,ort
18146,Rostock,54.08870,12.14049,ort
18147,Rostock,54.08870,12.14049,ort
18181,Graal-Müritz,54.08870,12.14049,ort
18182,Bentwisch,54.11503,12.20465,ort
18184,Broderstorf,54.08114,12.26350,ort
18190,Sanitz,54.09213,12.26692,leitregion
18195,Cammin,54.02764,12.46519,ort
18196,Dummerstorf,54.01484,12.22821,ort
18198,Kritzmow,54.05237,12.05311,ort
18209,Bad Doberan,54.10712,11.90051,ort
18211,Admannshagen-Bargeshagen,54.13038,11.99915,ort
18225,Kühlungsborn,54.09213,12.26692,leitregion
18230,Bastorf,54.12566,11.69695,ort
18233,Alt Bukow,54.03177,11.67391,ort
18236,Carinerland,54.06963,11.79473,ort
18239,Satow,54.09213,12.26692,leitregion
18246,Baumgarten,53.90403,11.88669,ort
18249,Baumgarten,53.90403,11.88669,ort
18258,Benitz,53.94047,12.10715,ort
18273,Güstrow,53.79720,12.17337,ort
18276,Glasewitz,50.98831,14.00268,ort
18279,Lalendorf,53.75774,12.38983,ort
18292,Dobbin-Linstow,53.65163,12.27034,ort
18299,Dolgen am See,53.92560,12.34694,ort
18311,Ribnitz-Damgarten,54.24220,12.45666,ort
18314,Divitz-Spoldershagen,51.59238,12.46347,ort
18317,Saal,48.90099,11.93196,ort
18320,Ahrenshagen-Daskow,54.25048,12.62312,ort
18334,Bad Sülze,54.11084,12.66054,ort
18337,Marlow,54.15439,12.57261,ort
18347,Ahrenshoop,52.92370,11.12846,ort
18356,Barth,54.36346,12.72491,ort
18374,Zingst,54.43572,12.68880,ort
18375,Born a. Darß,54.38536,12.53051,ort
18435,Stralsund,54.30911,13.08180,ort
18437,Stralsund,54.30911,13.08180,ort
18439,Stralsund,54.30911,13.08180,ort
18442,Groß Kordshagen,54.31447,12.92447,ort
18445,Altenpleen,54.35456,12.95640,ort
18461,Franzburg,54.18501,12.88210,ort
18465,Drechow,54.09556,12.75683,ort
18469,Karnin,54.27204,12.81075,ort
18507,Grimmen,54.11215,13.04051,ort
18510,Elmenhorst,54.15583,12.01084,ort
18513,Deyelsdorf,54.09213,12.26692,leitregion
18516,Süderholz,54.09213,12.26692,leitregion
18519,Sundhagen,54.09213,12.26692,leitregion
18528,Bergen auf Rügen,54.41823,13.43349,ort
18546,Sassnitz,54.51570,13.64451,ort
18551,Glowe,54.56911,13.46550,ort
18556,Altenkirchen,50.68594,7.64176,ort
18565,Insel Hiddensee,54.09213,12.26692,leitregion
18569,Gingst,54.45654,13.25737,ort
18573,Altefähr,54.32994,13.12643,ort
18574,Garz/Rügen,54.29811,13.27492,ort
18581,Putbus,54.35511,13.47634,ort
18586,Baabe,53.88495,11.60790,ort
18609,Binz,54.09213,12.26692,leitregion
19053,Schwerin,53.62937,11.41316,ort
19055,Schwerin,53.62937,11.41316,ort
19057,Schwerin,53.62937,11.41316,ort
19059,Schwerin,53.62937,11.41316,ort
19061,Schwerin,53.62937,11.41316,ort
19063,Schwerin,53.62937,11.41316,ort
19065,Gneven,53.60164,11.54577,ort
19067,Cambs,53.66265,11.49874,ort
19069,Alt Meteln,53.74709,11.34056,ort
19071,Brüsewitz,53.67588,11.24379,ort
19073,Dümmer,53.57629,11.20497,ort
19075,Holthusen,53.75513,12.60815,ort
19077,Lübesse,53.45709,11.43145,ort
19079,Banzkow,53.52497,11.52306,ort
19086,Plate,53.55145,11.50927,ort
19089,Barnin,53.57316,11.65194,ort
19205,Dragun,53.70137,11.11676,ort
19209,Gottesgabe,53.65345,11.17582,ort
19217,Carlow,53.75861,10.93789,ort
19230,Alt Zachun,53.43134,11.19159,ort
19243,Wittenburg,53.50599,11.08049,ort
19246,Kogel,53.55075,10.91550,ort
19249,Lübtheen,53.30118,11.08368,ort
19258,Bengerstorf,52.09364,7.59396,ort
19260,Dersenow,53.51548,11.48663,leitregion
19273,Amt Neuhaus,53.28972,10.73372,ort
19288,Alt Krenzlin,53.34646,11.54919,ort
19294,Bresegard bei Eldena,53.23191,11.41804,ort
19300,Balow,53.27966,11.56502,ort
19303,Dömitz,53.14080,11.25017,ort
19306,Blievenstorf,53.37846,11.59264,ort
19309,Lanz,53.09176,11.47453,ort
19322,Breese,53.00000,11.80000,ort
19336,Bad Wilsnack,52.95607,11.94903,ort
19339,Plattenburg,52.95919,12.02951,ort
19348,Berge,52.62326,7.74550,ort
19357,Brunow,53.16215,11.74242,ort
19370,Parchim,53.42631,11.84875,ort
19372,Brunow,53.40749,11.71864,ort
19374,Domsühl,53.48723,11.77099,ort
19376,Ruhner Berge,53.38742,11.93802,ort
19386,Gallin-Kuppentin,53.46261,12.02917,ort
19395,Barkhagen,53.45821,12.26246,ort
19399,Dobbertin,53.62306,12.07466,ort
19406,Borkow,53.66112,11.90025,ort
19412,Blankenberg,53.73719,11.71471,ort
19417,Bibow,53.80026,11.70504,ort
20095,Hamburg,53.55073,9.99302,ort
20097,Hamburg,53.55073,9.99302,ort
20099,Hamburg,53.55073,9.99302,ort
20144,Hamburg,53.55073,9.99302,ort
20146,Hamburg,53.55073,9.99302,ort
20148,Hamburg,53.55073,9.99302,ort
20149,Hamburg,53.55073,9.99302,ort
20249,Hamburg,53.55073,9.99302,ort
20251,Hamburg,53.55073,9.99302,ort
20253,Hamburg,53.55073,9.99302,ort
20255,Hamburg,53.55073,9.99302,ort
20257,Hamburg,53.55073,9.99302,ort
20259,Hamburg,53.55073,9.99302,ort
20354,Hamburg,53.55073,9.99302,ort
20355,Hamburg,53.55073,9.99302,ort
20357,Hamburg,53.55073,9.99302,ort
20359,Hamburg,53.55073,9.99302,ort
20457,Hamburg,53.55073,9.99302,ort
20459,Hamburg,53.55073,9.99302,ort
20535,Hamburg,53.55073,9.99302,ort
20537,Hamburg,53.55073,9.99302,ort
20539,Hamburg,53.55073,9.99302,ort
21029,Hamburg,53.55073,9.99302,ort
21031,Hamburg,53.55073,9.99302,ort
21033,Hamburg,53.55073,9.99302,ort
21035,Hamburg,53.55073,9.99302,ort
21037,Hamburg,53.55073,9.99302,ort
21039,Börnsen,53.47620,10.28160,ort
21073,Hamburg,53.55073,9.99302,ort
21075,Hamburg,53.55073,9.99302,ort
21077,Hamburg,53.55073,9.99302,ort
21079,Hamburg,53.55073,9.99302,ort
21107,Hamburg,53.55073,9.99302,ort
21109,Hamburg,53.55073,9.99302,ort
21129,Hamburg,53.55073,9.99302,ort
21147,Hamburg,53.55073,9.99302,ort
21149,Hamburg,53.55073,9.99302,ort
21217,Seevetal,53.40000,9.96667,ort
21218,Seevetal,53.40000,9.96667,ort
21220,Seevetal,53.40000,9.96667,ort
21224,Rosengarten,53.40000,9.99302,leitregion
21227,Bendestorf,53.33583,9.96154,ort
21228,Harmstorf,53.40000,9.99302,leitregion
21244,Buchholz in der Nordheide,53.32641,9.86812,ort
21255,Dohren,52.65000,7.58333,ort
21256,Handeloh,53.24563,9.83923,ort
21258,Heidenau,50.97221,13.86741,ort
21259,Otter,53.24015,9.74247,ort
21261,Welle,53.23985,9.80178,ort
21266,Jesteburg,53.30966,9.95262,ort
21271,Asendorf,52.77219,9.00489,ort
21272,Egestorf,52.28568,9.51676,ort
21274,Undeloh,53.40000,9.99302,leitregion
21279,Appel,53.39060,9.74565,ort
21335,Lüneburg,53.25090,10.41409,ort
21337,Lüneburg,53.25090,10.41409,ort
21339,Lüneburg,53.25090,10.41409,ort
21354,Bleckede,53.28972,10.73372,ort
21357,Bardowick,53.29354,10.38811,ort
21358,Mechtersen,53.40000,9.99302,leitregion
21360,Vögelsen,53.27447,10.35372,ort
21365,Adendorf,53.28189,10.43787,ort
21368,Boitze,52.45810,13.28702,ort
21369,Nahrendorf,53.17389,10.81381,ort
21371,Tosterglope,53.40000,9.99302,leitregion
21376,Eyendorf,53.20000,10.15000,ort
21379,Echem,53.33333,10.53333,ort
21380,Artlenburg,53.37182,10.48793,ort
21382,Brietlingen,53.33333,10.45000,ort
21385,Amelinghausen,53.12397,10.21274,ort
21386,Betzendorf,53.13750,10.31273,ort
21388,Soderstorf,53.14275,10.14807,ort
21391,Lüneburg,53.25090,10.41409,ort
21394,Kirchgellersen,53.23333,10.30000,ort
21395,Tespe,53.39640,10.41084,ort
21397,Barendorf,53.22896,10.52158,ort
21398,Neetze,53.40000,9.99302,leitregion
21400,Reinstorf,53.23445,10.57323,ort
21401,Thomasburg,53.23333,10.66667,ort
21403,Wendisch Evern,53.21667,10.46667,ort
21406,Barnstedt,53.18333,10.40000,ort
21407,Deutsch Evern,53.20000,10.43333,ort
21409,Embsen,53.17606,10.34625,ort
21423,Drage,53.41667,10.26667,ort
21435,Stelle,53.38416,10.11138,ort
21436,Marschacht,53.41520,10.37524,ort
21438,Brackel,53.29974,10.04860,ort
21439,Marxen,53.31211,10.00415,ort
21441,Garstedt,53.28467,10.16137,ort
21442,Toppenstedt,53.26430,10.11451,ort
21444,Vierhöfen,53.40000,9.99302,leitregion
21445,Wulfsen,53.30000,10.15000,ort
21447,Handorf,53.34084,10.34652,ort
21449,Radbruch,53.31667,10.28333,ort
21465,Reinbek,53.51703,10.24880,ort
21481,Buchhorst,53.40000,9.99302,leitregion
21483,Basedow,53.45000,10.50000,ort
21493,Basthorst,54.15583,12.01084,ort
21502,Geesthacht,53.43575,10.37790,ort
21509,Glinde,53.54410,10.20048,ort
21514,Bröthen,53.48008,10.61760,ort
21516,Müssen,52.45554,13.74986,ort
21521,Aumühle,53.49532,10.35987,ort
21522,Hittbergen,53.40000,9.99302,leitregion
21524,Brunstorf,53.40000,9.99302,leitregion
21526,Hohenhorn,53.40000,9.99302,leitregion
21527,Kollow,53.40000,9.99302,leitregion
21529,Kröppelshagen-Fahrendorf,53.48979,10.31697,ort
21614,Buxtehude,53.46716,9.68636,ort
21629,Neu Wulmstorf,53.46667,9.80000,ort
21635,Jork,53.53198,9.68076,ort
21640,Bliedersdorf,53.48333,9.56667,ort
21641,Apensen,53.43333,9.61667,ort
21643,Beckdorf,53.41667,9.61667,ort
21644,Sauensiek,53.38333,9.60000,ort
21646,Halvesbostel,53.40000,9.99302,leitregion
21647,Moisburg,53.40620,9.69880,ort
21649,Regesbostel,53.38333,9.65000,ort
21680,Stade,53.59337,9.47629,ort
21682,Stade,53.59337,9.47629,ort
21683,Stade,53.59337,9.47629,ort
21684,Agathenburg,53.56065,9.53180,ort
21698,Bargstedt,53.46667,9.45000,ort
21702,Ahlerstedt,53.40000,9.45000,ort
21706,Drochtersen,53.71015,9.38463,ort
21709,Burweg,53.61413,9.30516,ort
21710,Engelschoff,53.40000,9.99302,leitregion
21712,Großenwörden,53.40000,9.99302,leitregion
21714,Hammah,53.61667,9.36667,ort
21717,Deinste,53.52903,9.44376,ort
21720,Grünendeich,53.56952,9.61218,ort
21723,Hollern-Twielenfleth,53.40000,9.99302,leitregion
21726,Heinbockel,51.78333,6.01667,ort
21727,Estorf,52.58850,9.14147,ort
21729,Freiburg (Elbe),47.99590,7.85222,ort
21730,Balje,53.83333,9.13333,ort
21732,Krummendeich,53.40000,9.99302,leitregion
21734,Oederquart,53.80267,9.23680,ort
21737,Wischhafen,53.78333,9.31667,ort
21739,Dollern,53.53333,9.55000,ort
21745,Hemmoor,53.68702,9.15492,ort
21755,Hechthausen,53.64041,9.23942,ort
21756,Osten,53.70000,9.20000,ort
21762,Osterbruch,53.80908,8.90068,ort
21763,Neuenkirchen,52.24472,7.37183,ort
21765,Nordleda,53.76667,8.83333,ort
21769,Armstorf,53.63333,9.10000,ort
21770,Mittelstenahe,53.40000,9.99302,leitregion
21772,Stinstedt,53.40000,9.99302,leitregion
21775,Ihlienworth,53.73333,8.91667,ort
21776,Wanna,53.74163,8.80828,ort
21781,Cadenberge,53.76926,9.06269,ort
21782,Bülkau,53.40000,9.99302,leitregion
21785,Belum,50.68333,10.93333,ort
21787,Oberndorf,48.29050,8.57221,ort
21789,Wingst,53.73572,9.08054,ort
22041,Hamburg,53.55073,9.99302,ort
22043,Hamburg,53.55073,9.99302,ort
22045,Hamburg,53.55073,9.99302,ort
22047,Hamburg,53.55073,9.99302,ort
22049,Hamburg,53.55073,9.99302,ort
22081,Hamburg,53.55073,9.99302,ort
22083,Hamburg,53.55073,9.99302,ort
22085,Hamburg,53.55073,9.99302,ort
22087,Hamburg,53.55073,9.99302,ort
22089,Hamburg,53.55073,9.99302,ort
22111,Hamburg,53.55073,9.99302,ort
22113,Hamburg,53.55073,9.99302,ort
22115,Hamburg,53.55073,9.99302,ort
22117,Hamburg,53.55073,9.99302,ort
22119,Hamburg,53.55073,9.99302,ort
22143,Hamburg,53.55073,9.99302,ort
22145,Braak,53.55073,9.99302,ort
22147,Hamburg,53.55073,9.99302,ort
22149,Hamburg,53.55073,9.99302,ort
22159,Hamburg,53.55073,9.99302,ort
22175,Hamburg,53.55073,9.99302,ort
22177,Hamburg,53.55073,9.99302,ort
22179,Hamburg,53.55073,9.99302,ort
22297,Hamburg,53.55073,9.99302,ort
22299,Hamburg,53.55073,9.99302,ort
22301,Hamburg,53.55073,9.99302,ort
22303,Hamburg,53.55073,9.99302,ort
22305,Hamburg,53.55073,9.99302,ort
22307,Hamburg,53.55073,9.99302,ort
22309,Hamburg,53.55073,9.99302,ort
22335,Hamburg,53.55073,9.99302,ort
22337,Hamburg,53.55073,9.99302,ort
22339,Hamburg,53.55073,9.99302,ort
22359,Hamburg,53.55073,9.99302,ort
22391,Hamburg,53.55073,9.99302,ort
22393,Hamburg,53.55073,9.99302,ort
22395,Hamburg,53.55073,9.99302,ort
22397,Hamburg,53.55073,9.99302,ort
22399,Hamburg,53.55073,9.99302,ort
22415,Hamburg,53.55073,9.99302,ort
22417,Hamburg,53.55073,9.99302,ort
22419,Hamburg,53.55073,9.99302,ort
22453,Hamburg,53.55073,9.99302,ort
22455,Hamburg,53.55073,9.99302,ort
22457,Hamburg,53.55073,9.99302,ort
22459,Hamburg,53.55073,9.99302,ort
22523,Hamburg,53.55073,9.99302,ort
22525,Hamburg,53.55073,9.99302,ort
22527,Hamburg,53.55073,9.99302,ort
22529,Hamburg,53.55073,9.99302,ort
22547,Hamburg,53.55073,9.99302,ort
22549,Hamburg,53.55073,9.99302,ort
22559,Hamburg,53.55073,9.99302,ort
22587,Hamburg,53.55073,9.99302,ort
22589,Hamburg,53.55073,9.99302,ort
22605,Hamburg,53.55073,9.99302,ort
22607,Hamburg,53.55073,9.99302,ort
22609,Hamburg,53.55073,9.99302,ort
22761,Hamburg,53.55073,9.99302,ort
22763,Hamburg,53.55073,9.99302,ort
22765,Hamburg,53.55073,9.99302,ort
22767,Hamburg,53.55073,9.99302,ort
22769,Hamburg,53.55073,9.99302,ort
22844,Norderstedt,53.68590,9.98041,ort
22846,Norderstedt,53.68590,9.98041,ort
22848,Norderstedt,53.68590,9.98041,ort
22850,Norderstedt,53.68590,9.98041,ort
22851,Norderstedt,53.68590,9.98041,ort
22869,Schenefeld,54.05000,9.48333,ort
22880,Wedel,53.58374,9.69835,ort
22885,Barsbüttel,53.56667,10.16667,ort
22889,Tangstedt,53.73333,10.08333,ort
22926,Ahrensburg,53.67515,10.22593,ort
22927,Großhansdorf,53.66667,10.28333,ort
22929,Hamfelde,53.68319,10.42671,ort
22941,Bargteheide,53.72856,10.26695,ort
22946,Brunsbek,53.61263,10.33961,ort
22949,Ammersbek,53.55073,9.99302,leitregion
22952,Lütjensee,53.65000,10.36667,ort
22955,Hoisdorf,53.65000,10.31667,ort
22956,Grönwohld,53.64162,10.40784,ort
22958,Kuddewörde,53.58333,10.40000,ort
22959,Linau,53.64446,10.46853,ort
22961,Hoisdorf,53.65000,10.31667,ort
22962,Siek,53.63333,10.30000,ort
22964,Steinburg,53.55073,9.99302,leitregion
22965,Todendorf,53.69461,10.34781,ort
22967,Tremsbüttel,53.74384,10.31024,ort
22969,Witzhave,53.56667,10.33333,ort
23552,Lübeck,53.86893,10.68729,ort
23554,Lübeck,53.86893,10.68729,ort
23556,Lübeck,53.86893,10.68729,ort
23558,Lübeck,53.86893,10.68729,ort
23560,Lübeck,53.86893,10.68729,ort
23562,Lübeck,53.86893,10.68729,ort
23564,Lübeck,53.86893,10.68729,ort
23566,Lübeck,53.86893,10.68729,ort
23568,Lübeck,53.86893,10.68729,ort
23569,Lübeck,53.86893,10.68729,ort
23570,Lübeck,53.86893,10.68729,ort
23611,Bad Schwartau,53.91887,10.69691,ort
23617,Stockelsdorf,53.89220,10.64713,ort
23619,Badendorf,47.90901,12.29795,ort
23623,Ahrensbök,54.00862,10.57434,ort
23626,Ratekau,53.95000,10.73333,ort
23627,Groß Grönau,53.80000,10.75000,ort
23628,Klempau,53.78333,10.65000,ort
23629,Scharbeutz,54.03333,10.75000,ort
23669,Ratekau,53.95000,10.73333,ort
23683,Scharbeutz,54.03333,10.75000,ort
23684,Scharbeutz,54.03333,10.75000,ort
23689,Ratekau,53.95000,10.73333,ort
23701,Eutin,54.14054,10.60751,ort
23714,Kirchnüchel,54.17226,10.55968,ort
23715,Bosau,54.09787,10.43570,ort
23717,Kasseedorf,54.16667,10.71667,ort
23719,Glasau,53.86893,10.71667,leitregion
23730,Altenkrempe,54.13333,10.83333,ort
23738,Beschendorf,54.21652,10.88326,ort
23743,Grömitz,54.15000,10.96667,ort
23744,Schönwalde am Bungsberg,54.18333,10.75000,ort
23746,Kellenhusen,54.19338,11.06165,ort
23747,Dahme,51.87008,13.42743,ort
23749,Grube,54.23333,11.03333,ort
23758,Göhl,54.33333,10.93333,ort
23769,Fehmarn,54.43780,11.19352,ort
23774,Heiligenhafen,54.36964,10.98022,ort
23775,Großenbrode,54.38333,11.08333,ort
23777,Heringsdorf,54.30100,11.00658,ort
23779,Neukirchen,50.86906,9.34655,ort
23795,Bad Segeberg,53.94313,10.30215,ort
23812,Wahlstedt,53.95161,10.20626,ort
23813,Blunk,53.86893,10.71667,leitregion
23815,Geschendorf,53.86893,10.71667,leitregion
23816,Bebensee,53.66265,11.49874,ort
23818,Neuengörs,53.86893,10.71667,leitregion
23820,Pronstorf,53.95000,10.46667,ort
23821,Rohlstorf,53.86893,10.71667,leitregion
23823,Seedorf,54.05000,10.41667,ort
23824,Damsdorf,53.86893,10.71667,leitregion
23826,Bark,53.91146,10.17949,ort
23827,Krems II,53.86893,10.71667,leitregion
23829,Kükels,53.86893,10.71667,leitregion
23843,Bad Oldesloe,53.81167,10.37417,ort
23845,Bahrenhof,53.80800,10.15797,ort
23847,Bliestorf,53.74569,10.56723,ort
23858,Barnitz,53.83184,10.49126,ort
23860,Groß Schenkenberg,53.86893,10.71667,leitregion
23863,Bargfeld-Stegen,53.76778,10.18750,ort
23866,Nahe,53.80000,10.13333,ort
23867,Sülfeld,53.80000,10.23333,ort
23869,Elmenhorst,54.15583,12.01084,ort
23879,Mölln,53.61702,10.68742,ort
23881,Alt Mölln,53.60592,10.63339,ort
23883,Brunsmark,53.81195,9.62307,ort
23896,Nusse,53.65654,10.58391,ort
23898,Duvensee,52.96811,11.15397,ort
23899,Besenthal,53.55556,10.77021,ort
23909,Albsfelde,53.69965,10.77256,ort
23911,Buchholz,53.00884,9.56287,ort
23919,Behlendorf,53.73333,10.65000,ort
23923,Lüdersdorf,53.86835,11.74902,ort
23936,Bernstorf,53.86337,11.19160,ort
23942,Dassow,53.91096,10.97551,ort
23946,Boltenhagen,53.96470,11.16367,ort
23948,Damshagen,53.97012,11.04469,ort
23966,Bobitz,53.80450,11.35914,ort
23968,Barnekow,53.68558,11.89639,ort
23970,Benz,53.90994,11.53214,ort
23972,Dorf Mecklenburg,53.85256,11.52440,ort
23974,Blowatz,53.98972,11.53360,ort
23992,Glasin,53.86548,11.68512,ort
23996,Bad Kleinen,53.77134,11.47165,ort
23999,Insel Poel,53.86893,10.71667,leitregion
24103,Kiel,54.32133,10.13489,ort
24105,Kiel,54.32133,10.13489,ort
24106,Kiel,54.32133,10.13489,ort
24107,Kiel,54.32133,10.13489,ort
24109,Kiel,54.32133,10.13489,ort
24111,Kiel,54.32133,10.13489,ort
24113,Kiel,54.32133,10.13489,ort
24114,Kiel,54.32133,10.13489,ort
24116,Kiel,54.32133,10.13489,ort
24118,Kiel,54.32133,10.13489,ort
24119,Kronshagen,54.33333,10.08333,ort
24143,Kiel,54.32133,10.13489,ort
24145,Kiel,54.32133,10.13489,ort
24146,Kiel,54.32133,10.13489,ort
24147,Kiel,54.32133,10.13489,ort
24148,Kiel,54.32133,10.13489,ort
24149,Kiel,54.32133,10.13489,ort
24159,Kiel,54.32133,10.13489,ort
24161,Altenholz,54.40000,10.13333,ort
24211,Honigsee,54.23333,10.36667,ort
24214,Felm,54.41667,10.05000,ort
24217,Barsbek,53.68319,10.42671,ort
24220,Böhnhusen,54.25000,10.06667,ort
24222,Schwentinental,54.32133,9.85000,leitregion
24223,Schwentinental,54.32133,9.85000,leitregion
24226,Heikendorf,54.36667,10.20000,ort
24229,Dänischenhagen,54.42775,10.12596,ort
24232,Dobersdorf,54.31893,10.28011,ort
24235,Brodersdorf,54.40000,10.21667,ort
24238,Lammershagen,54.28333,10.40000,ort
24239,Achterwehr,54.32133,9.85000,leitregion
24241,Blumenthal,54.32133,9.85000,leitregion
24242,Felde,54.30000,9.93333,ort
24244,Felm,54.41667,10.05000,ort
24245,Barmissen,54.32133,9.85000,leitregion
24247,Mielkendorf,54.28333,10.05000,ort
24248,Mönkeberg,54.35000,10.18333,ort
24250,Bothkamp,54.32133,9.85000,leitregion
24251,Osdorf,54.43333,10.01667,ort
24253,Fahren,54.36153,10.28772,ort
24254,Rumohr,54.32133,9.85000,leitregion
24256,Fargau-Pratjau,54.32133,9.85000,leitregion
24257,Hohenfelde,54.36667,10.50000,ort
24259,Westensee,54.27452,9.89584,ort
24306,Bösdorf,54.14039,10.49062,ort
24321,Behrensdorf,54.31667,10.51667,ort
24326,Ascheberg,51.78333,7.61667,ort
24327,Blekendorf,54.28211,10.65820,ort
24329,Dannau,54.20000,10.50000,ort
24340,Altenhof,54.46854,9.83824,ort
24351,Damp,54.58469,10.01785,ort
24354,Kosel,54.50580,9.75653,ort
24357,Fleckeby,54.48333,9.70000,ort
24358,Ahlefeld-Bistensee,54.32133,9.85000,leitregion
24360,Barkelsby,54.50000,9.83333,ort
24361,Damendorf,54.40000,9.76667,ort
24363,Holtsee,54.40000,9.85000,ort
24364,Holzdorf,51.77873,13.12756,ort
24366,Loose,54.32133,9.85000,leitregion
24367,Osterby,54.32133,9.85000,leitregion
24369,Waabs,54.53333,9.98333,ort
24376,Grödersby,54.66122,9.93130,ort
24392,Boren,54.66667,9.71667,ort
24395,Gelting,54.75000,9.90000,ort
24398,Brodersby,54.32133,9.85000,leitregion
24399,Arnis,54.32133,9.85000,leitregion
24401,Böel,54.32133,9.85000,leitregion
24402,Esgrus,54.32133,9.85000,leitregion
24404,Kappeln,54.66122,9.93130,ort
24405,Böel,54.66667,9.71667,ort
24407,Oersberg,54.32133,9.85000,leitregion
24409,Stoltebüll,54.32133,9.85000,leitregion
24534,Neumünster,54.07477,9.98195,ort
24536,Neumünster,54.07477,9.98195,ort
24537,Neumünster,54.07477,9.98195,ort
24539,Neumünster,54.07477,9.98195,ort
24558,Henstedt-Ulzburg,54.32133,9.85000,leitregion
24568,Kaltenkirchen,53.83292,9.95810,ort
24576,Bad Bramstedt,53.91830,9.88424,ort
24582,Bissee,54.17611,10.03146,ort
24589,Borgdorf-Seedorf,54.16738,9.85437,ort
24594,Grauel,54.08886,9.65359,ort
24598,Boostedt,54.01667,10.03333,ort
24601,Belau,54.10000,10.21667,ort
24610,Gönnebek,54.03988,10.21496,ort
24613,Aukrug,54.08333,9.78333,ort
24616,Armstedt,52.67034,8.96896,ort
24619,Bornhöved,54.06667,10.23333,ort
24620,Bönebüttel,54.08333,10.06667,ort
24622,Gnutz,54.13333,9.81667,ort
24623,Großenaspe,53.98333,9.96667,ort
24625,Großharrie,54.32133,9.85000,leitregion
24626,Groß Kummerfeld,54.05000,10.08333,ort
24628,Hartenholm,53.89856,10.05953,ort
24629,Kisdorf,53.81667,10.01667,ort
24631,Langwedel,52.97864,9.18542,ort
24632,Heidmoor,53.86667,9.88333,ort
24634,Arpsdorf,54.05000,9.91667,ort
24635,Daldorf,54.01667,10.16667,ort
24637,Schillsdorf,54.32133,9.85000,leitregion
24638,Schmalensee,54.32133,9.85000,leitregion
24640,Hasenmoor,53.86667,9.88333,ort
24641,Hüttblek,53.84238,10.11216,ort
24643,Struvenhütten,53.86667,10.05000,ort
24644,Krogaspe,54.13967,9.89430,ort
24646,Warder,54.32133,9.85000,leitregion
24647,Ehndorf,54.07427,9.89738,ort
24649,Fuhlendorf,53.95815,9.90297,ort
24768,Rendsburg,54.30663,9.66313,ort
24782,Alt Duvenstedt,54.36667,9.65000,ort
24783,Osterrönfeld,54.29013,9.69900,ort
24784,Westerrönfeld,54.28333,9.65000,ort
24787,Fockbek,54.30000,9.60000,ort
24790,Haßmoor,54.46400,9.23430,ort
24791,Alt Duvenstedt,54.36667,9.65000,ort
24793,Bargstedt,53.46667,9.45000,ort
24794,Borgstedt,54.33268,9.70954,ort
24796,Bovenau,54.33333,9.83333,ort
24797,Breiholz,54.20554,9.52371,ort
24799,Christiansholm,54.32133,9.85000,leitregion
24800,Elsdorf-Westermühlen,54.26667,9.51667,ort
24802,Bokel,53.39326,8.76803,ort
24803,Erfde,54.30000,9.31667,ort
24805,Hamdorf,54.22522,9.51866,ort
24806,Bargstall,54.30000,9.50000,ort
24808,Jevenstedt,54.23333,9.66667,ort
24809,Nübbel,54.26667,9.61667,ort
24811,Alt Duvenstedt,54.36667,9.65000,ort
24813,Schülp bei Rendsburg,54.25896,9.63034,ort
24814,Sehestedt,54.32133,9.85000,leitregion
24816,Brinjahe,54.32133,9.85000,leitregion
24817,Tetenhusen,54.32133,9.85000,leitregion
24819,Embühren,54.13333,9.55000,ort
24837,Schleswig,54.52156,9.55860,ort
24848,Alt Bennebek,54.41667,9.51667,ort
24850,Hüsby,54.55000,9.50000,ort
24852,Eggebek,54.61667,9.36667,ort
24855,Bollingstedt,54.59229,9.41738,ort
24857,Borgwedel,54.50000,9.60000,ort
24860,Böklund,54.32133,9.85000,leitregion
24861,Bergenhusen,54.32133,9.85000,leitregion
24863,Börm,54.32133,9.85000,leitregion
24864,Brodersby-Goltoft,54.32133,9.85000,leitregion
24866,Busdorf,54.10345,10.08242,ort
24867,Dannewerk,54.48333,9.50000,ort
24869,Dörpstedt,54.32133,9.85000,leitregion
24870,Ellingstedt,54.32133,9.85000,leitregion
24872,Groß Rheide,54.44154,9.43508,ort
24873,Havetoft,54.32133,9.85000,leitregion
24876,Hollingstedt,54.45934,9.33695,ort
24878,Jagel,54.32133,9.85000,leitregion
24879,Idstedt,54.55000,9.53333,ort
24881,Nübel,54.32133,9.85000,leitregion
24882,Schaalby,54.55000,9.63333,ort
24884,Geltorf,54.32133,9.85000,leitregion
24885,Sieverstedt,54.64145,9.46949,ort
24887,Silberstedt,54.51667,9.38333,ort
24888,Loit,52.58596,8.21417,ort
24890,Stolk,54.32133,9.85000,leitregion
24891,Böel,54.66667,9.71667,ort
24893,Taarstedt,54.32133,9.85000,leitregion
24894,Tolk,54.57987,9.63844,ort
24896,Ahrenviölfeld,54.50000,9.31667,ort
24897,Ulsnis,54.32133,9.85000,leitregion
24899,Wohlde,54.32133,9.85000,leitregion
24937,Flensburg,54.78431,9.43961,ort
24939,Flensburg,54.78431,9.43961,ort
24941,Flensburg,54.78431,9.43961,ort
24943,Flensburg,54.78431,9.43961,ort
24944,Flensburg,54.78431,9.43961,ort
24955,Harrislee,54.80000,9.38333,ort
24960,Glücksburg,54.83522,9.54853,ort
24963,Jerrishoe,54.65670,9.36918,ort
24966,Sörup,54.71667,9.66667,ort
24969,Großenwiehe,54.70000,9.25000,ort
24972,Steinberg,54.76667,9.78333,ort
24975,Ausacker,54.75000,9.53333,ort
24976,Handewitt,54.76667,9.33333,ort
24977,Grundhof,54.80000,9.63333,ort
24980,Hörup,54.75845,9.18329,ort
24983,Handewitt,54.76667,9.33333,ort
24986,Mittelangeln,54.32133,9.85000,leitregion
24988,Oeversee,54.70000,9.43333,ort
24989,Dollerup,54.77798,9.67981,ort
24991,Freienwill,54.72752,9.49414,ort
24992,Janneby,54.32133,9.85000,leitregion
24994,Böxlund,54.32133,9.85000,leitregion
24996,Ahneby,54.72650,9.73572,ort
24997,Wanderup,54.68333,9.33333,ort
24999,Wees,54.80621,9.51695,ort
25335,Altenmoor,53.78808,9.73586,ort
25336,Elmshorn,53.75396,9.65339,ort
25337,Elmshorn,53.75396,9.65339,ort
25348,Blomesche Wildnis,53.78893,9.42576,ort
25355,Barmstedt,53.79209,9.76739,ort
25358,Hohenfelde,54.36667,10.50000,ort
25361,Elskop,53.83694,9.48831,ort
25364,Bokel,53.39326,8.76803,ort
25365,Klein Offenseth-Sparrieshoop,53.79748,9.68653,ort
25368,Kiebitzreihe,53.78333,9.61667,ort
25370,Seester,53.88960,9.31157,leitregion
25371,Seestermühe,53.88960,9.31157,leitregion
25373,Ellerhoop,53.72603,9.76933,ort
25376,Borsfleth,53.88960,9.31157,leitregion
25377,Kollmar,53.72936,9.47880,ort
25379,Herzhorn,53.78333,9.48333,ort
25421,Pinneberg,53.66732,9.78936,ort
25436,Groß Nordende,53.70787,9.68099,ort
25451,Quickborn,53.72831,9.90934,ort
25462,Rellingen,53.65000,9.81667,ort
25469,Halstenbek,53.63333,9.85000,ort
25474,Bönningstedt,53.66667,9.91667,ort
25479,Ellerau,53.75000,9.91667,ort
25482,Appen,53.65813,9.74582,ort
25485,Bilsen,53.76667,9.83333,ort
25486,Alveslohe,53.78333,9.91667,ort
25488,Holm,53.61667,9.66667,ort
25489,Haselau,53.66181,9.62010,ort
25491,Hetlingen,53.60712,9.63718,ort
25492,Heist,53.65000,9.65000,ort
25494,Borstel-Hohenraden,53.68333,9.81667,ort
25495,Kummerfeld,53.69262,9.79099,ort
25497,Prisdorf,53.68333,9.75000,ort
25499,Tangstedt,53.73333,10.08333,ort
25524,Bekmünde,53.90572,9.57041,ort
25541,Brunsbüttel,53.89620,9.10459,ort
25548,Auufer,53.95202,9.71959,ort
25551,Hohenlockstedt,53.96667,9.61667,ort
25554,Bekdorf,53.86380,9.32314,ort
25557,Beldorf,50.42289,7.57924,ort
25560,Aasbüttel,54.05000,9.48333,ort
25563,Föhrden-Barl,53.93333,9.76667,ort
25566,Lägerdorf,53.88333,9.58333,ort
25569,Bahrenfleth,53.88721,9.47809,ort
25572,Aebtissinwisch,53.89199,9.25301,ort
25573,Beidenfleth,53.88960,9.31157,leitregion
25575,Beringstedt,53.88960,9.31157,leitregion
25576,Brokdorf,53.86380,9.32314,ort
25578,Dägeling,53.88333,9.53333,ort
25579,Fitzbek,53.88960,9.31157,leitregion
25581,Hennstedt,54.28333,9.16667,ort
25582,Drage,53.41667,10.26667,ort
25584,Besdorf,53.88960,9.31157,leitregion
25585,Lütjenwestedt,53.88960,9.31157,leitregion
25587,Münsterdorf,53.90232,9.54123,ort
25588,Huje,53.58333,9.25000,ort
25590,Osterstedt,53.88960,9.31157,leitregion
25591,Ottenbüttel,53.88960,9.31157,leitregion
25593,Christinenthal,53.88960,9.31157,leitregion
25594,Nutteln,54.00000,9.38333,ort
25596,Bokelrehm,54.02078,9.37597,ort
25597,Breitenberg,48.70439,13.79333,ort
25599,Wewelsfleth,53.85000,9.40000,ort
25693,Gudendorf,53.98333,9.11667,ort
25704,Bargenstedt,54.09182,9.06870,ort
25709,Diekhusen-Fahrstedt,53.88960,9.31157,leitregion
25712,Brickeln,53.00884,9.56287,ort
25715,Averlak,53.95000,9.15000,ort
25718,Friedrichskoog,54.01667,8.91667,ort
25719,Barlt,53.88960,9.31157,leitregion
25721,Eggstedt,53.88960,9.31157,leitregion
25724,Neufeld,53.88960,9.31157,leitregion
25725,Bornholt,53.88960,9.31157,leitregion
25727,Frestedt,53.88960,9.31157,leitregion
25729,Windbergen,53.88960,9.31157,leitregion
25746,Heide,54.19579,9.09880,ort
25761,Büsum,54.13398,8.85756,ort
25764,Friedrichsgabekoog,53.61349,7.16043,ort
25767,Albersdorf,54.15000,9.28333,ort
25770,Hemmingstedt,54.15000,9.06667,ort
25774,Groven,54.34143,9.02374,ort
25776,Kleve,51.78826,6.13865,ort
25779,Bergewöhrden,54.28333,9.16667,ort
25782,Gaushorn,54.21667,9.28333,ort
25785,Nordhastedt,54.16667,9.18333,ort
25786,Dellstedt,53.88960,9.31157,leitregion
25788,Delve,54.45934,9.33695,ort
25791,Barkenholm,49.35000,7.65000,ort
25792,Neuenkirchen,52.24472,7.37183,ort
25794,Dörpling,54.26667,9.30000,ort
25795,Stelle-Wittenwurth,54.23428,9.09103,ort
25797,Wöhrden,54.16667,9.00000,ort
25799,Wrohm,53.88960,9.31157,leitregion
25813,Husum,54.48580,9.05239,ort
25821,Almdorf,54.63333,8.93333,ort
25826,Sankt Peter-Ording,54.30363,8.64138,ort
25832,Kotzenbüll,54.31879,8.94234,ort
25836,Garding,54.33056,8.78056,ort
25840,Drage,53.41667,10.26667,ort
25842,Bargum,54.63333,8.93333,ort
25845,Elisabeth-Sophien-Koog,54.51610,8.64512,ort
25849,Pellworm,54.51610,8.64512,ort
25850,Behrendorf,53.88960,9.31157,leitregion
25852,Bordelum,54.63333,8.93333,ort
25853,Ahrenshöft,54.60548,9.04449,ort
25855,Haselund,53.88960,9.31157,leitregion
25856,Hattstedt,54.53333,9.03333,ort
25858,Högel,53.88960,9.31157,leitregion
25859,Hallig Hooge,53.88960,9.31157,leitregion
25860,Arlewatt,53.18333,9.23333,ort
25862,Goldebek,53.88960,9.31157,leitregion
25863,Langeneß,53.88960,9.31157,leitregion
25864,Löwenstedt,53.88960,9.31157,leitregion
25866,Mildstedt,54.46667,9.10000,ort
25867,Langeneß,53.88960,9.31157,leitregion
25869,Gröde,53.88960,9.31157,leitregion
25870,Norderfriedrichskoog,54.37243,8.93996,ort
25872,Ostenfeld (Husum),54.46400,9.23430,ort
25873,Oldersbek,54.44062,9.12872,ort
25876,Fresendelf,53.10766,8.46322,ort
25878,Drage,53.41667,10.26667,ort
25879,Stapel,53.88960,9.31157,leitregion
25881,Tating,54.32607,8.70802,ort
25882,Tetenbüll,53.88960,9.31157,leitregion
25884,Norstedt,54.56667,9.18333,ort
25885,Ahrenviöl,54.50796,9.18574,ort
25887,Winnert,53.88960,9.31157,leitregion
25889,Uelvesbüll,53.88960,9.31157,leitregion
25899,Bosbüll,54.78663,8.82854,ort
25917,Achtrup,54.79053,9.02848,ort
25920,Risum-Lindholm,54.75802,8.86906,ort
25923,Braderup,53.61667,9.66667,ort
25924,Emmelsbüll-Horsbüll,54.81667,8.70000,ort
25926,Bramstedtlund,54.84084,9.02135,ort
25927,Aventoft,50.86906,9.34655,ort
25938,Alkersum,53.73135,8.61695,ort
25946,Nebel,53.88960,9.31157,leitregion
25980,Sylt,53.88960,9.31157,leitregion
25992,List auf Sylt,55.01917,8.43132,ort
25996,Wenningstedt-Braderup (Sylt),53.88960,9.31157,leitregion
25997,Hörnum (Sylt),53.88960,9.31157,leitregion
25999,Kampen (Sylt),53.88960,9.31157,leitregion
26121,Oldenburg,53.14118,8.21467,ort
26122,Oldenburg,53.14118,8.21467,ort
26123,Oldenburg,53.14118,8.21467,ort
26125,Oldenburg,53.14118,8.21467,ort
26127,Oldenburg,53.14118,8.21467,ort
26129,Oldenburg,53.14118,8.21467,ort
26131,Oldenburg,53.14118,8.21467,ort
26133,Oldenburg,53.14118,8.21467,ort
26135,Oldenburg,53.14118,8.21467,ort
26160,Bad Zwischenahn,53.18333,8.00000,ort
26169,Friesoythe,53.02260,7.85764,ort
26180,Rastede,53.25000,8.20000,ort
26188,Edewecht,53.12699,7.98406,ort
26197,Großenkneten,52.94377,8.25323,ort
26203,Wardenburg,53.06667,8.20000,ort
26209,Hatten,53.05000,8.38333,ort
26215,Wiefelstede,53.25000,8.11667,ort
26219,Bösel,53.00000,7.95000,ort
26316,Varel,53.39693,8.13621,ort
26340,Zetel,53.41667,7.98333,ort
26345,Bockhorn,53.40000,8.01667,ort
26349,Jade,53.25000,7.77839,leitregion
26382,Wilhelmshaven,53.52998,8.11253,ort
26384,Wilhelmshaven,53.52998,8.11253,ort
26386,Wilhelmshaven,53.52998,8.11253,ort
26388,Wilhelmshaven,53.52998,8.11253,ort
26389,Wilhelmshaven,53.52998,8.11253,ort
26409,Wittmund,53.57674,7.77839,ort
26419,Schortens,53.53333,7.95000,ort
26427,Dunum,53.60000,7.65000,ort
26434,Wangerland,53.25000,7.77839,leitregion
26441,Jever,53.57368,7.89806,ort
26446,Friedeburg,53.45000,7.83333,ort
26452,Sande,53.50489,8.01418,ort
26465,Langeoog,53.75000,7.48333,ort
26474,Spiekeroog,53.25000,7.77839,leitregion
26486,Wangerooge,53.79002,7.89938,ort
26487,Blomberg,51.94331,9.09067,ort
26489,Ochtersum,53.25000,7.77839,leitregion
26506,Norden,53.59552,7.20639,ort
26524,Berumbur,53.60000,7.31667,ort
26529,Leezdorf,53.55000,7.30000,ort
26532,Großheide,53.25000,7.77839,leitregion
26548,Norderney,53.70828,7.15819,ort
26553,Dornum,53.64648,7.42957,ort
26556,Eversmeer,53.60000,7.45000,ort
26571,Juist,53.67787,6.99575,ort
26579,Baltrum,53.25000,7.77839,leitregion
26603,Aurich,53.46919,7.48232,ort
26605,Aurich,53.46919,7.48232,ort
26607,Aurich,53.46919,7.48232,ort
26624,Südbrookmerland,53.25000,7.77839,leitregion
26629,Großefehn,53.25000,7.77839,leitregion
26632,Ihlow,53.25000,7.77839,leitregion
26639,Wiesmoor,53.41667,7.73333,ort
26655,Westerstede,53.25682,7.92737,ort
26670,Uplengen,53.25000,7.77839,leitregion
26676,Barßel,53.16981,7.75012,ort
26683,Saterland,53.25000,7.77839,leitregion
26689,Apen,53.21667,7.80000,ort
26721,Emden,53.36745,7.20778,ort
26723,Emden,53.36745,7.20778,ort
26725,Emden,53.36745,7.20778,ort
26736,Krummhörn,53.25000,7.77839,leitregion
26757,Borkum,53.58094,6.69153,ort
26759,Hinte,53.41667,7.18333,ort
26789,Leer,53.23157,7.46100,ort
26802,Moormerland,53.25000,7.77839,leitregion
26810,Westoverledingen,53.25000,7.77839,leitregion
26817,Rhauderfehn,53.25000,7.77839,leitregion
26826,Weener,53.16332,7.35052,ort
26831,Bunde,53.18333,7.26667,ort
26835,Brinkum,53.30000,7.60000,ort
26842,Ostrhauderfehn,53.13333,7.61667,ort
26844,Jemgum,53.26667,7.38333,ort
26845,Nortmoor,53.24608,7.57178,ort
26847,Detern,53.20927,7.67395,ort
26849,Filsum,53.24213,7.62785,ort
26871,Papenburg,53.07738,7.40444,ort
26892,Dörpen,52.96469,7.32273,ort
26897,Bockhorst,53.03296,7.57576,ort
26899,Rhede (Ems),51.83537,6.69602,ort
26901,Lorup,52.92495,7.64339,ort
26903,Surwold,52.97800,7.51534,ort
26904,Börger,52.91211,7.53576,ort
26906,Dersum,52.96112,7.27394,ort
26907,Walchum,52.92717,7.28325,ort
26909,Neubörger,52.95815,7.44839,ort
26919,Brake,53.25000,7.77839,leitregion
26931,Elsfleth,53.23748,8.45664,ort
26935,Stadland,53.25000,7.77839,leitregion
26936,Stadland,53.25000,7.77839,leitregion
26937,Stadland,53.25000,7.77839,leitregion
26939,Ovelgönne,53.34189,8.42179,ort
26954,Nordenham,53.48610,8.48093,ort
26969,Butjadingen,53.54722,8.33500,ort
27211,Bassum,52.85059,8.72791,ort
27232,Sulingen,52.68373,8.80949,ort
27239,Twistringen,52.79926,8.64163,ort
27243,Beckeln,52.92749,8.64191,ort
27245,Bahrenborstel,52.57009,8.80863,ort
27246,Borstel,52.67034,8.96896,ort
27248,Ehrenburg,52.75000,8.70000,ort
27249,Maasen,52.70697,8.89704,ort
27251,Neuenkirchen,52.24472,7.37183,ort
27252,Schwaförden,52.73775,8.83026,ort
27254,Siedenburg,52.69293,8.93961,ort
27257,Affinghausen,52.79337,8.83611,ort
27259,Freistatt,52.62150,8.73310,ort
27283,Verden (Aller),52.92343,9.23491,ort
27299,Langwedel,52.97864,9.18542,ort
27305,Bruchhausen-Vilsen,52.82931,8.99066,ort
27308,Kirchlinteln,52.94236,9.31811,ort
27313,Dörverden,52.85000,9.23333,ort
27318,Hilgermissen,52.85000,9.16667,ort
27321,Emtinghausen,52.93333,8.96667,ort
27324,Eystrup,52.77935,9.21315,ort
27327,Martfeld,52.87572,9.06081,ort
27330,Asendorf,52.77219,9.00489,ort
27333,Bücken,52.77876,9.13371,ort
27336,Frankenfeld,52.78621,9.37862,ort
27337,Blender,52.91667,9.13333,ort
27339,Riede,52.96667,8.95000,ort
27356,Rotenburg,53.11125,9.41082,ort
27367,Ahausen,53.06667,9.31667,ort
27374,Visselhövede,52.98546,9.58265,ort
27383,Scheeßel,53.16667,9.48333,ort
27386,Bothel,53.06667,9.50000,ort
27389,Fintel,53.17188,9.66969,ort
27404,Elsdorf,50.93739,6.56828,ort
27412,Breddorf,53.29262,9.08089,ort
27419,Groß Meckelsen,52.65656,11.38456,ort
27432,Alfstedt,53.44502,9.00025,ort
27442,Gnarrenburg,53.38333,9.00000,ort
27446,Anderlingen,53.37329,9.21289,ort
27449,Kutenholz,53.48152,9.32118,ort
27472,Cuxhaven,53.86828,8.69902,ort
27474,Cuxhaven,53.86828,8.69902,ort
27476,Cuxhaven,53.86828,8.69902,ort
27478,Cuxhaven,53.86828,8.69902,ort
27498,Helgoland,54.18143,7.88630,ort
27499,Hamburg,53.55073,9.99302,ort
27568,Bremen,53.07582,8.80717,ort
27570,Bremerhaven,53.53615,8.59298,ort
27572,Bremerhaven,53.53615,8.59298,ort
27574,Bremerhaven,53.53615,8.59298,ort
27576,Bremerhaven,53.53615,8.59298,ort
27578,Bremerhaven,53.53615,8.59298,ort
27580,Bremerhaven,53.53615,8.59298,ort
27607,Geestland,53.05110,8.80906,leitregion
27612,Loxstedt,53.46667,8.65000,ort
27616,Beverstedt,53.43413,8.81915,ort
27619,Schiffdorf,53.53333,8.65000,ort
27624,Geestland,53.05110,8.80906,leitregion
27628,Hagen im Bremischen,53.35707,8.64341,ort
27639,Wurster Nordseeküste,53.05110,8.80906,leitregion
27711,Osterholz-Scharmbeck,53.22698,8.79528,ort
27721,Ritterhude,53.18289,8.73550,ort
27726,Breddorf,53.29262,9.08089,ort
27729,Axstedt,53.35466,8.77485,ort
27749,Delmenhorst,53.05110,8.63091,ort
27751,Delmenhorst,53.05110,8.63091,ort
27753,Delmenhorst,53.05110,8.63091,ort
27755,Delmenhorst,53.05110,8.63091,ort
27777,Ganderkesee,53.03333,8.53333,ort
27793,Wildeshausen,52.89446,8.43375,ort
27798,Hude (Oldenburg),53.10766,8.46322,ort
27801,Dötlingen,52.93333,8.38333,ort
27804,Berne,53.05110,8.80906,leitregion
27809,Lemwerder,53.16667,8.61667,ort
28195,Bremen,53.07582,8.80717,ort
28197,Bremen,53.07582,8.80717,ort
28199,Bremen,53.07582,8.80717,ort
28201,Bremen,53.07582,8.80717,ort
28203,Bremen,53.07582,8.80717,ort
28205,Bremen,53.07582,8.80717,ort
28207,Bremen,53.07582,8.80717,ort
28209,Bremen,53.07582,8.80717,ort
28211,Bremen,53.07582,8.80717,ort
28213,Bremen,53.07582,8.80717,ort
28215,Bremen,53.07582,8.80717,ort
28217,Bremen,53.07582,8.80717,ort
28219,Bremen,53.07582,8.80717,ort
28237,Bremen,53.07582,8.80717,ort
28239,Bremen,53.07582,8.80717,ort
28259,Bremen,53.07582,8.80717,ort
28277,Bremen,53.07582,8.80717,ort
28279,Bremen,53.07582,8.80717,ort
28307,Bremen,53.07582,8.80717,ort
28309,Bremen,53.07582,8.80717,ort
28325,Bremen,53.07582,8.80717,ort
28327,Bremen,53.07582,8.80717,ort
28329,Bremen,53.07582,8.80717,ort
28355,Bremen,53.07582,8.80717,ort
28357,Bremen,53.07582,8.80717,ort
28359,Bremen,53.07582,8.80717,ort
28717,Bremen,53.07582,8.80717,ort
28719,Bremen,53.07582,8.80717,ort
28755,Bremen,53.07582,8.80717,ort
28757,Bremen,53.07582,8.80717,ort
28759,Bremen,53.07582,8.80717,ort
28777,Bremen,53.07582,8.80717,ort
28779,Bremen,53.07582,8.80717,ort
28790,Schwanewede,53.23333,8.60000,ort
28816,Stuhr,53.03333,8.75000,ort
28832,Achim,53.01416,9.02630,ort
28844,Weyhe,53.07582,8.80717,leitregion
28857,Syke,52.91345,8.82209,ort
28865,Lilienthal,53.14193,8.90338,ort
28870,Ottersberg,53.10990,9.14408,ort
28876,Oyten,53.05000,9.01667,ort
28879,Grasberg,53.18333,8.98333,ort
29221,Celle,52.62264,10.08047,ort
29223,Celle,52.62264,10.08047,ort
29225,Celle,52.62264,10.08047,ort
29227,Celle,52.62264,10.08047,ort
29229,Celle,52.62264,10.08047,ort
29303,Bergen,52.80837,9.96374,ort
29308,Winsen (Aller),53.35753,10.21282,ort
29313,Hambühren,52.63333,9.98333,ort
29320,Südheide,52.86394,10.41753,leitregion
29323,Wietze,52.65000,9.83333,ort
29328,Faßberg,52.90000,10.16667,ort
29331,Lachendorf,52.61667,10.25000,ort
29336,Nienhagen,54.14869,12.17434,ort
29339,Wathlingen,52.53690,10.15069,ort
29342,Wienhausen,52.58021,10.18862,ort
29345,Südheide,52.86394,10.41753,leitregion
29348,Eschede,52.73494,10.23540,ort
29351,Eldingen,52.68333,10.33333,ort
29352,Adelheidsdorf,52.56404,10.06039,ort
29353,Ahnsbeck,52.61071,10.28534,ort
29355,Beedenbostel,52.64288,10.25907,ort
29356,Bröckel,52.86394,10.41753,leitregion
29358,Eicklingen,52.55037,10.18439,ort
29359,Eschede,52.73494,10.23540,ort
29361,Eschede,52.73494,10.23540,ort
29362,Hohne,52.86394,10.41753,leitregion
29364,Langlingen,52.55593,10.28291,ort
29365,Sprakensehl,52.76668,10.49177,ort
29367,Steinhorst,52.68333,10.40000,ort
29369,Ummern,52.59111,10.43195,ort
29378,Wittingen,52.72694,10.73613,ort
29379,Wittingen,52.72694,10.73613,ort
29386,Dedelstorf,52.70000,10.50000,ort
29389,Bad Bodenteich,52.86394,10.41753,leitregion
29392,Wesendorf,52.60000,10.53333,ort
29393,Groß Oesingen,52.64761,10.46366,ort
29394,Lüder,52.80878,10.66609,ort
29396,Schönewörde,52.86394,10.41753,leitregion
29399,Wahrenholz,52.61667,10.60000,ort
29410,Salzwedel,52.85435,11.15250,ort
29413,Dähre,52.13075,11.56483,ort
29416,Kuhfelde,52.86394,10.41753,leitregion
29439,Lüchow,52.96811,11.15397,ort
29451,Dannenberg,53.09670,11.09001,ort
29456,Hitzacker,53.15254,11.04418,ort
29459,Clenze,52.93729,10.95750,ort
29462,Wustrow,52.92370,11.12846,ort
29465,Schnega,52.89130,10.89226,ort
29468,Bergen an der Dumme,52.89109,10.95629,ort
29471,Gartow,53.02470,11.46200,ort
29472,Damnatz,52.86394,10.41753,leitregion
29473,Göhrde,52.86394,10.41753,leitregion
29475,Gorleben,52.86394,10.41753,leitregion
29476,Gusborn,52.86394,10.41753,leitregion
29478,Höhbeck,52.86394,10.41753,leitregion
29479,Jameln,53.05000,11.08333,ort
29481,Karwitz,52.86394,10.41753,leitregion
29482,Küsten,52.97779,11.06240,ort
29484,Langendorf,51.17972,11.96140,ort
29485,Lemgow,52.86394,10.41753,leitregion
29487,Luckau (Wendland),51.85245,13.70735,ort
29488,Lübbow,52.86394,10.41753,leitregion
29490,Neu Darchau,53.22901,10.88529,ort
29491,Prezelle,52.86394,10.41753,leitregion
29493,Schnackenburg,52.86394,10.41753,leitregion
29494,Trebel,52.86394,10.41753,leitregion
29496,Waddeweitz,52.86394,10.41753,leitregion
29497,Woltersdorf,52.45554,13.74986,ort
29499,Zernien,53.06845,10.88325,ort
29525,Uelzen,52.96572,10.56111,ort
29549,Bad Bevensen,53.07923,10.58129,ort
29553,Bienenbüttel,53.14157,10.48679,ort
29556,Suderburg,52.89586,10.45141,ort
29559,Wrestedt,52.90435,10.57494,ort
29562,Suhlendorf,52.93333,10.76667,ort
29565,Wriedel,53.03130,10.29848,ort
29571,Rosche,52.98663,10.75184,ort
29574,Ebstorf,53.02785,10.41839,ort
29575,Altenmedingen,53.13050,10.60163,ort
29576,Barum,53.35000,10.40000,ort
29578,Eimke,52.96601,10.31324,ort
29579,Emmendorf,52.86394,10.41753,leitregion
29581,Gerdau,52.96667,10.41667,ort
29582,Hanstedt,53.26667,10.01667,ort
29584,Himbergen,53.09418,10.72909,ort
29585,Jelmstorf,52.86394,10.41753,leitregion
29587,Natendorf,52.86394,10.41753,leitregion
29588,Oetzen,52.86394,10.41753,leitregion
29590,Rätzlingen,52.86394,10.41753,leitregion
29591,Römstedt,52.86394,10.41753,leitregion
29593,Schwienau,52.86394,10.41753,leitregion
29594,Soltendieck,52.87369,10.76162,ort
29597,Stoetze,52.86394,10.41753,leitregion
29599,Weste,53.05943,10.70283,ort
29614,Soltau,52.98638,9.84338,ort
29633,Munster,52.98569,10.08756,ort
29640,Schneverdingen,53.11685,9.79524,ort
29643,Neuenkirchen,52.24472,7.37183,ort
29646,Bispingen,53.08312,9.99772,ort
29649,Wietzendorf,52.91667,9.98333,ort
29664,Osterheide,52.86147,9.59260,ort
29683,Bad Fallingbostel,52.86641,9.69558,ort
29690,Buchholz (Aller),53.00884,9.56287,ort
29693,Ahlden,52.75968,9.55115,ort
29699,Walsrode,52.86147,9.59260,ort
30159,Hannover,52.37052,9.73322,ort
30161,Hannover,52.37052,9.73322,ort
30163,Hannover,52.37052,9.73322,ort
30165,Hannover,52.37052,9.73322,ort
30167,Hannover,52.37052,9.73322,ort
30169,Hannover,52.37052,9.73322,ort
30171,Hannover,52.37052,9.73322,ort
30173,Hannover,52.37052,9.73322,ort
30175,Hannover,52.37052,9.73322,ort
30177,Hannover,52.37052,9.73322,ort
30179,Hannover,52.37052,9.73322,ort
30419,Hannover,52.37052,9.73322,ort
30449,Hannover,52.37052,9.73322,ort
30451,Hannover,52.37052,9.73322,ort
30453,Hannover,52.37052,9.73322,ort
30455,Hannover,52.37052,9.73322,ort
30457,Hannover,52.37052,9.73322,ort
30459,Hannover,52.37052,9.73322,ort
30519,Hannover,52.37052,9.73322,ort
30521,Hannover,52.37052,9.73322,ort
30539,Hannover,52.37052,9.73322,ort
30559,Hannover,52.37052,9.73322,ort
30625,Hannover,52.37052,9.73322,ort
30627,Hannover,52.37052,9.73322,ort
30629,Hannover,52.37052,9.73322,ort
30655,Hannover,52.37052,9.73322,ort
30657,Hannover,52.37052,9.73322,ort
30659,Hannover,52.37052,9.73322,ort
30669,Hannover,52.37052,9.73322,ort
30823,Garbsen,52.41371,9.58990,ort
30826,Garbsen,52.41371,9.58990,ort
30827,Garbsen,52.41371,9.58990,ort
30851,Langenhagen,52.44758,9.73741,ort
30853,Langenhagen,52.44758,9.73741,ort
30855,Langenhagen,52.44758,9.73741,ort
30880,Laatzen,52.31506,9.79739,ort
30890,Barsinghausen,52.30000,9.45000,ort
30900,Wedemark,52.37052,9.73322,leitregion
30916,Isernhagen,52.37052,9.73322,leitregion
30926,Seelze,52.39635,9.59727,ort
30938,Burgwedel,52.37052,9.73322,leitregion
30952,Ronnenberg,52.31939,9.65544,ort
30966,Hemmingen,52.31425,9.72359,ort
30974,Wennigsen (Deister),52.27404,9.57287,ort
30982,Pattensen,52.26448,9.76436,ort
30989,Gehrden,52.31362,9.60033,ort
31008,Elze,52.12263,9.73595,ort
31020,Salzhemmendorf,52.06700,9.58720,ort
31028,Gronau,52.21099,7.02238,ort
31036,Eime,52.07449,9.72118,ort
31061,Alfeld (Leine),51.98382,9.81989,ort
31073,Delligsen,51.94120,9.80272,ort
31079,Sibbesse,52.05000,9.90000,ort
31084,Freden (Leine),51.92771,9.89350,ort
31089,Duingen,52.00449,9.69578,ort
31134,Hildesheim,52.15077,9.95112,ort
31135,Hildesheim,52.15077,9.95112,ort
31137,Hildesheim,52.15077,9.95112,ort
31139,Hildesheim,52.15077,9.95112,ort
31141,Hildesheim,52.15077,9.95112,ort
31157,Sarstedt,52.23495,9.85411,ort
31162,Bad Salzdetfurth,52.05777,10.00580,ort
31167,Bockenem,52.00993,10.13197,ort
31171,Nordstemmen,52.16196,9.78350,ort
31174,Schellerten,52.18530,10.10227,ort
31177,Harsum,52.21045,9.96486,ort
31180,Giesen,52.19716,9.89890,ort
31185,Söhlde,52.18898,10.23239,ort
31188,Holle,52.08721,10.16012,ort
31191,Algermissen,52.25332,9.96915,ort
31195,Lamspringe,51.96071,10.01105,ort
31199,Diekholzen,52.09617,9.91945,ort
31224,Peine,52.31928,10.23520,ort
31226,Peine,52.31928,10.23520,ort
31228,Peine,52.31928,10.23520,ort
31234,Edemissen,52.38702,10.26140,ort
31241,Ilsede,52.26340,10.19922,ort
31246,Ilsede,52.26340,10.19922,ort
31249,Hohenhameln,52.25755,10.06416,ort
31275,Lehrte,52.37193,9.97919,ort
31303,Burgdorf,52.44628,10.00640,ort
31311,Uetze,52.46511,10.20467,ort
31319,Sehnde,52.31394,9.96820,ort
31515,Wunstorf,52.42377,9.43585,ort
31535,Neustadt am Rübenberge,52.50462,9.45871,ort
31542,Bad Nenndorf,52.33703,9.37904,ort
31547,Rehburg-Loccum,52.46952,9.19957,ort
31552,Apelern,52.28979,9.33580,ort
31553,Auhagen,52.39828,9.29194,ort
31555,Suthfeld,52.31262,9.35623,leitregion
31556,Wölpinghausen,52.41667,9.23333,ort
31558,Hagenburg,52.43367,9.32473,ort
31559,Haste,52.38105,9.39280,ort
31582,Nienburg/Weser,52.31262,9.35623,leitregion
31592,Stolzenau,52.51667,9.06667,ort
31595,Steyerberg,52.57017,9.02423,ort
31600,Uchte,52.49975,8.90928,ort
31603,Diepenau,52.31262,9.35623,leitregion
31604,Raddestorf,52.45000,8.96667,ort
31606,Warmsen,52.45695,8.84949,ort
31608,Marklohe,52.66857,9.14219,ort
31609,Balge,52.71667,9.16667,ort
31613,Wietzen,52.71667,9.08333,ort
31618,Liebenau,52.60362,9.09719,ort
31619,Binnen,52.61667,9.13333,ort
31621,Pennigsehl,52.64181,9.02630,ort
31622,Heemsen,52.70000,9.26667,ort
31623,Drakenburg,52.68689,9.21083,ort
31626,Haßbergen,52.73333,9.23333,ort
31627,Rohrsen,52.71078,9.23139,ort
31628,Landesbergen,52.55598,9.12505,ort
31629,Estorf,52.58850,9.14147,ort
31632,Husum,54.48580,9.05239,ort
31633,Leese,52.50000,9.11667,ort
31634,Steimbke,52.65483,9.39091,ort
31636,Linsburg,52.31262,9.35623,leitregion
31637,Rodewald,52.31262,9.35623,leitregion
31638,Stöckse,52.64067,9.34027,ort
31655,Stadthagen,52.32333,9.20311,ort
31675,Bückeburg,52.26065,9.04939,ort
31683,Obernkirchen,52.27210,9.12912,ort
31688,Nienstädt,52.29242,9.16440,ort
31691,Helpsen,52.31131,9.11676,ort
31693,Hespe,52.32999,9.10818,ort
31698,Lindhorst,52.35789,9.28319,ort
31699,Beckedorf,52.35000,9.31667,ort
31700,Heuerßen,52.32946,9.27718,ort
31702,Lüdersfeld,52.35993,9.25422,ort
31707,Bad Eilsen,52.24215,9.09822,ort
31708,Ahnsen,52.25466,9.10089,ort
31710,Buchholz,53.00884,9.56287,ort
31711,Luhden,52.22538,9.09256,ort
31712,Niedernwöhren,52.35214,9.14788,ort
31714,Lauenhagen,52.35547,9.20637,ort
31715,Meerbeck,52.34174,9.15067,ort
31717,Nordsehl,52.31262,9.35623,leitregion
31718,Pollhagen,52.38529,9.18813,ort
31719,Wiedensahl,52.38385,9.12019,ort
31737,Rinteln,52.18604,9.07917,ort
31749,Auetal,52.31262,9.35623,leitregion
31785,Hameln,52.10397,9.35623,ort
31787,Hameln,52.10397,9.35623,ort
31789,Hameln,52.10397,9.35623,ort
31812,Bad Pyrmont,51.98589,9.25246,ort
31832,Springe,52.20845,9.55416,ort
31840,Hessisch Oldendorf,52.17269,9.24913,ort
31848,Bad Münder am Deister,52.19551,9.46421,ort
31855,Aerzen,52.04953,9.25856,ort
31860,Emmerthal,52.31262,9.35623,leitregion
31863,Coppenbrügge,52.11852,9.54870,ort
31867,Hülsede,52.24951,9.36147,ort
31868,Ottenstein,51.94707,9.40700,ort
32049,Herford,52.11457,8.67343,ort
32051,Herford,52.11457,8.67343,ort
32052,Herford,52.11457,8.67343,ort
32105,Bad Salzuflen,52.08620,8.74434,ort
32107,Bad Salzuflen,52.08620,8.74434,ort
32108,Bad Salzuflen,52.08620,8.74434,ort
32120,Hiddenhausen,52.16667,8.61667,ort
32130,Enger,52.14063,8.55772,ort
32139,Spenge,52.14021,8.48475,ort
32257,Bünde,52.19837,8.58644,ort
32278,Kirchlengern,52.20000,8.63333,ort
32289,Rödinghausen,52.25000,8.48333,ort
32312,Lübbecke,52.30699,8.61423,ort
32339,Espelkamp,52.38251,8.62127,ort
32351,Stemwede,52.16530,8.79301,leitregion
32361,Preußisch Oldendorf,52.30589,8.49341,ort
32369,Rahden,52.43367,8.61263,ort
32423,Minden,52.28953,8.91455,ort
32425,Minden,52.28953,8.91455,ort
32427,Minden,52.28953,8.91455,ort
32429,Minden,52.28953,8.91455,ort
32457,Porta Westfalica,52.22961,8.91612,ort
32469,Petershagen,52.37513,8.96538,ort
32479,Hille,52.33333,8.75000,ort
32545,Bad Oeynhausen,52.20699,8.80365,ort
32547,Bad Oeynhausen,52.20699,8.80365,ort
32549,Bad Oeynhausen,52.20699,8.80365,ort
32584,Löhne,52.18848,8.69220,ort
32602,Vlotho,52.16530,8.85996,ort
32609,Hüllhorst,52.28333,8.66667,ort
32657,Lemgo,52.02786,8.89901,ort
32676,Lügde,51.95828,9.24706,ort
32683,Barntrup,51.99038,9.11642,ort
32689,Kalletal,52.16530,8.79301,leitregion
32694,Dörentrup,52.04109,9.00278,ort
32699,Extertal,52.16530,8.79301,leitregion
32756,Detmold,51.93855,8.87318,ort
32758,Detmold,51.93855,8.87318,ort
32760,Detmold,51.93855,8.87318,ort
32791,Lage,51.99223,8.79301,ort
32805,Horn-Bad Meinberg,52.16530,8.79301,leitregion
32816,Schieder-Schwalenberg,51.87713,9.19538,ort
32825,Blomberg,51.94331,9.09067,ort
32832,Augustdorf,51.90944,8.73173,ort
32839,Steinheim,51.87066,9.09136,ort
33014,Bad Driburg,51.73297,9.01969,ort
33034,Brakel,51.71750,9.18596,ort
33039,Nieheim,51.80499,9.11302,ort
33098,Paderborn,51.71905,8.75439,ort
33100,Paderborn,51.71905,8.75439,ort
33102,Paderborn,51.71905,8.75439,ort
33104,Paderborn,51.71905,8.75439,ort
33106,Paderborn,51.71905,8.75439,ort
33129,Delbrück,51.76503,8.56223,ort
33142,Büren,51.55109,8.55956,ort
33154,Paderborn,51.71905,8.75439,ort
33161,Hövelhof,51.81667,8.65000,ort
33165,Lichtenau,51.61707,8.89665,ort
33175,Bad Lippspringe,51.78333,8.81683,ort
33178,Borchen,51.95453,8.53333,leitregion
33181,Bad Wünnenberg,51.95453,8.53333,leitregion
33184,Altenbeken,51.76455,8.94201,ort
33189,Schlangen,51.80978,8.84605,ort
33330,Gütersloh,51.90693,8.37853,ort
33332,Gütersloh,51.90693,8.37853,ort
33333,Gütersloh,51.90693,8.37853,ort
33334,Gütersloh,51.90693,8.37853,ort
33335,Gütersloh,51.90693,8.37853,ort
33378,Rheda-Wiedenbrück,51.84967,8.30017,ort
33397,Rietberg,51.80924,8.42841,ort
33415,Verl,51.88333,8.51667,ort
33428,Harsewinkel,51.96224,8.22766,ort
33442,Herzebrock-Clarholz,51.95453,8.53333,leitregion
33449,Langenberg,51.77206,8.31809,ort
33602,Bielefeld,52.03333,8.53333,ort
33604,Bielefeld,52.03333,8.53333,ort
33605,Bielefeld,52.03333,8.53333,ort
33607,Bielefeld,52.03333,8.53333,ort
33609,Bielefeld,52.03333,8.53333,ort
33611,Bielefeld,52.03333,8.53333,ort
33613,Bielefeld,52.03333,8.53333,ort
33615,Bielefeld,52.03333,8.53333,ort
33617,Bielefeld,52.03333,8.53333,ort
33619,Bielefeld,52.03333,8.53333,ort
33647,Bielefeld,52.03333,8.53333,ort
33649,Bielefeld,52.03333,8.53333,ort
33659,Bielefeld,52.03333,8.53333,ort
33689,Bielefeld,52.03333,8.53333,ort
33699,Bielefeld,52.03333,8.53333,ort
33719,Bielefeld,52.03333,8.53333,ort
33729,Bielefeld,52.03333,8.53333,ort
33739,Bielefeld,52.03333,8.53333,ort
33758,Schloß Holte-Stukenbrock,51.95453,8.53333,leitregion
33775,Versmold,52.04009,8.15272,ort
33790,Halle (Westf.),52.06007,8.36083,ort
33803,Steinhagen,52.00000,8.40000,ort
33813,Oerlinghausen,51.95453,8.66220,ort
33818,Leopoldshöhe,52.01246,8.69834,ort
33824,Werther,52.07771,8.41793,ort
33829,Borgholzhausen,52.10343,8.30211,ort
34117,Kassel,51.31667,9.50000,ort
34119,Kassel,51.31667,9.50000,ort
34121,Kassel,51.31667,9.50000,ort
34123,Kassel,51.31667,9.50000,ort
34125,Kassel,51.31667,9.50000,ort
34127,Fuldatal,51.38333,9.56667,ort
34128,Kassel,51.31667,9.50000,ort
34130,Kassel,51.31667,9.50000,ort
34131,Kassel,51.31667,9.50000,ort
34132,Kassel,51.31667,9.50000,ort
34134,Kassel,51.31667,9.50000,ort
34212,Melsungen,51.13029,9.55236,ort
34225,Baunatal,51.25182,9.40747,ort
34233,Fuldatal,51.38333,9.56667,ort
34246,Vellmar,51.35806,9.47974,ort
34253,Lohfelden,51.26667,9.53333,ort
34260,Kaufungen,51.28111,9.61861,ort
34266,Niestetal,51.31667,9.40261,leitregion
34270,Schauenburg,51.31667,9.40261,leitregion
34277,Fuldabrück,51.31667,9.40261,leitregion
34281,Gudensberg,51.17706,9.36748,ort
34286,Spangenberg,51.11644,9.66270,ort
34289,Zierenberg,51.36948,9.30164,ort
34292,Ahnatal,51.31667,9.40261,leitregion
34295,Edermünde,51.31667,9.40261,leitregion
34298,Helsa,51.25981,9.68872,ort
34302,Guxhagen,51.20000,9.48333,ort
34305,Niedenstein,51.23342,9.31029,ort
34308,Bad Emstal,51.31667,9.40261,leitregion
34311,Naumburg,51.14987,11.80979,ort
34314,Espenau,51.39664,9.47021,ort
34317,Habichtswald,51.31667,9.40261,leitregion
34320,Söhrewald,51.31667,9.40261,leitregion
34323,Malsfeld,51.09083,9.53889,ort
34326,Morschen,51.31667,9.40261,leitregion
34327,Körle,51.16667,9.51667,ort
34329,Nieste,51.31667,9.40261,leitregion
34346,Hann. Münden,51.31667,9.40261,leitregion
34355,Kassel,51.31667,9.50000,ort
34359,Reinhardshagen,51.31667,9.40261,leitregion
34369,Hofgeismar,51.49607,9.38500,ort
34376,Immenhausen,51.42763,9.48017,ort
34379,Calden,51.40943,9.40189,ort
34385,Bad Karlshafen,51.64263,9.45477,ort
34388,Trendelburg,51.57408,9.42095,ort
34393,Grebenstein,51.44648,9.41250,ort
34396,Liebenau,52.60362,9.09719,ort
34399,Wesertal,51.31667,9.40261,leitregion
34414,Warburg,51.49011,9.14641,ort
34431,Marsberg,51.46171,8.84949,ort
34434,Borgentreich,51.56917,9.24113,ort
34439,Willebadessen,51.62564,9.03694,ort
34454,Bad Arolsen,51.37982,9.01445,ort
34466,Wolfhagen,51.32611,9.17015,ort
34471,Volkmarsen,51.40895,9.11814,ort
34474,Diemelstadt,51.31667,9.40261,leitregion
34477,Twistetal,51.31667,9.40261,leitregion
34479,Breuna,51.41575,9.18500,ort
34497,Korbach,51.27561,8.87300,ort
34508,Willingen (Upland),51.29418,8.60910,ort
34513,Korbach,51.27561,8.87300,ort
34516,Vöhl,51.20565,8.94510,ort
34519,Diemelsee,51.31667,9.40261,leitregion
34537,Bad Wildungen,51.11963,9.12475,ort
34549,Edertal,51.31667,9.40261,leitregion
34560,Fritzlar,51.13181,9.27557,ort
34576,Homberg,51.02994,9.40261,ort
34582,Borken,51.84382,6.85774,ort
34587,Felsberg,51.13763,9.42139,ort
34590,Wabern,51.10000,9.35000,ort
34593,Knüllwald,51.31667,9.40261,leitregion
34596,Bad Zwesten,51.31667,9.40261,leitregion
34599,Neuental,51.00000,9.21667,ort
34613,Schwalmstadt,50.93333,9.21667,ort
34621,Frielendorf,50.97073,9.32269,ort
34626,Neukirchen,50.86906,9.34655,ort
34628,Willingshausen,50.85000,9.20000,ort
34630,Gilserberg,50.95000,9.06667,ort
34632,Jesberg,51.00000,9.15000,ort
34633,Ottrau,50.80599,9.38575,ort
34637,Schrecksbach,50.83333,9.28333,ort
34639,Schwarzenborn,50.90977,9.44658,ort
35037,Marburg,50.60000,8.50495,leitregion
35039,Marburg,50.60000,8.50495,leitregion
35041,Marburg,50.60000,8.50495,leitregion
35043,Marburg,50.60000,8.50495,leitregion
35066,Frankenberg,51.05890,8.80077,ort
35075,Gladenbach,50.76847,8.58085,ort
35080,Bad Endbach,50.75000,8.50000,ort
35083,Wetter,50.90254,8.72366,ort
35085,Ebsdorfergrund,50.60000,8.50495,leitregion
35088,Battenberg,51.01391,8.64603,ort
35091,Cölbe,50.85098,8.78092,ort
35094,Lahntal,50.60000,8.50495,leitregion
35096,Weimar (Lahn),50.98030,11.32903,ort
35099,Burgwald,50.60000,8.50495,leitregion
35102,Lohra,50.73333,8.63333,ort
35104,Lichtenfels,50.14567,11.05928,ort
35108,Allendorf,51.02995,8.67232,ort
35110,Frankenau,51.09269,8.93447,ort
35112,Fronhausen,50.70000,8.70000,ort
35114,Haina,51.02774,8.97441,ort
35116,Hatzfeld,50.99334,8.54570,ort
35117,Münchhausen,50.96081,8.71837,ort
35119,Rosenthal,52.59976,13.37774,ort
35216,Biedenkopf,50.91125,8.53016,ort
35232,Dautphetal,50.60000,8.50495,leitregion
35236,Breidenbach,50.88734,8.45748,ort
35239,Steffenberg,50.60000,8.50495,leitregion
35260,Stadtallendorf,50.82261,9.01294,ort
35274,Kirchhain,50.82720,8.92806,ort
35279,Neustadt,49.35009,8.13886,ort
35282,Rauschenberg,50.88329,8.91864,ort
35285,Gemünden,49.89444,7.47750,ort
35287,Amöneburg,50.79595,8.92330,ort
35288,Wohratal,50.60000,8.50495,leitregion
35305,Grünberg,50.59403,8.95866,ort
35315,Homberg (Ohm),51.02994,9.40261,ort
35321,Laubach,50.54196,8.99034,ort
35325,Mücke,50.60000,8.50495,leitregion
35327,Ulrichstein,50.57550,9.19272,ort
35329,Gemünden (Felda),49.89444,7.47750,ort
35390,Gießen,50.58727,8.67554,ort
35392,Gießen,50.58727,8.67554,ort
35394,Gießen,50.58727,8.67554,ort
35396,Gießen,50.58727,8.67554,ort
35398,Gießen,50.58727,8.67554,ort
35410,Hungen,50.47368,8.89326,ort
35415,Pohlheim,50.60000,8.50495,leitregion
35418,Buseck,50.60000,8.50495,leitregion
35423,Lich,50.52085,8.81567,ort
35428,Langgöns,50.50000,8.66667,ort
35435,Wettenberg,50.60000,8.50495,leitregion
35440,Linden,49.35000,7.65000,ort
35444,Biebertal,50.60000,8.50495,leitregion
35447,Reiskirchen,50.60000,8.83333,ort
35452,Heuchelheim,50.58333,8.63333,ort
35457,Lollar,50.64652,8.70495,ort
35460,Staufenberg,50.66197,8.73158,ort
35463,Fernwald,50.60000,8.50495,leitregion
35466,Rabenau,50.67753,8.86425,ort
35469,Allendorf (Lumda),51.02995,8.67232,ort
35510,Butzbach,50.43395,8.67122,ort
35516,Münzenberg,50.45346,8.77430,ort
35519,Rockenberg,50.43050,8.73688,ort
35576,Wetzlar,50.56109,8.50495,ort
35578,Wetzlar,50.56109,8.50495,ort
35579,Wetzlar,50.56109,8.50495,ort
35580,Wetzlar,50.56109,8.50495,ort
35581,Wetzlar,50.56109,8.50495,ort
35582,Wetzlar,50.56109,8.50495,ort
35583,Wetzlar,50.56109,8.50495,ort
35584,Wetzlar,50.56109,8.50495,ort
35585,Wetzlar,50.56109,8.50495,ort
35586,Wetzlar,50.56109,8.50495,ort
35606,Solms,50.53620,8.40704,ort
35614,Aßlar,50.59163,8.46273,ort
35619,Braunfels,50.51545,8.38918,ort
35625,Hüttenberg,50.60000,8.50495,leitregion
35630,Ehringshausen,50.60000,8.38333,ort
35633,Lahnau,50.60000,8.50495,leitregion
35638,Leun,50.55129,8.35836,ort
35641,Schöffengrund,50.49345,8.47183,ort
35644,Hohenahr,50.60000,8.50495,leitregion
35647,Waldsolms,50.60000,8.50495,leitregion
35649,Bischoffen,50.70000,8.45000,ort
35683,Dillenburg,50.74114,8.28699,ort
35684,Dillenburg,50.74114,8.28699,ort
35685,Dillenburg,50.74114,8.28699,ort
35686,Dillenburg,50.74114,8.28699,ort
35687,Dillenburg,50.74114,8.28699,ort
35688,Dillenburg,50.74114,8.28699,ort
35689,Dillenburg,50.74114,8.28699,ort
35690,Dillenburg,50.74114,8.28699,ort
35708,Haiger,50.74162,8.20778,ort
35713,Eschenburg,50.60000,8.50495,leitregion
35716,Dietzhölztal,50.60000,8.50495,leitregion
35719,Angelburg,50.60000,8.50495,leitregion
35745,Herborn,50.68135,8.30369,ort
35753,Greifenstein,50.61667,8.30000,ort
35756,Mittenaar,50.70000,8.38333,ort
35759,Driedorf,50.63333,8.18333,ort
35764,Sinn,50.65000,8.33333,ort
35767,Breitscheid,50.68507,8.19120,ort
35768,Siegbach,50.60000,8.50495,leitregion
35781,Weilburg,50.48438,8.26249,ort
35789,Weilmünster,50.43143,8.37673,ort
35792,Löhnberg,50.51299,8.27202,ort
35794,Mengerskirchen,50.56392,8.15555,ort
35796,Weinbach,50.43843,8.29133,ort
35799,Merenberg,50.50707,8.19194,ort
36037,Fulda,50.55162,9.67518,ort
36039,Fulda,50.55162,9.67518,ort
36041,Fulda,50.55162,9.67518,ort
36043,Fulda,50.55162,9.67518,ort
36088,Hünfeld,50.67966,9.76727,ort
36093,Künzell,50.54420,9.71792,ort
36100,Petersberg,50.70513,9.72645,leitregion
36103,Flieden,50.42389,9.56660,ort
36110,Schlitz,50.67416,9.56102,ort
36115,Ehrenberg,50.57190,10.00297,ort
36119,Neuhof,50.45313,9.61750,ort
36124,Eichenzell,50.49536,9.69672,ort
36129,Gersfeld,50.45138,9.91422,ort
36132,Eiterfeld,50.76667,9.80000,ort
36137,Großenlüder,50.59250,9.54231,ort
36142,Tann,50.64284,10.02385,ort
36145,Hofbieber,50.58629,9.83534,ort
36148,Kalbach,50.70513,9.72645,leitregion
36151,Burghaun,50.69684,9.72453,ort
36154,Hosenfeld,50.50502,9.47966,ort
36157,Ebersburg,50.70513,9.72645,leitregion
36160,Dipperz,50.54333,9.79586,ort
36163,Poppenhausen,50.09999,10.14244,ort
36166,Haunetal,50.70513,9.72645,leitregion
36167,Nüsttal,50.70513,9.72645,leitregion
36169,Rasdorf,50.71667,9.90000,ort
36179,Bebra,50.97445,9.79562,ort
36199,Rotenburg an der Fulda,50.99556,9.72838,ort
36205,Sontra,51.07171,9.93558,ort
36208,Wildeck,50.70513,9.72645,leitregion
36211,Alheim,51.03333,9.66667,ort
36214,Nentershausen,51.01667,9.93333,ort
36217,Ronshausen,50.95000,9.85000,ort
36219,Cornberg,51.04160,9.86051,ort
36251,Bad Hersfeld,50.87197,9.70891,ort
36266,Heringen,50.88798,10.00717,ort
36269,Philippsthal,50.83948,10.00906,ort
36272,Niederaula,50.80000,9.60000,ort
36275,Kirchheim,50.83333,9.56667,ort
36277,Schenklengsfeld,50.81667,9.85000,ort
36280,Oberaula,50.85000,9.46667,ort
36282,Hauneck,50.70513,9.72645,leitregion
36284,Hohenroda,50.70513,9.72645,leitregion
36286,Neuenstein,49.20490,9.58000,ort
36287,Breitenbach am Herzberg,50.95655,9.78285,ort
36289,Friedewald,50.88333,9.86667,ort
36304,Alsfeld,50.75185,9.27082,ort
36318,Schwalmtal,51.21667,6.26667,ort
36320,Kirtorf,50.76942,9.10389,ort
36323,Grebenau,50.74242,9.47307,ort
36325,Feldatal,50.70513,9.72645,leitregion
36326,Antrifttal,50.70513,9.72645,leitregion
36329,Romrod,50.71341,9.22010,ort
36341,Lauterbach,50.63558,9.39777,ort
36355,Grebenhain,50.48924,9.33855,ort
36358,Herbstein,50.56105,9.34592,ort
36364,Bad Salzschlirf,50.62388,9.50815,ort
36367,Wartenberg,48.40597,11.98865,ort
36369,Lautertal,50.33333,10.96667,ort
36381,Schlüchtern,50.34891,9.52532,ort
36391,Sinntal,50.70513,9.72645,leitregion
36396,Steinau an der Straße,50.31401,9.46335,ort
36399,Freiensteinau,50.42509,9.40267,ort
36404,Oechsen,50.82790,10.02185,ort
36414,Unterbreizbach,50.81667,9.98333,ort
36419,Buttlar,50.75770,9.95277,ort
36433,Bad Salzungen,50.81342,10.23610,ort
36448,Bad Liebenstein,50.81569,10.35123,ort
36452,Empfertshausen,50.62649,10.15915,ort
36456,Barchfeld-Immelborn,50.70513,9.72645,leitregion
36457,Weilar,50.70513,9.72645,leitregion
36460,Krayenberggemeinde,50.70513,9.72645,leitregion
36466,Dermbach,50.71383,10.11839,ort
36469,Bad Salzungen,50.81342,10.23610,ort
37073,Göttingen,51.53443,9.93228,ort
37075,Göttingen,51.53443,9.93228,ort
37077,Göttingen,51.53443,9.93228,ort
37079,Göttingen,51.53443,9.93228,ort
37081,Göttingen,51.53443,9.93228,ort
37083,Göttingen,51.53443,9.93228,ort
37085,Göttingen,51.53443,9.93228,ort
37115,Duderstadt,51.51312,10.25951,ort
37120,Bovenden,51.58836,9.92220,ort
37124,Rosdorf,51.50000,9.90000,ort
37127,Bühren,52.80629,8.21880,ort
37130,Gleichen,51.58333,9.93228,leitregion
37133,Friedland,51.41917,9.91762,ort
37136,Ebergötzen,51.57096,10.10632,ort
37139,Adelebsen,51.58272,9.75461,ort
37154,Northeim,51.70662,9.99997,ort
37170,Uslar,51.65690,9.63501,ort
37176,Nörten-Hardenberg,51.62878,9.93593,ort
37181,Hardegsen,51.65227,9.83050,ort
37186,Moringen,51.69915,9.87107,ort
37191,Katlenburg-Lindau,51.68333,10.10000,ort
37194,Bodenfelde,51.64044,9.55569,ort
37197,Hattorf am Harz,51.65035,10.23681,ort
37199,Wulften am Harz,51.65999,10.17437,ort
37213,Witzenhausen,51.34103,9.85540,ort
37214,Witzenhausen,51.34103,9.85540,ort
37215,Witzenhausen,51.34103,9.85540,ort
37216,Witzenhausen,51.34103,9.85540,ort
37217,Witzenhausen,51.34103,9.85540,ort
37218,Witzenhausen,51.34103,9.85540,ort
37235,Hessisch Lichtenau,51.19954,9.71857,ort
37242,Bad Sooden-Allendorf,51.27092,9.97483,ort
37247,Großalmerode,51.25858,9.78450,ort
37249,Neu-Eichenberg,51.58333,9.93228,leitregion
37269,Eschwege,51.18386,10.05329,ort
37276,Meinhard,51.58333,9.93228,leitregion
37281,Wanfried,51.18207,10.17283,ort
37284,Waldkappel,51.14462,9.87695,ort
37287,Wehretal,51.58333,9.93228,leitregion
37290,Meißner,51.58333,9.93228,leitregion
37293,Herleshausen,51.00629,10.16731,ort
37296,Ringgau,51.58333,9.93228,leitregion
37297,Berkatal,51.58333,9.93228,leitregion
37299,Weißenborn,50.73952,12.47051,ort
37308,Bodenrode-Westhausen,51.35000,10.20000,ort
37318,Arenshausen,51.37613,9.96870,ort
37327,Leinefelde-Worbis,51.38796,10.32620,ort
37339,Berlingerode,51.45775,10.23840,ort
37345,Am Ohmberg,51.58333,9.93228,leitregion
37351,Dingelstädt,51.31529,10.31740,ort
37355,Niederorschel,51.37222,10.42372,ort
37359,Büttstedt,51.25972,10.30636,ort
37412,Elbingerode,51.77039,10.80557,ort
37431,Bad Lauterberg,51.58333,9.93228,leitregion
37434,Bilshausen,51.62974,10.15859,ort
37441,Bad Sachsa,51.59499,10.55546,ort
37444,Braunlage,51.72651,10.61090,ort
37445,Walkenried,51.58333,10.61667,ort
37520,Osterode,51.58333,9.93228,leitregion
37539,Bad Grund,51.81021,10.23694,ort
37574,Einbeck,51.82018,9.86961,ort
37581,Bad Gandersheim,51.87167,10.02537,ort
37586,Dassel,51.80179,9.68904,ort
37589,Kalefeld,51.80000,10.03333,ort
37603,Holzminden,51.82798,9.44550,ort
37619,Bodenwerder,51.97156,9.51931,ort
37620,Halle,52.06007,8.36083,ort
37627,Arholzen,51.86053,9.59322,ort
37632,Eimen,51.88333,9.78333,ort
37633,Dielmissen,51.58333,9.93228,leitregion
37635,Lüerdissen,51.58333,9.93228,leitregion
37639,Bevern,51.85826,9.49408,ort
37640,Golmbach,51.90000,9.55000,ort
37642,Holenberg,51.58333,9.93228,leitregion
37643,Negenborn,51.58333,9.93228,leitregion
37647,Brevörde,51.89871,9.40386,ort
37649,Heinsen,52.06257,9.66316,ort
37671,Höxter,51.77501,9.38155,ort
37688,Beverungen,51.66801,9.37417,ort
37691,Boffzen,51.75065,9.39824,ort
37696,Marienmünster,51.58333,9.93228,leitregion
37697,Lauenförde,51.58333,9.93228,leitregion
37699,Fürstenberg,53.18427,13.14442,ort
38100,Braunschweig,52.26594,10.52673,ort
38102,Braunschweig,52.26594,10.52673,ort
38104,Braunschweig,52.26594,10.52673,ort
38106,Braunschweig,52.26594,10.52673,ort
38108,Braunschweig,52.26594,10.52673,ort
38110,Braunschweig,52.26594,10.52673,ort
38112,Braunschweig,52.26594,10.52673,ort
38114,Braunschweig,52.26594,10.52673,ort
38116,Braunschweig,52.26594,10.52673,ort
38118,Braunschweig,52.26594,10.52673,ort
38120,Braunschweig,52.26594,10.52673,ort
38122,Braunschweig,52.26594,10.52673,ort
38124,Braunschweig,52.26594,10.52673,ort
38126,Braunschweig,52.26594,10.52673,ort
38154,Königslutter am Elm,52.25116,10.81683,ort
38159,Vechelde,52.26038,10.36491,ort
38162,Cremlingen,52.25000,10.65000,ort
38165,Lehre,52.33333,10.66667,ort
38170,Dahlum,52.14308,10.77450,ort
38173,Dettum,52.17246,10.66807,ort
38176,Wendeburg,52.32957,10.39255,ort
38179,Schwülper,52.25577,10.57245,leitregion
38226,Salzgitter,52.15705,10.41540,ort
38228,Salzgitter,52.15705,10.41540,ort
38229,Salzgitter,52.15705,10.41540,ort
38239,Salzgitter,52.15705,10.41540,ort
38259,Salzgitter,52.15705,10.41540,ort
38268,Lengede,52.20487,10.30775,ort
38271,Baddeckenstedt,52.08333,10.23333,ort
38272,Burgdorf,52.44628,10.00640,ort
38274,Elbe,52.08333,10.28333,ort
38275,Haverlah,52.06667,10.16667,ort
38277,Heere,52.06667,10.25000,ort
38279,Sehlde,52.03887,10.26569,ort
38300,Wolfenbüttel,52.16442,10.54095,ort
38302,Wolfenbüttel,52.16442,10.54095,ort
38304,Wolfenbüttel,52.16442,10.54095,ort
38312,Börßum,52.06921,10.58431,ort
38315,Schladen-Werla,52.25577,10.57245,leitregion
38319,Remlingen-Semmenstedt,52.25577,10.57245,leitregion
38321,Denkte,52.25577,10.57245,leitregion
38322,Hedeper,52.25577,10.57245,leitregion
38324,Kissenbrück,52.10956,10.58996,ort
38325,Roklum,52.25577,10.57245,leitregion
38327,Remlingen-Semmenstedt,52.25577,10.57245,leitregion
38329,Wittmar,52.12969,10.64000,ort
38350,Helmstedt,52.22790,11.00985,ort
38364,Schöningen,52.13802,10.96745,ort
38368,Grasleben,52.30638,11.01465,ort
38372,Helmstedt,52.22790,11.00985,ort
38373,Frellstedt,52.22811,10.90393,ort
38375,Räbke,52.25577,10.57245,leitregion
38376,Süpplingenburg,52.25577,10.57245,leitregion
38378,Warberg,52.25577,10.57245,leitregion
38379,Wolsdorf,52.19098,10.93878,ort
38381,Jerxheim,52.08172,10.89844,ort
38382,Beierstedt,52.25577,10.57245,leitregion
38384,Gevensleben,52.25577,10.57245,leitregion
38387,Söllingen,52.25577,10.57245,leitregion
38440,Wolfsburg,52.42452,10.78150,ort
38442,Wolfsburg,52.42452,10.78150,ort
38444,Wolfsburg,52.42452,10.78150,ort
38446,Wolfsburg,52.42452,10.78150,ort
38448,Wolfsburg,52.42452,10.78150,ort
38458,Velpke,52.40797,10.93637,ort
38459,Bahrdorf,52.38587,11.00040,ort
38461,Danndorf,52.42472,10.91286,ort
38462,Grafhorst,52.44482,10.94513,ort
38464,Groß Twülpstedt,52.37361,10.91929,ort
38465,Brome,52.60019,10.93754,ort
38467,Bergfeld,52.25577,10.57245,leitregion
38468,Ehra-Lessien,52.25577,10.57245,leitregion
38470,Parsau,52.53471,10.89020,ort
38471,Rühen,52.48560,10.88642,ort
38473,Tiddische,52.51667,10.80000,ort
38474,Tülau,52.57578,10.87818,ort
38476,Barwedel,52.52192,10.77488,ort
38477,Jembke,52.50000,10.76667,ort
38479,Tappenbeck,52.47055,10.74068,ort
38486,Apenburg-Winterfeld,52.62725,11.16424,ort
38489,Beetzendorf,52.70226,11.08890,ort
38518,Gifhorn,52.47774,10.55110,ort
38524,Sassenburg,52.51667,10.63333,ort
38527,Meine,52.25577,10.57245,leitregion
38528,Adenbüttel,52.37984,10.45079,ort
38530,Didderse,52.38042,10.40294,ort
38531,Rötgesbüttel,52.41667,10.53333,ort
38533,Vordorf,52.36522,10.52035,ort
38536,Meinersen,52.47436,10.35247,ort
38539,Müden (Aller),52.52771,10.36011,ort
38542,Leiferde,52.20445,10.50842,ort
38543,Hillerse,51.68558,9.94973,ort
38547,Calberlah,52.42074,10.62326,ort
38550,Isenbüttel,52.43333,10.58333,ort
38551,Ribbesbüttel,52.43435,10.50997,ort
38553,Wasbüttel,52.41331,10.59357,ort
38554,Weyhausen,52.46208,10.71699,ort
38556,Bokensdorf,52.25577,10.57245,leitregion
38557,Osloß,52.46925,10.68011,ort
38559,Gifhorn,52.47774,10.55110,ort
38640,Goslar,51.90425,10.42766,ort
38642,Goslar,51.90425,10.42766,ort
38644,Goslar,51.90425,10.42766,ort
38667,Bad Harzburg,51.88268,10.56157,ort
38678,Clausthal-Zellerfeld,51.80949,10.33821,ort
38685,Langelsheim,51.93789,10.33264,ort
38690,Goslar,51.90425,10.42766,ort
38700,Braunlage,51.72651,10.61090,ort
38704,Liebenburg,52.02176,10.43169,ort
38707,Clausthal-Zellerfeld,51.80949,10.33821,ort
38709,Clausthal-Zellerfeld,51.80949,10.33821,ort
38723,Seesen,51.89095,10.17847,ort
38729,Hahausen,51.98943,10.26930,ort
38820,Halberstadt,51.89562,11.05622,ort
38822,Groß Quenstedt,51.93333,11.11667,ort
38828,Wegeleben,51.88376,11.17347,ort
38829,Harsleben,51.86667,11.10000,ort
38835,Osterwieck,51.96990,10.71042,ort
38836,Huy,51.96990,10.71042,ort
38838,Huy,52.25577,10.57245,leitregion
38855,Nordharz,51.83652,10.78216,ort
38871,Ilsenburg,51.86695,10.67817,ort
38875,Oberharz am Brocken,51.83652,10.78216,ort
38877,Oberharz am Brocken,52.25577,10.57245,leitregion
38879,Wernigerode,51.83652,10.78216,ort
38889,Blankenburg,51.79025,10.95509,ort
38895,Blankenburg,51.79025,10.95509,ort
38899,Oberharz am Brocken,52.25577,10.57245,leitregion
39104,Magdeburg,52.12773,11.62916,ort
39106,Magdeburg,52.12773,11.62916,ort
39108,Magdeburg,52.12773,11.62916,ort
39110,Magdeburg,52.12773,11.62916,ort
39112,Magdeburg,52.12773,11.62916,ort
39114,Magdeburg,52.12773,11.62916,ort
39116,Magdeburg,52.12773,11.62916,ort
39118,Magdeburg,52.12773,11.62916,ort
39120,Magdeburg,52.12773,11.62916,ort
39122,Magdeburg,52.12773,11.62916,ort
39124,Magdeburg,52.12773,11.62916,ort
39126,Magdeburg,52.12773,11.62916,ort
39128,Magdeburg,52.12773,11.62916,ort
39130,Magdeburg,52.12773,11.62916,ort
39164,Wanzleben-Börde,52.12773,11.62916,leitregion
39167,Hohe Börde,52.12773,11.62916,leitregion
39171,Sülzetal,52.12773,11.62916,leitregion
39175,Biederitz,52.15000,11.71667,ort
39179,Barleben,52.20193,11.61770,ort
39217,Schönebeck (Elbe),52.01682,11.73070,ort
39218,Schönebeck (Elbe),52.01682,11.73070,ort
39221,Bördeland,52.12773,11.62916,leitregion
39240,Barby,51.96711,11.88261,ort
39245,Gommern,52.07391,11.82297,ort
39249,Barby,51.96711,11.88261,ort
39261,Zerbst/Anhalt,52.12773,11.62916,leitregion
39264,Gommern,52.07391,11.82297,ort
39279,Gommern,52.07391,11.82297,ort
39288,Burg,51.83448,14.14856,ort
39291,Genthin,52.40668,12.15920,ort
39307,Elbe-Parey,52.40668,12.15920,ort
39317,Elbe-Parey,52.12773,11.62916,leitregion
39319,Jerichow,52.50049,12.02383,ort
39326,Angern,52.35000,11.73333,ort
39340,Haldensleben,52.12773,11.62916,leitregion
39343,Altenhausen,52.21812,11.24245,ort
39345,Bülstringen,52.33083,11.24176,ort
39356,Flechtingen,52.33083,11.24176,ort
39359,Calvörde,52.39551,11.29463,ort
39365,Eilsleben,52.14708,11.21035,ort
39387,Oschersleben,52.03039,11.22898,ort
39393,Am Großen Bruch,52.09049,11.11192,ort
39397,Gröningen,51.93744,11.21601,ort
39418,Staßfurt,51.85186,11.58508,ort
39435,Bördeaue,51.94881,11.55865,ort
39439,Güsten,51.79637,11.61246,ort
39443,Staßfurt,51.85186,11.58508,ort
39444,Hecklingen,51.84705,11.53416,ort
39446,Staßfurt,51.85186,11.58508,ort
39448,Börde-Hakel,52.12773,11.62916,leitregion
39517,Angern,52.35000,11.73333,ort
39524,Kamern,52.66835,12.06812,ort
39539,Havelberg,52.83088,12.07552,ort
39576,Stendal,52.60690,11.85867,ort
39579,Rochau,52.43530,11.80724,ort
39590,Tangermünde,52.54463,11.97647,ort
39596,Arneburg,52.67565,12.00514,ort
39606,Altmärkische Höhe,52.78721,11.75297,ort
39615,Aland,52.88872,11.75236,ort
39619,Arendsee (Altmark),52.12773,11.62916,leitregion
39624,Kalbe (Milde),52.65656,11.38456,ort
39628,Bismark (Altmark),52.66195,11.55638,ort
39629,Bismark (Altmark),52.66195,11.55638,ort
39638,Calvörde,52.39551,11.29463,ort
39646,Gardelegen,52.52520,11.39523,ort
39649,Gardelegen,52.52520,11.39523,ort
40210,Düsseldorf,51.22172,6.77616,ort
40211,Düsseldorf,51.22172,6.77616,ort
40212,Düsseldorf,51.22172,6.77616,ort
40213,Düsseldorf,51.22172,6.77616,ort
40215,Düsseldorf,51.22172,6.77616,ort
40217,Düsseldorf,51.22172,6.77616,ort
40219,Düsseldorf,51.22172,6.77616,ort
40221,Düsseldorf,51.22172,6.77616,ort
40223,Düsseldorf,51.22172,6.77616,ort
40225,Düsseldorf,51.22172,6.77616,ort
40227,Düsseldorf,51.22172,6.77616,ort
40229,Düsseldorf,51.22172,6.77616,ort
40231,Düsseldorf,51.22172,6.77616,ort
40233,Düsseldorf,51.22172,6.77616,ort
40235,Düsseldorf,51.22172,6.77616,ort
40237,Düsseldorf,51.22172,6.77616,ort
40239,Düsseldorf,51.22172,6.77616,ort
40468,Düsseldorf,51.22172,6.77616,ort
40470,Düsseldorf,51.22172,6.77616,ort
40472,Düsseldorf,51.22172,6.77616,ort
40474,Düsseldorf,51.22172,6.77616,ort
40476,Düsseldorf,51.22172,6.77616,ort
40477,Düsseldorf,51.22172,6.77616,ort
40479,Düsseldorf,51.22172,6.77616,ort
40489,Düsseldorf,51.22172,6.77616,ort
40545,Düsseldorf,51.22172,6.77616,ort
40547,Düsseldorf,51.22172,6.77616,ort
40549,Düsseldorf,51.22172,6.77616,ort
40589,Düsseldorf,51.22172,6.77616,ort
40591,Düsseldorf,51.22172,6.77616,ort
40593,Düsseldorf,51.22172,6.77616,ort
40595,Düsseldorf,51.22172,6.77616,ort
40597,Düsseldorf,51.22172,6.77616,ort
40599,Düsseldorf,51.22172,6.77616,ort
40625,Düsseldorf,51.22172,6.77616,ort
40627,Düsseldorf,51.22172,6.77616,ort
40629,Düsseldorf,51.22172,6.77616,ort
40667,Meerbusch,51.25268,6.68807,ort
40668,Meerbusch,51.25268,6.68807,ort
40670,Meerbusch,51.25268,6.68807,ort
40699,Erkrath,51.22235,6.90831,ort
40721,Düsseldorf,51.22172,6.77616,ort
40723,Hilden,51.16818,6.93093,ort
40724,Hilden,51.16818,6.93093,ort
40764,Langenfeld (Rheinland),51.10821,6.94831,ort
40789,Monheim am Rhein,51.09162,6.89217,ort
40822,Mettmann,51.25040,6.97536,ort
40878,Ratingen,51.29724,6.84929,ort
40880,Ratingen,51.29724,6.84929,ort
40882,Ratingen,51.29724,6.84929,ort
40883,Ratingen,51.29724,6.84929,ort
40885,Ratingen,51.29724,6.84929,ort
41061,Mönchengladbach,51.18539,6.44172,ort
41063,Mönchengladbach,51.18539,6.44172,ort
41065,Mönchengladbach,51.18539,6.44172,ort
41066,Mönchengladbach,51.18539,6.44172,ort
41068,Mönchengladbach,51.18539,6.44172,ort
41069,Mönchengladbach,51.18539,6.44172,ort
41169,Mönchengladbach,51.18539,6.44172,ort
41179,Mönchengladbach,51.18539,6.44172,ort
41189,Mönchengladbach,51.18539,6.44172,ort
41199,Mönchengladbach,51.18539,6.44172,ort
41236,Mönchengladbach,51.18539,6.44172,ort
41238,Mönchengladbach,51.18539,6.44172,ort
41239,Mönchengladbach,51.18539,6.44172,ort
41334,Nettetal,51.31667,6.28333,ort
41352,Korschenbroich,51.19139,6.51352,ort
41363,Jüchen,51.10000,6.50000,ort
41366,Schwalmtal,51.21667,6.26667,ort
41372,Niederkrüchten,51.20000,6.21667,ort
41379,Brüggen,51.24053,6.18376,ort
41460,Neuss,51.19807,6.68504,ort
41462,Neuss,51.19807,6.68504,ort
41464,Neuss,51.19807,6.68504,ort
41466,Neuss,51.19807,6.68504,ort
41468,Neuss,51.19807,6.68504,ort
41469,Neuss,51.19807,6.68504,ort
41470,Neuss,51.19807,6.68504,ort
41472,Neuss,51.19807,6.68504,ort
41515,Grevenbroich,51.09102,6.58270,ort
41516,Grevenbroich,51.09102,6.58270,ort
41517,Grevenbroich,51.09102,6.58270,ort
41539,Dormagen,51.09683,6.83167,ort
41540,Dormagen,51.09683,6.83167,ort
41541,Dormagen,51.09683,6.83167,ort
41542,Dormagen,51.09683,6.83167,ort
41564,Kaarst,51.22929,6.61883,ort
41569,Rommerskirchen,51.03333,6.68333,ort
41747,Viersen,51.25435,6.39441,ort
41748,Viersen,51.25435,6.39441,ort
41749,Viersen,51.25435,6.39441,ort
41751,Viersen,51.25435,6.39441,ort
41812,Erkelenz,51.07947,6.31531,ort
41836,Hückelhoven,51.05550,6.22658,ort
41844,Wegberg,51.14221,6.28436,ort
41849,Wassenberg,51.10009,6.15484,ort
42103,Wuppertal,51.25627,7.14816,ort
42105,Wuppertal,51.25627,7.14816,ort
42107,Wuppertal,51.25627,7.14816,ort
42109,Wuppertal,51.25627,7.14816,ort
42111,Wuppertal,51.25627,7.14816,ort
42113,Wuppertal,51.25627,7.14816,ort
42115,Wuppertal,51.25627,7.14816,ort
42117,Wuppertal,51.25627,7.14816,ort
42119,Wuppertal,51.25627,7.14816,ort
42275,Wuppertal,51.25627,7.14816,ort
42277,Wuppertal,51.25627,7.14816,ort
42279,Wuppertal,51.25627,7.14816,ort
42281,Wuppertal,51.25627,7.14816,ort
42283,Wuppertal,51.25627,7.14816,ort
42285,Wuppertal,51.25627,7.14816,ort
42287,Wuppertal,51.25627,7.14816,ort
42289,Wuppertal,51.25627,7.14816,ort
42327,Wuppertal,51.25627,7.14816,ort
42329,Wuppertal,51.25627,7.14816,ort
42349,Wuppertal,51.25627,7.14816,ort
42369,Wuppertal,51.25627,7.14816,ort
42389,Wuppertal,51.25627,7.14816,ort
42399,Wuppertal,51.25627,7.14816,ort
42477,Radevormwald,51.20219,7.36027,ort
42489,Wülfrath,51.28195,7.03821,ort
42499,Hückeswagen,51.14979,7.34471,ort
42549,Velbert,51.33537,7.04348,ort
42551,Velbert,51.33537,7.04348,ort
42553,Velbert,51.33537,7.04348,ort
42555,Velbert,51.33537,7.04348,ort
42579,Heiligenhaus,51.32662,6.97106,ort
42651,Solingen,51.17343,7.08450,ort
42653,Solingen,51.17343,7.08450,ort
42655,Solingen,51.17343,7.08450,ort
42657,Solingen,51.17343,7.08450,ort
42659,Solingen,51.17343,7.08450,ort
42697,Solingen,51.17343,7.08450,ort
42699,Solingen,51.17343,7.08450,ort
42719,Solingen,51.17343,7.08450,ort
42781,Haan,51.19382,7.01330,ort
42799,Leichlingen,51.10628,7.01873,ort
42853,Remscheid,51.17983,7.19250,ort
42855,Remscheid,51.17983,7.19250,ort
42857,Remscheid,51.17983,7.19250,ort
42859,Remscheid,51.17983,7.19250,ort
42897,Remscheid,51.17983,7.19250,ort
42899,Remscheid,51.17983,7.19250,ort
42929,Wermelskirchen,51.13970,7.21583,ort
44135,Dortmund,51.51494,7.46600,ort
44137,Dortmund,51.51494,7.46600,ort
44139,Dortmund,51.51494,7.46600,ort
44141,Dortmund,51.51494,7.46600,ort
44143,Dortmund,51.51494,7.46600,ort
44145,Dortmund,51.51494,7.46600,ort
44147,Dortmund,51.51494,7.46600,ort
44149,Dortmund,51.51494,7.46600,ort
44225,Dortmund,51.51494,7.46600,ort
44227,Dortmund,51.51494,7.46600,ort
44229,Dortmund,51.51494,7.46600,ort
44263,Dortmund,51.51494,7.46600,ort
44265,Dortmund,51.51494,7.46600,ort
44267,Dortmund,51.51494,7.46600,ort
44269,Dortmund,51.51494,7.46600,ort
44287,Dortmund,51.51494,7.46600,ort
44289,Dortmund,51.51494,7.46600,ort
44309,Dortmund,51.51494,7.46600,ort
44319,Dortmund,51.51494,7.46600,ort
44328,Dortmund,51.51494,7.46600,ort
44329,Dortmund,51.51494,7.46600,ort
44339,Dortmund,51.51494,7.46600,ort
44357,Dortmund,51.51494,7.46600,ort
44359,Dortmund,51.51494,7.46600,ort
44369,Dortmund,51.51494,7.46600,ort
44379,Dortmund,51.51494,7.46600,ort
44388,Dortmund,51.51494,7.46600,ort
44532,Lünen,51.61634,7.52872,ort
44534,Lünen,51.61634,7.52872,ort
44536,Lünen,51.61634,7.52872,ort
44575,Castrop-Rauxel,51.55657,7.31155,ort
44577,Castrop-Rauxel,51.55657,7.31155,ort
44579,Castrop-Rauxel,51.55657,7.31155,ort
44581,Castrop-Rauxel,51.55657,7.31155,ort
44623,Herne,51.53880,7.22572,ort
44625,Herne,51.53880,7.22572,ort
44627,Herne,51.53880,7.22572,ort
44628,Herne,51.53880,7.22572,ort
44629,Herne,51.53880,7.22572,ort
44649,Herne,51.53880,7.22572,ort
44651,Herne,51.53880,7.22572,ort
44652,Herne,51.53880,7.22572,ort
44653,Herne,51.53880,7.22572,ort
44787,Bochum,51.48165,7.21648,ort
44789,Bochum,51.48165,7.21648,ort
44791,Bochum,51.48165,7.21648,ort
44793,Bochum,51.48165,7.21648,ort
44795,Bochum,51.48165,7.21648,ort
44797,Bochum,51.48165,7.21648,ort
44799,Bochum,51.48165,7.21648,ort
44801,Bochum,51.48165,7.21648,ort
44803,Bochum,51.48165,7.21648,ort
44805,Bochum,51.48165,7.21648,ort
44807,Bochum,51.48165,7.21648,ort
44809,Bochum,51.48165,7.21648,ort
44866,Bochum,51.48165,7.21648,ort
44867,Bochum,51.48165,7.21648,ort
44869,Bochum,51.48165,7.21648,ort
44879,Bochum,51.48165,7.21648,ort
44892,Bochum,51.48165,7.21648,ort
44894,Bochum,51.48165,7.21648,ort
45127,Essen,51.45657,7.01228,ort
45128,Essen,51.45657,7.01228,ort
45130,Essen,51.45657,7.01228,ort
45131,Essen,51.45657,7.01228,ort
45133,Essen,51.45657,7.01228,ort
45134,Essen,51.45657,7.01228,ort
45136,Essen,51.45657,7.01228,ort
45138,Essen,51.45657,7.01228,ort
45139,Essen,51.45657,7.01228,ort
45141,Essen,51.45657,7.01228,ort
45143,Essen,51.45657,7.01228,ort
45144,Essen,51.45657,7.01228,ort
45145,Essen,51.45657,7.01228,ort
45147,Essen,51.45657,7.01228,ort
45149,Essen,51.45657,7.01228,ort
45219,Essen,51.45657,7.01228,ort
45239,Essen,51.45657,7.01228,ort
45257,Essen,51.45657,7.01228,ort
45259,Essen,51.45657,7.01228,ort
45276,Essen,51.45657,7.01228,ort
45277,Essen,51.45657,7.01228,ort
45279,Essen,51.45657,7.01228,ort
45289,Essen,51.45657,7.01228,ort
45307,Essen,51.45657,7.01228,ort
45309,Essen,51.45657,7.01228,ort
45326,Essen,51.45657,7.01228,ort
45327,Essen,51.45657,7.01228,ort
45329,Essen,51.45657,7.01228,ort
45355,Essen,51.45657,7.01228,ort
45356,Essen,51.45657,7.01228,ort
45357,Essen,51.45657,7.01228,ort
45359,Essen,51.45657,7.01228,ort
45468,Mülheim an der Ruhr,51.43218,6.87967,ort
45470,Mülheim an der Ruhr,51.43218,6.87967,ort
45472,Mülheim an der Ruhr,51.43218,6.87967,ort
45473,Mülheim an der Ruhr,51.43218,6.87967,ort
45475,Mülheim an der Ruhr,51.43218,6.87967,ort
45476,Mülheim an der Ruhr,51.43218,6.87967,ort
45478,Mülheim an der Ruhr,51.43218,6.87967,ort
45479,Mülheim an der Ruhr,51.43218,6.87967,ort
45481,Mülheim an der Ruhr,51.43218,6.87967,ort
45525,Hattingen,51.39894,7.18557,ort
45527,Hattingen,51.39894,7.18557,ort
45529,Hattingen,51.39894,7.18557,ort
45549,Sprockhövel,51.34669,7.24343,ort
45657,Recklinghausen,51.61379,7.19738,ort
45659,Recklinghausen,51.61379,7.19738,ort
45661,Recklinghausen,51.61379,7.19738,ort
45663,Recklinghausen,51.61379,7.19738,ort
45665,Recklinghausen,51.61379,7.19738,ort
45699,Herten,51.59638,7.14387,ort
45701,Herten,51.59638,7.14387,ort
45711,Datteln,51.65598,7.34530,ort
45721,Haltern am See,51.74297,7.18163,ort
45731,Waltrop,51.62125,7.40238,ort
45739,Oer-Erkenschwick,51.64198,7.26451,ort
45768,Marl,51.65671,7.09038,ort
45770,Marl,51.65671,7.09038,ort
45772,Marl,51.65671,7.09038,ort
45879,Gelsenkirchen,51.50508,7.09654,ort
45881,Gelsenkirchen,51.50508,7.09654,ort
45883,Gelsenkirchen,51.50508,7.09654,ort
45884,Gelsenkirchen,51.50508,7.09654,ort
45886,Gelsenkirchen,51.50508,7.09654,ort
45888,Gelsenkirchen,51.50508,7.09654,ort
45889,Gelsenkirchen,51.50508,7.09654,ort
45891,Gelsenkirchen,51.50508,7.09654,ort
45892,Gelsenkirchen,51.50508,7.09654,ort
45894,Gelsenkirchen,51.50508,7.09654,ort
45896,Gelsenkirchen,51.50508,7.09654,ort
45897,Gelsenkirchen,51.50508,7.09654,ort
45899,Gelsenkirchen,51.50508,7.09654,ort
45964,Gladbeck,51.57077,6.98593,ort
45966,Gladbeck,51.57077,6.98593,ort
45968,Gladbeck,51.57077,6.98593,ort
46045,Oberhausen,51.47805,6.86250,ort
46047,Oberhausen,51.47805,6.86250,ort
46049,Oberhausen,51.47805,6.86250,ort
46117,Oberhausen,51.47805,6.86250,ort
46119,Oberhausen,51.47805,6.86250,ort
46145,Oberhausen,51.47805,6.86250,ort
46147,Oberhausen,51.47805,6.86250,ort
46149,Oberhausen,51.47805,6.86250,ort
46236,Bottrop,51.52392,6.92850,ort
46238,Bottrop,51.52392,6.92850,ort
46240,Bottrop,51.52392,6.92850,ort
46242,Bottrop,51.52392,6.92850,ort
46244,Bottrop,51.52392,6.92850,ort
46282,Dorsten,51.66166,6.96514,ort
46284,Dorsten,51.66166,6.96514,ort
46286,Dorsten,51.66166,6.96514,ort
46325,Borken,51.84382,6.85774,ort
46342,Velen,51.89447,6.98807,ort
46348,Raesfeld,51.76667,6.85000,ort
46354,Südlohn,51.93333,6.86667,ort
46359,Heiden,51.83333,6.93333,ort
46395,Bocholt,51.83879,6.61531,ort
46397,Bocholt,51.83879,6.61531,ort
46399,Bocholt,51.83879,6.61531,ort
46414,Rhede,51.83537,6.69602,ort
46419,Isselburg,51.83232,6.46428,ort
46446,Emmerich am Rhein,51.83933,6.24792,ort
46459,Rees,51.76263,6.39778,ort
46483,Wesel,51.66690,6.62037,ort
46485,Wesel,51.66690,6.62037,ort
46487,Wesel,51.66690,6.62037,ort
46499,Hamminkeln,51.73262,6.59031,ort
46509,Xanten,51.65877,6.45297,ort
46514,Schermbeck,51.68333,6.86667,ort
46519,Alpen,51.58333,6.51667,ort
46535,Dinslaken,51.56227,6.74340,ort
46537,Dinslaken,51.56227,6.74340,ort
46539,Dinslaken,51.56227,6.74340,ort
46562,Voerde (Niederrhein),51.59703,6.68630,ort
46569,Hünxe,51.63405,6.69741,ort
47051,Duisburg,51.43247,6.76516,ort
47053,Duisburg,51.43247,6.76516,ort
47055,Duisburg,51.43247,6.76516,ort
47057,Duisburg,51.43247,6.76516,ort
47058,Duisburg,51.43247,6.76516,ort
47059,Duisburg,51.43247,6.76516,ort
47119,Duisburg,51.43247,6.76516,ort
47137,Duisburg,51.43247,6.76516,ort
47138,Duisburg,51.43247,6.76516,ort
47139,Duisburg,51.43247,6.76516,ort
47166,Duisburg,51.43247,6.76516,ort
47167,Duisburg,51.43247,6.76516,ort
47169,Duisburg,51.43247,6.76516,ort
47178,Duisburg,51.43247,6.76516,ort
47179,Duisburg,51.43247,6.76516,ort
47198,Duisburg,51.43247,6.76516,ort
47199,Duisburg,51.43247,6.76516,ort
47226,Duisburg,51.43247,6.76516,ort
47228,Duisburg,51.43247,6.76516,ort
47229,Duisburg,51.43247,6.76516,ort
47239,Duisburg,51.43247,6.76516,ort
47249,Duisburg,51.43247,6.76516,ort
47259,Duisburg,51.43247,6.76516,ort
47269,Duisburg,51.43247,6.76516,ort
47279,Duisburg,51.43247,6.76516,ort
47441,Moers,51.45342,6.63260,ort
47443,Moers,51.45342,6.63260,ort
47445,Moers,51.45342,6.63260,ort
47447,Moers,51.45342,6.63260,ort
47475,Kamp-Lintfort,51.50467,6.54587,ort
47495,Rheinberg,51.54649,6.59525,ort
47506,Neukirchen-Vluyn,51.43247,6.55381,leitregion
47509,Rheurdt,51.46667,6.46667,ort
47533,Kleve,51.78826,6.13865,ort
47546,Kalkar,51.73907,6.29101,ort
47551,Bedburg-Hau,51.43247,6.55381,leitregion
47559,Kranenburg,51.78333,6.01667,ort
47574,Goch,51.67873,6.15895,ort
47589,Uedem,51.66520,6.27371,ort
47608,Geldern,51.51908,6.32363,ort
47623,Kevelaer,51.58243,6.24603,ort
47624,Kevelaer,51.58243,6.24603,ort
47625,Kevelaer,51.58243,6.24603,ort
47626,Kevelaer,51.58243,6.24603,ort
47627,Kevelaer,51.58243,6.24603,ort
47638,Straelen,51.44190,6.26639,ort
47647,Kerken,51.43247,6.55381,leitregion
47652,Weeze,51.62678,6.19792,ort
47661,Issum,51.53333,6.43333,ort
47665,Sonsbeck,51.60741,6.37916,ort
47669,Wachtendonk,51.40916,6.33894,ort
47798,Krefeld,51.33645,6.55381,ort
47799,Krefeld,51.33645,6.55381,ort
47800,Krefeld,51.33645,6.55381,ort
47802,Krefeld,51.33645,6.55381,ort
47803,Krefeld,51.33645,6.55381,ort
47804,Krefeld,51.33645,6.55381,ort
47805,Krefeld,51.33645,6.55381,ort
47807,Krefeld,51.33645,6.55381,ort
47809,Krefeld,51.33645,6.55381,ort
47829,Krefeld,51.33645,6.55381,ort
47839,Krefeld,51.33645,6.55381,ort
47877,Willich,51.26371,6.54734,ort
47906,Kempen,51.36432,6.41858,ort
47918,Tönisvorst,51.32092,6.49412,ort
47929,Grefrath,51.33630,6.34072,ort
48143,Münster,51.96236,7.62571,ort
48145,Münster,51.96236,7.62571,ort
48147,Münster,51.96236,7.62571,ort
48149,Münster,51.96236,7.62571,ort
48151,Münster,51.96236,7.62571,ort
48153,Münster,51.96236,7.62571,ort
48155,Münster,51.96236,7.62571,ort
48157,Münster,51.96236,7.62571,ort
48159,Münster,51.96236,7.62571,ort
48161,Münster,51.96236,7.62571,ort
48163,Münster,51.96236,7.62571,ort
48165,Münster,51.96236,7.62571,ort
48167,Münster,51.96236,7.62571,ort
48231,Warendorf,51.95109,7.98756,ort
48249,Dülmen,51.83149,7.28075,ort
48268,Greven,52.09364,7.59396,ort
48282,Emsdetten,52.17340,7.52781,ort
48291,Telgte,51.97995,7.78293,ort
48301,Nottuln,51.93333,7.35000,ort
48308,Senden,48.32441,10.04442,ort
48317,Drensteinfurt,51.79535,7.73815,ort
48324,Sendenhorst,51.84303,7.82996,ort
48329,Havixbeck,51.98333,7.41667,ort
48336,Sassenberg,51.99223,8.04068,ort
48341,Altenberge,52.05000,7.46667,ort
48346,Ostbevern,52.04018,7.84229,ort
48351,Everswinkel,51.92595,7.84690,ort
48356,Nordwalde,52.08333,7.48333,ort
48361,Beelen,51.92906,8.11117,ort
48366,Laer,52.05555,7.35775,ort
48369,Saerbeck,52.17372,7.63395,ort
48429,Rheine,52.28509,7.44055,ort
48431,Rheine,52.28509,7.44055,ort
48432,Rheine,52.28509,7.44055,ort
48455,Bad Bentheim,52.30066,7.15763,ort
48465,Engden,52.32281,7.22176,ort
48477,Hörstel,52.29763,7.58382,ort
48480,Lünne,52.42958,7.42653,ort
48485,Neuenkirchen,52.24472,7.37183,ort
48488,Emsbüren,52.40000,7.30000,ort
48493,Wettringen,52.20939,7.31895,ort
48496,Hopsten,52.03792,7.44055,leitregion
48499,Salzbergen,52.33333,7.35000,ort
48527,Nordhorn,52.43081,7.06833,ort
48529,Nordhorn,52.43081,7.06833,ort
48531,Nordhorn,52.43081,7.06833,ort
48565,Steinfurt,52.15045,7.33664,ort
48599,Gronau,52.21099,7.02238,ort
48607,Ochtrup,52.20802,7.18988,ort
48612,Horstmar,52.08098,7.30539,ort
48619,Heek,52.11667,7.10000,ort
48624,Schöppingen,52.10000,7.23333,ort
48629,Metelen,52.14434,7.21270,ort
48653,Coesfeld,51.94349,7.16809,ort
48683,Ahaus,52.07936,7.01344,ort
48691,Vreden,52.03792,6.82800,ort
48703,Stadtlohn,51.99399,6.91918,ort
48712,Gescher,51.95400,7.00481,ort
48720,Rosendahl,52.03792,7.44055,leitregion
48727,Billerbeck,51.97829,7.29261,ort
48734,Reken,52.03792,7.44055,leitregion
48739,Legden,52.03333,7.10000,ort
49074,Osnabrück,52.27264,8.04980,ort
49076,Osnabrück,52.27264,8.04980,ort
49078,Osnabrück,52.27264,8.04980,ort
49080,Osnabrück,52.27264,8.04980,ort
49082,Osnabrück,52.27264,8.04980,ort
49084,Osnabrück,52.27264,8.04980,ort
49086,Osnabrück,52.27264,8.04980,ort
49088,Osnabrück,52.27264,8.04980,ort
49090,Osnabrück,52.27264,8.04980,ort
49124,Georgsmarienhütte,52.20296,8.04480,ort
49134,Wallenhorst,52.35000,8.01667,ort
49143,Bissendorf,52.23333,8.16667,ort
49152,Bad Essen,52.31667,8.33333,ort
49163,Bohmte,52.36667,8.31667,ort
49170,Hagen am Teutoburger Wald,51.36081,7.47168,ort
49176,Hilter,52.13573,8.14715,ort
49179,Ostercappeln,52.35000,8.23333,ort
49186,Bad Iburg,52.15490,8.04216,ort
49191,Belm,52.30000,8.13333,ort
49196,Bad Laer,52.10000,8.08333,ort
49201,Dissen,52.11591,8.19956,ort
49205,Hasbergen,52.23754,7.96114,ort
49214,Bad Rothenfelde,52.11667,8.16667,ort
49219,Glandorf,52.08474,7.99944,ort
49324,Melle,52.20197,8.33826,ort
49326,Melle,52.20197,8.33826,ort
49328,Melle,52.20197,8.33826,ort
49356,Diepholz,52.60783,8.37005,ort
49377,Vechta,52.72632,8.28598,ort
49393,Lohne,52.66625,8.23750,ort
49401,Damme,52.52157,8.19793,ort
49406,Barnstorf,52.71009,8.50256,ort
49413,Dinklage,52.66223,8.12440,ort
49419,Wagenfeld,52.55000,8.58333,ort
49424,Goldenstedt,52.78833,8.43201,ort
49429,Visbek,52.83333,8.31667,ort
49434,Neuenkirchen-Vörden,52.51975,7.97810,leitregion
49439,Steinfeld,52.58596,8.21417,ort
49448,Brockum,52.46667,8.41667,ort
49451,Holdorf,52.58333,8.11667,ort
49453,Barver,52.62066,8.59251,ort
49456,Bakum,52.74118,8.19546,ort
49457,Drebber,52.51975,7.97810,leitregion
49459,Lembruch,52.51975,7.97810,leitregion
49477,Ibbenbüren,52.27964,7.71457,ort
49479,Ibbenbüren,52.27964,7.71457,ort
49492,Westerkappeln,52.31667,7.88333,ort
49497,Mettingen,52.31667,7.78333,ort
49504,Lotte,52.28333,7.91667,ort
49509,Recke,52.36885,7.72116,ort
49525,Lengerich,52.18661,7.86043,ort
49536,Lienen,52.15000,7.98333,ort
49545,Tecklenburg,52.21957,7.81357,ort
49549,Ladbergen,52.13333,7.75000,ort
49565,Bramsche,52.40881,7.97288,ort
49577,Ankum,52.55000,7.88333,ort
49584,Fürstenau,52.51667,7.67670,ort
49586,Merzen,52.48333,7.83333,ort
49593,Bersenbrück,52.55160,7.94836,ort
49594,Alfhausen,52.50000,7.95000,ort
49596,Gehrde,52.57684,8.00342,ort
49597,Rieste,52.48333,8.01667,ort
49599,Voltlage,52.43333,7.75000,ort
49610,Quakenbrück,52.67502,7.94983,ort
49624,Löningen,52.73678,7.75809,ort
49626,Berge,52.62326,7.74550,ort
49632,Essen/Oldenburg,52.51975,7.97810,leitregion
49635,Badbergen,52.63333,7.98333,ort
49637,Menslage,52.68333,7.81667,ort
49638,Nortrup,52.61503,7.86072,ort
49661,Cloppenburg,52.84754,8.04500,ort
49681,Garrel,52.95000,8.01667,ort
49685,Emstek,52.83333,8.15000,ort
49688,Lastrup,52.79468,7.86715,ort
49692,Cappeln (Oldenburg),52.81085,8.11474,ort
49696,Molbergen,52.85805,7.92548,ort
49699,Lindern (Oldenburg),52.51975,7.97810,leitregion
49716,Meppen,52.69064,7.29097,ort
49733,Haren (Ems),52.79262,7.24142,ort
49740,Haselünne,52.67412,7.48460,ort
49744,Geeste,52.60000,7.26667,ort
49751,Hüven,52.85000,7.51667,ort
49757,Lahn,52.88333,7.76667,ort
49762,Fresenburg,52.86667,7.31667,ort
49767,Twist,52.51975,7.97810,leitregion
49770,Dohren,52.65000,7.58333,ort
49774,Lähden,52.74547,7.57036,ort
49777,Groß Berßen,52.76797,7.46182,ort
49779,Niederlangen,52.85712,7.28199,ort
49808,Lingen (Ems),52.52143,7.31845,ort
49809,Lingen (Ems),52.52143,7.31845,ort
49811,Lingen (Ems),52.52143,7.31845,ort
49824,Emlichheim,52.61667,6.85000,ort
49828,Esche,52.56667,7.08333,ort
49832,Andervenne,52.43333,7.50000,ort
49835,Wietmarschen,52.51806,7.13408,ort
49838,Gersten,52.58333,7.51667,ort
49843,Getelo,52.06007,8.36083,ort
49844,Bawinkel,52.60000,7.40000,ort
49846,Hoogstede,52.58333,6.95000,ort
49847,Itterbeck,52.50618,6.80354,ort
49849,Wilsum,52.53333,6.85000,ort
50126,Bergheim,50.95572,6.63986,ort
50127,Bergheim,50.95572,6.63986,ort
50129,Bergheim,50.95572,6.63986,ort
50169,Kerpen,50.86991,6.69691,ort
50170,Kerpen,50.86991,6.69691,ort
50171,Kerpen,50.86991,6.69691,ort
50181,Bedburg,50.99258,6.57128,ort
50189,Elsdorf,50.93739,6.56828,ort
50226,Frechen,50.91485,6.81180,ort
50259,Pulheim,50.99965,6.80632,ort
50321,Brühl,50.82928,6.90499,ort
50354,Hürth,50.87079,6.86761,ort
50374,Erftstadt,50.81481,6.79387,ort
50389,Wesseling,50.82709,6.97470,ort
50667,Köln,50.93333,6.95000,ort
50668,Köln,50.93333,6.95000,ort
50670,Köln,50.93333,6.95000,ort
50672,Köln,50.93333,6.95000,ort
50674,Köln,50.93333,6.95000,ort
50676,Köln,50.93333,6.95000,ort
50677,Köln,50.93333,6.95000,ort
50678,Köln,50.93333,6.95000,ort
50679,Köln,50.93333,6.95000,ort
50733,Köln,50.93333,6.95000,ort
50735,Köln,50.93333,6.95000,ort
50737,Köln,50.93333,6.95000,ort
50739,Köln,50.93333,6.95000,ort
50765,Köln,50.93333,6.95000,ort
50767,Köln,50.93333,6.95000,ort
50769,Köln,50.93333,6.95000,ort
50823,Köln,50.93333,6.95000,ort
50825,Köln,50.93333,6.95000,ort
50827,Köln,50.93333,6.95000,ort
50829,Köln,50.93333,6.95000,ort
50858,Köln,50.93333,6.95000,ort
50859,Köln,50.93333,6.95000,ort
50931,Köln,50.93333,6.95000,ort
50933,Köln,50.93333,6.95000,ort
50935,Köln,50.93333,6.95000,ort
50937,Köln,50.93333,6.95000,ort
50939,Köln,50.93333,6.95000,ort
50968,Köln,50.93333,6.95000,ort
50969,Köln,50.93333,6.95000,ort
50996,Köln,50.93333,6.95000,ort
50997,Köln,50.93333,6.95000,ort
50999,Köln,50.93333,6.95000,ort
51061,Köln,50.93333,6.95000,ort
51063,Köln,50.93333,6.95000,ort
51065,Köln,50.93333,6.95000,ort
51067,Köln,50.93333,6.95000,ort
51069,Köln,50.93333,6.95000,ort
51103,Köln,50.93333,6.95000,ort
51105,Köln,50.93333,6.95000,ort
51107,Köln,50.93333,6.95000,ort
51109,Köln,50.93333,6.95000,ort
51143,Köln,50.93333,6.95000,ort
51145,Köln,50.93333,6.95000,ort
51147,Köln,50.93333,6.95000,ort
51149,Köln,50.93333,6.95000,ort
51371,Leverkusen,51.03030,6.98432,ort
51373,Leverkusen,51.03030,6.98432,ort
51375,Leverkusen,51.03030,6.98432,ort
51377,Leverkusen,51.03030,6.98432,ort
51379,Leverkusen,51.03030,6.98432,ort
51381,Leverkusen,51.03030,6.98432,ort
51399,Burscheid,51.08468,7.11393,ort
51427,Bergisch Gladbach,50.98560,7.13298,ort
51429,Bergisch Gladbach,50.98560,7.13298,ort
51465,Bergisch Gladbach,50.98560,7.13298,ort
51467,Bergisch Gladbach,50.98560,7.13298,ort
51469,Bergisch Gladbach,50.98560,7.13298,ort
51491,Overath,50.93275,7.28389,ort
51503,Rösrath,50.89559,7.18175,ort
51515,Kürten,51.05000,7.26667,ort
51519,Odenthal,51.03333,7.11667,ort
51545,Waldbröl,50.87576,7.61688,ort
51570,Windeck,50.98560,7.12482,leitregion
51580,Reichshof,50.98560,7.12482,leitregion
51588,Nümbrecht,50.90427,7.54063,ort
51597,Morsbach,50.86665,7.72787,ort
51598,Friesenhagen,50.90377,7.80961,ort
51643,Gummersbach,51.02608,7.56473,ort
51645,Gummersbach,51.02608,7.56473,ort
51647,Gummersbach,51.02608,7.56473,ort
51674,Wiehl,50.94950,7.55062,ort
51688,Wipperfürth,51.11610,7.39865,ort
51702,Bergneustadt,51.02496,7.65599,ort
51709,Marienheide,51.08317,7.53087,ort
51766,Engelskirchen,50.98854,7.41391,ort
51789,Lindlar,51.01959,7.37758,ort
52062,Aachen,50.77664,6.08342,ort
52064,Aachen,50.77664,6.08342,ort
52066,Aachen,50.77664,6.08342,ort
52068,Aachen,50.77664,6.08342,ort
52070,Aachen,50.77664,6.08342,ort
52072,Aachen,50.77664,6.08342,ort
52074,Aachen,50.77664,6.08342,ort
52076,Aachen,50.77664,6.08342,ort
52078,Aachen,50.77664,6.08342,ort
52080,Aachen,50.77664,6.08342,ort
52134,Herzogenrath,50.86874,6.09317,ort
52146,Würselen,50.81809,6.13470,ort
52152,Simmerath,50.60000,6.30000,ort
52156,Monschau,50.55462,6.24001,ort
52159,Roetgen,50.65000,6.20000,ort
52222,Stolberg,50.77368,6.22595,ort
52223,Stolberg,50.77368,6.22595,ort
52224,Stolberg,50.77368,6.22595,ort
52249,Eschweiler,50.81854,6.27184,ort
52349,Düren,50.80434,6.49299,ort
52351,Düren,50.80434,6.49299,ort
52353,Düren,50.80434,6.49299,ort
52355,Düren,50.80434,6.49299,ort
52372,Kreuzau,50.74699,6.49069,ort
52379,Langerwehe,50.81667,6.35000,ort
52382,Niederzier,50.88333,6.46667,ort
52385,Nideggen,50.69268,6.48437,ort
52388,Nörvenich,50.80604,6.63952,ort
52391,Vettweiß,50.73333,6.60000,ort
52393,Hürtgenwald,50.80434,6.22595,leitregion
52396,Heimbach,50.63693,6.46896,ort
52399,Merzenich,50.80434,6.22595,leitregion
52428,Jülich,50.92149,6.36267,ort
52441,Linnich,50.98002,6.27049,ort
52445,Titz,51.00619,6.42477,ort
52457,Aldenhoven,50.90000,6.28333,ort
52459,Inden,50.84306,6.36004,ort
52477,Alsdorf,50.87673,6.16399,ort
52499,Baesweiler,50.90964,6.18874,ort
52511,Geilenkirchen,50.96745,6.11763,ort
52525,Heinsberg,51.06358,6.09980,ort
52531,Übach-Palenberg,50.91775,6.12336,ort
52538,Gangelt,50.99247,5.99802,ort
53111,Bonn,50.73438,7.09549,ort
53113,Bonn,50.73438,7.09549,ort
53115,Bonn,50.73438,7.09549,ort
53117,Bonn,50.73438,7.09549,ort
53119,Bonn,50.73438,7.09549,ort
53121,Bonn,50.73438,7.09549,ort
53123,Bonn,50.73438,7.09549,ort
53125,Bonn,50.73438,7.09549,ort
53127,Bonn,50.73438,7.09549,ort
53129,Bonn,50.73438,7.09549,ort
53173,Bonn,50.73438,7.09549,ort
53175,Bonn,50.73438,7.09549,ort
53177,Bonn,50.73438,7.09549,ort
53179,Bonn,50.73438,7.09549,ort
53225,Bonn,50.73438,7.09549,ort
53227,Bonn,50.73438,7.09549,ort
53229,Bonn,50.73438,7.09549,ort
53332,Bornheim,50.76313,6.99089,ort
53340,Meckenheim,50.62388,7.02942,ort
53343,Wachtberg,50.63333,7.10000,ort
53347,Alfter,50.73333,7.01667,ort
53359,Rheinbach,50.62562,6.94911,ort
53424,Remagen,50.57879,7.22703,ort
53426,Dedenbach,51.06667,12.75000,ort
53474,Bad Neuenahr-Ahrweiler,50.54322,7.11130,ort
53489,Sinzig,50.54384,7.24639,ort
53498,Bad Breisig,50.50523,7.28861,ort
53501,Grafschaft,50.68376,7.09549,leitregion
53505,Altenahr,50.51694,6.99206,ort
53506,Ahrbrück,50.48225,6.98804,ort
53507,Dernau,50.53333,7.05000,ort
53508,Mayschoß,50.68376,7.09549,leitregion
53518,Adenau,50.38238,6.93291,ort
53520,Dankerath,50.68376,7.09549,leitregion
53533,Antweiler,50.68376,7.09549,leitregion
53534,Barweiler,50.68376,7.09549,leitregion
53539,Bodenbach,50.29164,6.91950,ort
53545,Linz am Rhein,50.56884,7.28445,ort
53547,Bad Hönningen,50.51689,7.31195,ort
53557,Bad Hönningen,50.51689,7.31195,ort
53560,Linz am Rhein,50.56884,7.28445,ort
53562,Sankt Katharinen,50.58333,7.38333,ort
53567,Asbach,50.66667,7.41667,ort
53572,Bruchhausen,50.59653,7.21888,ort
53577,Neustadt (Wied),49.35009,8.13886,ort
53578,Windhagen,50.64121,7.35352,ort
53579,Erpel,50.58333,7.23333,ort
53604,Bad Honnef,50.64336,7.22780,ort
53619,Rheinbreitbach,50.61667,7.23333,ort
53639,Königswinter,50.68376,7.18675,ort
53721,Siegburg,50.80019,7.20769,ort
53757,Sankt Augustin,50.77538,7.19700,ort
53773,Hennef (Sieg),50.77555,7.28308,ort
53783,Eitorf,50.76667,7.45000,ort
53797,Lohmar,50.83868,7.21399,ort
53804,Much,50.90383,7.40306,ort
53809,Ruppichteroth,50.84367,7.48409,ort
53819,Neunkirchen-Seelscheid,50.68376,7.09549,leitregion
53840,Troisdorf,50.80901,7.14968,ort
53842,Troisdorf,50.80901,7.14968,ort
53844,Troisdorf,50.80901,7.14968,ort
53859,Niederkassel,50.81503,7.03777,ort
53879,Euskirchen,50.66057,6.78722,ort
53881,Euskirchen,50.66057,6.78722,ort
53894,Mechernich,50.59304,6.65224,ort
53902,Bad Münstereifel,50.55667,6.76424,ort
53909,Zülpich,50.68376,7.09549,leitregion
53913,Swisttal,50.68376,7.09549,leitregion
53919,Weilerswist,50.75292,6.84585,ort
53925,Kall,50.54223,6.56297,ort
53937,Schleiden,50.52896,6.47692,ort
53940,Hellenthal,50.48333,6.43333,ort
53945,Blankenheim,50.43333,6.65000,ort
53947,Nettersheim,50.49372,6.62896,ort
53949,Dahlem,52.45810,13.28702,ort
54290,Trier,49.75565,6.63935,ort
54292,Trier,49.75565,6.63935,ort
54293,Trier,49.75565,6.63935,ort
54294,Trier,49.75565,6.63935,ort
54295,Trier,49.75565,6.63935,ort
54296,Trier,49.75565,6.63935,ort
54298,Aach,47.84240,8.85384,ort
54306,Kordel,49.83333,6.63333,ort
54308,Langsur,49.72442,6.49906,ort
54309,Newel,49.81240,6.58304,ort
54310,Menningen,52.28953,8.91455,ort
54311,Trierweiler,49.76231,6.55987,ort
54313,Zemmer,49.90000,6.70000,ort
54314,Baldringen,49.56155,6.68374,ort
54316,Bonerath,49.68976,6.71239,ort
54317,Farschweiler,49.70000,6.71667,ort
54318,Mertesdorf,49.77212,6.73290,ort
54320,Waldrach,49.74623,6.74543,ort
54329,Konz,49.70045,6.57652,ort
54331,Oberbillig,49.67552,6.67085,ort
54332,Wasserliesch,49.70739,6.53944,ort
54338,Longen,49.82215,6.75256,ort
54340,Bekond,49.84500,6.85086,ort
54341,Fell,49.76667,6.78333,ort
54343,Föhren,49.85929,6.76480,ort
54344,Kenn,49.80000,6.71667,ort
54346,Mehring,48.18333,12.78333,ort
54347,Neumagen-Dhron,49.85553,6.89777,ort
54349,Trittenheim,49.82471,6.89929,ort
54411,Deuselbach,49.65528,6.94407,ort
54413,Bescheid,48.56927,9.40406,ort
54421,Hinzert-Pölert,49.68333,6.88333,ort
54422,Börfink,50.00000,9.41667,ort
54424,Burtscheid,49.75000,7.00000,ort
54426,Berglicht,49.71667,6.98333,ort
54427,Kell am See,49.63425,6.82390,ort
54429,Heddert,49.63333,6.78333,ort
54439,Fisch,49.56667,6.36667,ort
54441,Ayl,49.63333,6.55000,ort
54450,Freudenburg,49.54348,6.53292,ort
54451,Irsch,49.72620,6.69806,ort
54453,Nittel,49.65000,6.45000,ort
54455,Serrig,49.57519,6.57454,ort
54456,Onsdorf,49.66667,6.51667,ort
54457,Wincheringen,49.60904,6.42597,ort
54459,Wiltingen,49.65919,6.59255,ort
54470,Bernkastel-Kues,49.91602,7.07664,ort
54472,Brauneberg,49.90583,6.98127,ort
54483,Kleinich,49.85929,6.71667,leitregion
54484,Maring-Noviand,49.93333,7.00000,ort
54486,Mülheim an der Mosel,51.43218,6.87967,ort
54487,Wintrich,49.85929,6.71667,leitregion
54492,Bernkastel-Kues,49.91602,7.07664,ort
54497,Horath,49.80772,7.12714,ort
54498,Piesport,49.88640,6.91649,ort
54516,Flußbach,49.98596,6.89308,ort
54518,Altrich,49.95701,6.91217,ort
54523,Dierscheid,49.88333,6.81667,ort
54524,Klausen,49.90000,6.88333,ort
54526,Landscheid,49.98333,6.76667,ort
54528,Salmtal,49.93333,6.85000,ort
54529,Spangdahlem,49.85929,6.71667,leitregion
54531,Eckfeld,50.09672,6.80981,ort
54533,Bettenfeld,49.56155,6.68374,ort
54534,Großlittgen,50.02787,6.79865,ort
54536,Kröv,49.98333,7.08333,ort
54538,Bausendorf,50.01667,7.00000,ort
54539,Ürzig,49.95000,7.01667,ort
54550,Daun,50.19716,6.82942,ort
54552,Beinhausen,49.47965,9.64006,ort
54558,Gillenfeld,50.12790,6.90383,ort
54568,Gerolstein,50.22224,6.65984,ort
54570,Berlingen,50.23188,6.69076,ort
54574,Birresborn,50.18333,6.63333,ort
54576,Dohm-Lammersdorf,50.29177,6.66963,ort
54578,Basberg,50.86991,6.69691,ort
54579,Üxheim,50.35000,6.75000,ort
54584,Feusdorf,50.34412,6.58138,ort
54585,Esch,49.85929,6.71667,leitregion
54586,Schüller,49.85929,6.71667,leitregion
54587,Birgel,50.31667,6.60000,ort
54589,Kerschenbach,50.35000,6.53333,ort
54595,Gondenbrett,50.20785,6.42019,ort
54597,Auw bei Prüm,50.75105,8.07939,ort
54608,Bleialf,50.23333,6.28333,ort
54610,Büdesheim,49.85929,6.71667,leitregion
54611,Hallschlag,49.85929,6.71667,leitregion
54612,Lasel,49.85929,6.71667,leitregion
54614,Dingdorf,50.15909,6.46820,ort
54616,Winterspelt,49.85929,6.71667,leitregion
54617,Harspelt,49.85929,6.71667,leitregion
54619,Eschfeld,49.85929,6.71667,leitregion
54634,Birtlingen,49.96794,6.52734,ort
54636,Altscheid,52.45810,13.28702,ort
54646,Bettingen,49.94211,6.40160,ort
54647,Dudeldorf,49.97494,6.63724,ort
54649,Dackscheid,50.09672,6.80981,ort
54655,Etteldorf,50.03864,6.59478,ort
54657,Badem,50.00000,6.61667,ort
54662,Beilingen,49.95000,6.70000,ort
54664,Auw an der Kyll,49.85929,6.71667,leitregion
54666,Irrel,49.84539,6.45705,ort
54668,Alsdorf,50.87673,6.16399,ort
54669,Bollendorf,49.85268,6.35795,ort
54673,Ammeldingen bei Neuerburg,50.81667,10.20000,ort
54675,Ammeldingen an der Our,52.50906,13.55340,ort
54687,Arzfeld,50.08957,6.27069,ort
54689,Affler,49.85929,6.71667,leitregion
55116,Mainz,49.98419,8.27910,ort
55118,Mainz,49.98419,8.27910,ort
55120,Mainz,49.98419,8.27910,ort
55122,Mainz,49.98419,8.27910,ort
55124,Mainz,49.98419,8.27910,ort
55126,Mainz,49.98419,8.27910,ort
55127,Mainz,49.98419,8.27910,ort
55128,Mainz,49.98419,8.27910,ort
55129,Mainz,49.98419,8.27910,ort
55130,Mainz,49.98419,8.27910,ort
55131,Mainz,49.98419,8.27910,ort
55218,Ingelheim am Rhein,49.97078,8.05883,ort
55232,Alzey,49.74657,8.11513,ort
55234,Albig,49.77361,8.12139,ort
55237,Bornheim,50.76313,6.99089,ort
55239,Gau-Odernheim,49.78472,8.19417,ort
55246,Wiesbaden,50.08258,8.24932,ort
55252,Wiesbaden,50.08258,8.24932,ort
55257,Budenheim,50.01667,8.16667,ort
55262,Ingelheim am Rhein,49.97078,8.05883,ort
55263,Ingelheim am Rhein,49.97078,8.05883,ort
55268,Nieder-Olm,49.91166,8.20533,ort
55270,Bubenheim,49.93056,8.15556,ort
55271,Stadecken-Elsheim,49.91222,8.12528,ort
55276,Dienheim,49.83722,8.34972,ort
55278,Dalheim,49.82667,8.29528,ort
55283,Nierstein,49.87003,8.33647,ort
55286,Sulzheim,49.95000,10.33333,ort
55288,Armsheim,49.80972,8.05667,ort
55291,Saulheim,49.91194,8.01812,leitregion
55294,Bodenheim,49.93528,8.32000,ort
55296,Gau-Bischofsheim,49.91583,8.27278,ort
55299,Nackenheim,49.91528,8.33889,ort
55411,Bingen am Rhein,49.96675,7.89920,ort
55413,Manubach,50.01031,7.84709,ort
55422,Bacharach,50.05725,7.76948,ort
55424,Münster-Sarmsheim,49.94341,7.89426,ort
55425,Waldalgesheim,49.95000,7.83333,ort
55430,Oberwesel,50.10777,7.72522,ort
55432,Damscheid,49.91194,8.01812,leitregion
55435,Gau-Algesheim,49.95669,8.01569,ort
55437,Appenheim,49.93000,8.03333,ort
55442,Daxweiler,49.24762,11.09111,ort
55444,Dörrebach,52.46667,13.35000,ort
55450,Langenlonsheim,49.90000,7.90000,ort
55452,Dorsheim,49.93307,7.85977,ort
55457,Gensingen,49.90000,7.93333,ort
55459,Aspisheim,49.90834,7.91599,ort
55469,Altweidelbach,51.87151,8.94510,ort
55471,Biebern,48.50000,12.10000,ort
55481,Dillendorf,50.62190,12.52449,ort
55483,Bärenbach,51.38333,13.61667,ort
55487,Dill,49.93333,7.31667,ort
55490,Gehlweiler,49.89444,7.47750,ort
55491,Büchenbeuren,49.92097,7.27999,ort
55494,Benzweiler,49.66148,8.99402,ort
55496,Argenthal,49.96667,7.60000,ort
55497,Ellern (Hunsrück),49.91194,8.01812,leitregion
55499,Riesweiler,49.91194,8.01812,leitregion
55543,Bad Kreuznach,49.84140,7.86713,ort
55545,Bad Kreuznach,49.84140,7.86713,ort
55546,Biebelsheim,49.80000,7.90000,ort
55559,Bretzenheim,49.87796,7.89653,ort
55566,Bad Sobernheim,49.77636,7.61708,ort
55568,Abtweiler,49.77675,7.68890,ort
55569,Auen,49.79763,7.59284,ort
55571,Odernheim am Glan,49.76511,7.70427,ort
55576,Badenheim,49.86667,7.98333,ort
55578,Gau-Weinheim,48.45397,9.34396,ort
55583,Bad Kreuznach,49.84140,7.86713,ort
55585,Altenbamberg,49.81091,7.81478,ort
55590,Meisenheim,49.70721,7.66765,ort
55592,Breitenheim,49.91194,8.01812,leitregion
55593,Rüdesheim,49.84546,7.81452,ort
55595,Allenfeld,49.83333,7.68333,ort
55596,Oberstreit,49.81667,7.71667,ort
55597,Gumbsheim,49.81667,7.96667,ort
55599,Eckelsheim,49.83528,8.02056,ort
55606,Bärweiler,49.80000,7.50000,ort
55608,Becherbach bei Kirn,52.80837,9.96374,ort
55618,Simmertal,49.80981,7.52282,ort
55619,Hennweiler,49.81667,7.43333,ort
55621,Hundsbach,49.91194,8.01812,leitregion
55624,Bollenbach,49.86380,7.34198,ort
55626,Bundenbach,49.84280,7.37826,ort
55627,Martinstein,49.79297,7.56010,ort
55629,Schwarzerden,49.91194,8.01812,leitregion
55743,Fischbach,49.08771,7.71160,ort
55756,Herrstein,49.91194,8.01812,leitregion
55758,Allenbach,50.66667,7.41667,ort
55765,Birkenfeld,48.86667,8.63333,ort
55767,Abentheuer,49.43174,7.35998,ort
55768,Hoppstädten-Weiersbach,49.61667,7.20000,ort
55774,Baumholder,49.61738,7.33381,ort
55776,Berglangenbach,51.14144,14.80270,ort
55777,Berschweiler bei Baumholder,49.91194,8.01812,leitregion
55779,Heimbach,50.63693,6.46896,ort
56068,Koblenz,50.35357,7.57883,ort
56070,Koblenz,50.35357,7.57883,ort
56072,Koblenz,50.35357,7.57883,ort
56073,Koblenz,50.35357,7.57883,ort
56075,Koblenz,50.35357,7.57883,ort
56076,Koblenz,50.35357,7.57883,ort
56077,Koblenz,50.35357,7.57883,ort
56112,Lahnstein,50.30000,7.61667,ort
56130,Bad Ems,50.33544,7.71369,ort
56132,Becheln,50.33333,7.76667,ort
56133,Fachbach,50.33333,7.68333,ort
56154,Boppard,50.23085,7.58992,ort
56170,Bendorf,50.42289,7.57924,ort
56179,Niederwerth,50.40000,7.61667,ort
56182,Urbar,50.38333,7.63333,ort
56191,Weitersburg,50.41667,7.60000,ort
56203,Höhr-Grenzhausen,50.43474,7.66903,ort
56204,Hillscheid,50.40639,7.69861,ort
56206,Hilgert,50.45634,7.68735,ort
56218,Mülheim-Kärlich,50.38510,7.49890,ort
56220,Bassenheim,50.35820,7.45961,ort
56235,Hundsdorf,50.46496,7.72830,ort
56237,Alsbach,50.46667,7.63333,ort
56242,Ellenhausen,50.55000,7.71667,ort
56244,Arnshöfen,50.51028,7.81184,ort
56249,Herschbach,50.35357,7.58992,leitregion
56253,Treis-Karden,50.17174,7.30218,ort
56254,Moselkern,52.52771,10.36011,ort
56269,Dierdorf,50.54647,7.65271,ort
56271,Isenburg,50.51345,7.60830,ort
56276,Großmaischeid,50.50000,7.63333,ort
56281,Dörth,50.15484,7.55185,ort
56283,Beulich,50.15000,7.50000,ort
56288,Alterkülz,50.38333,7.23333,ort
56290,Beltheim,50.10606,7.46208,ort
56291,Badenhard,49.75917,8.61750,ort
56294,Gappenach,50.24638,7.36208,ort
56295,Kerben,50.31002,7.40509,ort
56299,Ochtendung,50.35000,7.38333,ort
56305,Döttesfeld,50.60000,7.61667,ort
56307,Dernbach,50.45551,7.79003,ort
56316,Hanroth,50.57489,7.62496,ort
56317,Linkenbach,48.81680,9.57690,ort
56321,Brey,50.27253,7.62645,ort
56322,Spay,50.25881,7.64839,ort
56323,Rhens,50.28125,7.61750,ort
56329,Sankt Goar,50.14878,7.70720,ort
56330,Kobern-Gondorf,50.30230,7.45612,ort
56332,Alken,50.31396,7.47185,ort
56333,Winningen,50.31667,7.51667,ort
56335,Neuhäusel,50.38360,7.70960,ort
56337,Arzbach,50.37902,7.74948,ort
56338,Braubach,50.27360,7.64508,ort
56340,Dachsenhausen,50.25415,7.72725,ort
56341,Filsen,50.22282,7.62364,ort
56346,Lykershausen,50.15839,7.71374,ort
56348,Bornich,50.12687,7.76580,ort
56349,Kaub,50.08831,7.76069,ort
56355,Bettendorf,50.19883,7.85892,ort
56357,Auel,49.81417,12.14161,ort
56368,Berghausen,50.26745,7.97322,ort
56370,Allendorf,51.02995,8.67232,ort
56377,Dörnberg,50.31453,7.80025,ort
56379,Charlottenberg,50.35000,7.90000,ort
56410,Montabaur,50.43588,7.82320,ort
56412,Boden,50.45000,7.91667,ort
56414,Berod bei Wallmerod,50.43333,7.95000,ort
56422,Wirges,50.47195,7.79844,ort
56424,Bannberscheid,50.47278,7.77000,ort
56427,Siershahn,50.48639,7.77972,ort
56428,Dernbach (Westerwald),50.45551,7.79003,ort
56457,Halbs,50.55938,7.97482,ort
56459,Ailertchen,49.89444,7.47750,ort
56462,Höhn,50.61667,7.98333,ort
56470,Bad Marienberg (Westerwald),50.64947,7.94958,ort
56472,Dreisbach,48.18333,8.41667,ort
56477,Nister-Möhrendorf,50.60820,8.06697,ort
56479,Bretthausen,50.61278,8.02639,ort
56564,Neuwied,50.43360,7.47057,ort
56566,Neuwied,50.43360,7.47057,ort
56567,Neuwied,50.43360,7.47057,ort
56575,Weißenthurm,50.41719,7.45072,ort
56579,Bonefeld,50.52388,7.48932,ort
56581,Ehlscheid,50.51448,7.46655,ort
56584,Anhausen,50.50000,7.55000,ort
56587,Oberhonnefeld-Gierend,50.35357,7.58992,leitregion
56588,Hausen (Wied),49.68945,11.03216,ort
56589,Datzeroth,50.53051,7.42099,ort
56593,Bürdenbach,50.58745,7.53028,ort
56594,Willroth,50.35357,7.58992,leitregion
56598,Hammerstein,50.50000,7.33333,ort
56599,Leutesdorf,50.45000,7.38333,ort
56626,Andernach,50.43109,7.40425,ort
56630,Kretz,50.35357,7.58992,leitregion
56637,Plaidt,50.39260,7.39251,ort
56642,Kruft,50.38333,7.33333,ort
56645,Nickenich,50.41421,7.32728,ort
56648,Saffig,50.38333,7.41667,ort
56651,Brenk,50.45000,7.18333,ort
56653,Glees,50.43333,7.28333,ort
56656,Brohl-Lützing,50.48296,7.32908,ort
56659,Burgbrohl,50.45463,7.27720,ort
56727,Mayen,50.32797,7.22277,ort
56729,Acht,48.07521,10.19523,ort
56736,Kottenheim,50.35000,7.25000,ort
56743,Mendig,50.36667,7.28333,ort
56745,Bell,50.38333,7.23333,ort
56746,Hohenleimbach,50.42024,7.11698,ort
56751,Einig,50.29973,7.31315,ort
56753,Mertloch,50.26948,7.30814,ort
56754,Binningen,51.73544,14.63971,ort
56759,Eppenberg,50.23148,7.13864,ort
56761,Brachtendorf,50.26062,7.16523,ort
56766,Auderath,50.20943,6.97941,ort
56767,Gunderath,50.35357,7.58992,leitregion
56769,Arbach,50.35357,7.58992,leitregion
56812,Cochem,50.14511,7.16379,ort
56814,Beilstein,49.04140,9.31370,ort
56818,Klotten,50.16667,7.20000,ort
56820,Briedern,48.43097,9.06990,ort
56821,Ellenz-Poltersdorf,50.35357,7.58992,leitregion
56823,Büchel,50.17289,7.08318,ort
56825,Beuren,48.56927,9.40406,ort
56826,Lutzerath,50.12695,7.00740,ort
56828,Alflen,50.35357,7.58992,leitregion
56829,Brieden,50.35357,7.58992,leitregion
56841,Traben-Trarbach,49.95076,7.11562,ort
56843,Burg (Mosel),51.83448,14.14856,ort
56850,Briedel,50.01667,7.15000,ort
56856,Zell (Mosel),48.69235,8.06301,ort
56858,Altlay,51.73544,14.63971,ort
56859,Alf,50.05448,7.13730,ort
56861,Reil,50.01667,7.11667,ort
56862,Pünderich,50.35357,7.58992,leitregion
56864,Bad Bertrich,50.35357,7.58992,leitregion
56865,Blankenrath,50.03898,7.30214,ort
56867,Briedel,50.01667,7.15000,ort
56869,Mastershausen,50.06667,7.35000,ort
57072,Siegen,50.87481,8.02431,ort
57074,Siegen,50.87481,8.02431,ort
57076,Siegen,50.87481,8.02431,ort
57078,Siegen,50.87481,8.02431,ort
57080,Siegen,50.87481,8.02431,ort
57223,Kreuztal,50.96775,7.98848,ort
57234,Wilnsdorf,50.81667,8.10000,ort
57250,Netphen,50.91667,8.10000,ort
57258,Freudenberg,50.89741,7.87415,ort
57271,Hilchenbach,50.99687,8.11062,ort
57290,Neunkirchen,49.34449,7.18045,ort
57299,Burbach,50.75105,8.07939,ort
57319,Bad Berleburg,51.05224,8.39227,ort
57334,Bad Laasphe,50.93139,8.42502,ort
57339,Erndtebrück,50.98927,8.25288,ort
57368,Lennestadt,51.11721,8.06707,ort
57392,Schmallenberg,51.15473,8.28505,ort
57399,Kirchhundem,51.08556,8.08893,ort
57413,Finnentrop,51.16800,7.97300,ort
57439,Attendorn,51.12645,7.90333,ort
57462,Olpe,51.02899,7.85139,ort
57482,Wenden,50.96667,7.86667,ort
57489,Drolshagen,51.02358,7.77355,ort
57518,Alsdorf,50.87673,6.16399,ort
57520,Derschen,50.71667,7.98333,ort
57537,Forst,51.73544,14.63971,ort
57539,Bitzen,50.75000,7.65000,ort
57548,Kirchen (Sieg),50.80849,7.88634,ort
57555,Brachbach,50.81667,7.93333,ort
57562,Herdorf,50.77704,7.95366,ort
57567,Daaden,50.73333,7.96667,ort
57572,Harbach,50.85000,7.86667,ort
57577,Hamm (Sieg),51.68033,7.82089,ort
57578,Elkenroth,50.73333,7.88333,ort
57580,Elben,50.75000,7.81667,ort
57581,Katzwinkel (Sieg),50.81470,7.82236,ort
57583,Mörlen,50.69927,7.87543,ort
57584,Scheuerfeld,50.78736,7.84128,ort
57586,Weitefeld,50.72541,7.92805,ort
57587,Birken-Honigsessen,50.81667,7.73333,ort
57589,Birkenbeul,50.76031,7.64871,ort
57610,Almersbach,50.68594,7.64176,ort
57612,Birnbach,50.81667,7.90333,leitregion
57614,Berod bei Hachenburg,50.61667,7.63333,ort
57627,Astert,50.65998,7.82276,ort
57629,Atzelgift,50.58333,12.25000,ort
57632,Berzhausen,50.64711,7.52713,ort
57635,Ersfeld,50.18333,6.88333,ort
57636,Mammelzen,50.70000,7.66667,ort
57638,Neitersen,52.46667,13.35000,ort
57639,Oberdreis,50.15000,9.03333,ort
57641,Oberlahr,50.81667,7.90333,leitregion
57642,Alpenrod,50.63333,7.86667,ort
57644,Hattert,50.66667,7.76667,ort
57645,Nister,50.67583,7.83833,ort
57647,Alpenrod,50.63333,7.86667,ort
57648,Bölsberg,50.64881,7.90827,ort
58089,Hagen,51.36081,7.47168,ort
58091,Hagen,51.36081,7.47168,ort
58093,Hagen,51.36081,7.47168,ort
58095,Hagen,51.36081,7.47168,ort
58097,Hagen,51.36081,7.47168,ort
58099,Hagen,51.36081,7.47168,ort
58119,Hagen,51.36081,7.47168,ort
58135,Hagen,51.36081,7.47168,ort
58239,Schwerte,51.44387,7.56750,ort
58256,Ennepetal,51.29848,7.36290,ort
58285,Gevelsberg,51.31971,7.33920,ort
58300,Wetter (Ruhr),51.38747,7.39277,ort
58313,Herdecke,51.39999,7.43584,ort
58332,Schwelm,51.28635,7.29388,ort
58339,Breckerfeld,51.25926,7.46807,ort
58452,Witten,51.44362,7.35258,ort
58453,Witten,51.44362,7.35258,ort
58454,Witten,51.44362,7.35258,ort
58455,Witten,51.44362,7.35258,ort
58456,Witten,51.44362,7.35258,ort
58507,Lüdenscheid,51.21977,7.62730,ort
58509,Lüdenscheid,51.21977,7.62730,ort
58511,Lüdenscheid,51.21977,7.62730,ort
58513,Lüdenscheid,51.21977,7.62730,ort
58515,Lüdenscheid,51.21977,7.62730,ort
58540,Meinerzhagen,51.10740,7.64838,ort
58553,Halver,51.18612,7.49817,ort
58566,Kierspe,51.13403,7.59075,ort
58579,Schalksmühle,51.24120,7.52790,ort
58636,Iserlohn,51.37547,7.70281,ort
58638,Iserlohn,51.37547,7.70281,ort
58640,Iserlohn,51.37547,7.70281,ort
58642,Iserlohn,51.37547,7.70281,ort
58644,Iserlohn,51.37547,7.70281,ort
58675,Hemer,51.38707,7.77019,ort
58706,Menden,51.44337,7.77825,ort
58708,Menden,51.44337,7.77825,ort
58710,Menden,51.44337,7.77825,ort
58730,Fröndenberg/Ruhr,51.36081,7.60371,leitregion
58739,Wickede (Ruhr),51.49640,7.86587,ort
58762,Altena,51.29472,7.67337,ort
58769,Nachrodt-Wiblingwerde,51.31667,7.61667,ort
58791,Werdohl,51.26011,7.76608,ort
58802,Balve,51.33150,7.86424,ort
58809,Neuenrade,51.28278,7.78250,ort
58840,Plettenberg,51.20949,7.87261,ort
58849,Herscheid,51.17901,7.74355,ort
59063,Hamm,51.68033,7.82089,ort
59065,Hamm,51.68033,7.82089,ort
59067,Hamm,51.68033,7.82089,ort
59069,Hamm,51.68033,7.82089,ort
59071,Hamm,51.68033,7.82089,ort
59073,Hamm,51.68033,7.82089,ort
59075,Hamm,51.68033,7.82089,ort
59077,Hamm,51.68033,7.82089,ort
59174,Kamen,51.59231,7.66380,ort
59192,Bergkamen,51.61633,7.64451,ort
59199,Bönen,51.60000,7.76667,ort
59227,Ahlen,51.76338,7.88870,ort
59229,Ahlen,51.76338,7.88870,ort
59269,Beckum,51.75571,8.04075,ort
59302,Oelde,51.82890,8.14724,ort
59320,Ennigerloh,51.83843,8.03093,ort
59329,Wadersloh,51.73333,8.25000,ort
59348,Lüdinghausen,51.76830,7.44379,ort
59368,Werne,51.66446,7.63421,ort
59379,Selm,51.69689,7.46809,ort
59387,Ascheberg,51.78333,7.61667,ort
59394,Nordkirchen,51.73827,7.52197,ort
59399,Olfen,51.70787,7.37893,ort
59423,Unna,51.53795,7.68969,ort
59425,Unna,51.53795,7.68969,ort
59427,Unna,51.53795,7.68969,ort
59439,Holzwickede,51.50000,7.63333,ort
59457,Werl,51.55493,7.91403,ort
59469,Ense,51.61270,8.04075,leitregion
59494,Soest,51.57558,8.10619,ort
59505,Bad Sassendorf,51.58333,8.16667,ort
59510,Lippetal,51.61270,8.04075,leitregion
59514,Welver,51.61667,7.96667,ort
59519,Möhnesee,51.50000,8.13333,ort
59555,Lippstadt,51.67369,8.34482,ort
59556,Lippstadt,51.67369,8.34482,ort
59557,Lippstadt,51.67369,8.34482,ort
59558,Lippstadt,51.67369,8.34482,ort
59581,Warstein,51.44488,8.34851,ort
59590,Geseke,51.64091,8.51090,ort
59597,Erwitte,51.61270,8.33840,ort
59602,Rüthen,51.49090,8.43596,ort
59609,Anröchte,51.56667,8.33333,ort
59755,Arnsberg,51.38333,8.08333,ort
59757,Arnsberg,51.38333,8.08333,ort
59759,Arnsberg,51.38333,8.08333,ort
59821,Arnsberg,51.38333,8.08333,ort
59823,Arnsberg,51.38333,8.08333,ort
59846,Sundern,51.32810,8.00369,ort
59872,Meschede,51.35020,8.28332,ort
59889,Eslohe,51.25369,8.16949,ort
59909,Bestwig,51.36081,8.40082,ort
59929,Brilon,51.39462,8.57146,ort
59939,Olsberg,51.35613,8.48899,ort
59955,Winterberg,51.19248,8.53468,ort
59964,Medebach,51.19713,8.70635,ort
59969,Bromskirchen,51.09363,8.62640,ort
60306,Frankfurt am Main,50.11552,8.68417,ort
60308,Frankfurt am Main,50.11552,8.68417,ort
60310,Frankfurt am Main,50.11552,8.68417,ort
60311,Frankfurt am Main,50.11552,8.68417,ort
60312,Frankfurt am Main,50.11552,8.68417,ort
60313,Frankfurt am Main,50.11552,8.68417,ort
60314,Frankfurt am Main,50.11552,8.68417,ort
60316,Frankfurt am Main,50.11552,8.68417,ort
60318,Frankfurt am Main,50.11552,8.68417,ort
60320,Frankfurt am Main,50.11552,8.68417,ort
60322,Frankfurt am Main,50.11552,8.68417,ort
60323,Frankfurt am Main,50.11552,8.68417,ort
60325,Frankfurt am Main,50.11552,8.68417,ort
60326,Frankfurt am Main,50.11552,8.68417,ort
60327,Frankfurt am Main,50.11552,8.68417,ort
60329,Frankfurt am Main,50.11552,8.68417,ort
60385,Frankfurt am Main,50.11552,8.68417,ort
60386,Frankfurt am Main,50.11552,8.68417,ort
60388,Frankfurt am Main,50.11552,8.68417,ort
60389,Frankfurt am Main,50.11552,8.68417,ort
60431,Frankfurt am Main,50.11552,8.68417,ort
60433,Frankfurt am Main,50.11552,8.68417,ort
60435,Frankfurt am Main,50.11552,8.68417,ort
60437,Frankfurt am Main,50.11552,8.68417,ort
60438,Frankfurt am Main,50.11552,8.68417,ort
60439,Frankfurt am Main,50.11552,8.68417,ort
60486,Frankfurt am Main,50.11552,8.68417,ort
60487,Frankfurt am Main,50.11552,8.68417,ort
60488,Frankfurt am Main,50.11552,8.68417,ort
60489,Frankfurt am Main,50.11552,8.68417,ort
60528,Frankfurt am Main,50.11552,8.68417,ort
60529,Frankfurt am Main,50.11552,8.68417,ort
60549,Frankfurt am Main,50.11552,8.68417,ort
60594,Frankfurt am Main,50.11552,8.68417,ort
60596,Frankfurt am Main,50.11552,8.68417,ort
60598,Frankfurt am Main,50.11552,8.68417,ort
60599,Frankfurt am Main,50.11552,8.68417,ort
61118,Bad Vilbel,50.17866,8.73756,ort
61130,Nidderau,50.23805,8.86704,ort
61137,Schöneck,50.39052,12.32731,ort
61138,Niederdorfelden,50.19415,8.80005,ort
61169,Friedberg (Hessen),48.35693,10.98461,ort
61184,Karben,50.23019,8.77155,ort
61191,Rosbach v. d. Höhe,50.24384,8.71421,leitregion
61194,Niddatal,50.24384,8.71421,leitregion
61197,Florstadt,50.31667,8.86667,ort
61200,Echzell,50.38888,8.88605,ort
61203,Reichelsheim,49.71211,8.83896,ort
61206,Wöllstadt,50.24384,8.71421,leitregion
61209,Echzell,50.38888,8.88605,ort
61231,Bad Nauheim,50.36463,8.73859,ort
61239,Ober-Mörlen,50.37350,8.69087,ort
61250,Usingen,50.33554,8.53688,ort
61267,Neu-Anspach,50.31667,8.50000,ort
61273,Friedrichsdorf,50.24962,8.64281,ort
61276,Weilrod,50.24384,8.71421,leitregion
61279,Grävenwiesbach,50.39024,8.45690,ort
61348,Bad Homburg vor der Höhe,50.22683,8.61816,ort
61350,Bad Homburg vor der Höhe,50.22683,8.61816,ort
61352,Bad Homburg vor der Höhe,50.22683,8.61816,ort
61381,Friedrichsdorf,50.24962,8.64281,ort
61389,Schmitten,50.26667,8.45000,ort
61440,Oberursel,50.20731,8.57747,ort
61449,Steinbach,50.15328,11.65055,ort
61462,Königstein,50.91570,14.07186,ort
61476,Kronberg,50.18424,8.52320,ort
61479,Glashütten,50.21667,8.40000,ort
63065,Offenbach am Main,50.10061,8.76647,ort
63067,Offenbach am Main,50.10061,8.76647,ort
63069,Offenbach am Main,50.10061,8.76647,ort
63071,Offenbach am Main,50.10061,8.76647,ort
63073,Offenbach am Main,50.10061,8.76647,ort
63075,Offenbach am Main,50.10061,8.76647,ort
63110,Rodgau,50.02627,8.88588,ort
63128,Dietzenbach,50.00976,8.77783,ort
63150,Heusenstamm,50.05553,8.80076,ort
63165,Mühlheim am Main,50.11667,8.83333,ort
63179,Obertshausen,50.07139,8.85123,ort
63225,Langen,49.98955,8.66852,ort
63263,Neu-Isenburg,50.04832,8.69406,ort
63303,Dreieich,50.01997,8.69611,ort
63322,Rödermark,50.02544,9.15264,leitregion
63329,Egelsbach,49.96792,8.66341,ort
63450,Hanau,50.02544,9.15264,leitregion
63452,Hanau,50.02544,9.15264,leitregion
63454,Hanau,50.02544,9.15264,leitregion
63456,Hanau,50.02544,9.15264,leitregion
63457,Hanau,50.02544,9.15264,leitregion
63477,Maintal,50.15000,8.83333,ort
63486,Bruchköbel,50.17853,8.92315,ort
63500,Seligenstadt,50.04320,8.97394,ort
63505,Langenselbold,50.17657,9.04003,ort
63512,Hainburg,50.02544,9.15264,leitregion
63517,Rodenbach,50.15000,9.03333,ort
63526,Erlensee,50.16304,8.97823,ort
63533,Mainhausen,50.02544,9.15264,leitregion
63538,Großkrotzenburg,50.08333,8.98333,ort
63543,Neuberg,50.02544,9.15264,leitregion
63546,Hammersbach,50.21667,8.98333,ort
63549,Ronneburg,50.86340,12.18666,ort
63571,Gelnhausen,50.20164,9.18742,ort
63579,Freigericht,50.02544,9.15264,leitregion
63584,Gründau,50.02544,9.15264,leitregion
63589,Gelnhausen,50.20164,9.18742,ort
63594,Hasselroth,50.02544,9.15264,leitregion
63599,Biebergemünd,50.02544,9.15264,leitregion
63607,Wächtersbach,50.25511,9.29564,ort
63619,Bad Orb,50.22788,9.34782,ort
63628,Bad Soden-Salmünster,50.27574,9.36705,ort
63633,Birstein,50.35000,9.30000,ort
63636,Brachttal,50.02544,9.15264,leitregion
63637,Jossgrund,50.02544,9.15264,leitregion
63639,Flörsbachtal,50.02544,9.15264,leitregion
63654,Büdingen,50.29013,9.11140,ort
63667,Nidda,50.41330,9.00638,ort
63674,Altenstadt,50.28747,8.94373,ort
63679,Schotten,50.50346,9.12516,ort
63683,Ortenberg,50.35584,9.05602,ort
63688,Gedern,50.42482,9.19840,ort
63691,Ranstadt,50.35739,8.98375,ort
63694,Limeshain,50.02544,9.15264,leitregion
63695,Glauburg,50.31667,9.00000,ort
63697,Hirzenhain,50.40000,9.13333,ort
63699,Kefenrod,50.34475,9.21141,ort
63739,Aschaffenburg,49.97704,9.15214,ort
63741,Aschaffenburg,49.97704,9.15214,ort
63743,Aschaffenburg,49.97704,9.15214,ort
63755,Alzenau,50.02544,9.15264,leitregion
63762,Großostheim,49.91985,9.07596,ort
63768,Hösbach,50.00646,9.20765,ort
63773,Goldbach,49.99951,9.18440,ort
63776,Mömbris,50.06921,9.16371,ort
63785,Obernburg am Main,49.83577,9.13101,ort
63791,Karlstein am Main,50.02544,9.15264,leitregion
63796,Kahl am Main,50.06981,9.00553,ort
63801,Kleinostheim,50.00000,9.06667,ort
63808,Haibach,49.96444,9.20722,ort
63811,Stockstadt am Main,49.97005,9.07153,ort
63814,Mainaschaff,49.98167,9.09000,ort
63820,Elsenfeld,49.84289,9.16355,ort
63825,Blankenbach,50.06667,9.23333,ort
63826,Geiselbach,50.12329,9.19664,ort
63828,Kleinkahl,50.11667,9.26667,ort
63829,Krombach,50.08319,9.20609,ort
63831,Wiesen,50.11667,9.36667,ort
63834,Sulzbach am Main,49.91149,9.15315,ort
63839,Kleinwallstadt,49.87464,9.16927,ort
63840,Hausen,49.68945,11.03216,ort
63843,Niedernberg,49.91222,9.13694,ort
63846,Laufach,50.01667,9.30000,ort
63849,Leidersbach,49.90139,9.22167,ort
63853,Mömlingen,49.85972,9.08333,ort
63856,Bessenbach,50.02544,9.15264,leitregion
63857,Waldaschaff,49.97528,9.30194,ort
63860,Rothenbuch,49.96528,9.39389,ort
63863,Eschau,49.81889,9.25920,ort
63864,Glattbach,50.00760,9.14990,ort
63867,Johannesberg,50.03159,9.14252,ort
63868,Großwallstadt,49.87936,9.15338,ort
63869,Heigenbrücken,50.02820,9.37116,ort
63871,Heinrichsthal,50.02544,9.15264,leitregion
63872,Heimbuchenthal,49.88917,9.29556,ort
63874,Dammbach,50.02544,9.15264,leitregion
63875,Mespelbrunn,49.91444,9.29194,ort
63877,Sailauf,50.02461,9.25932,ort
63879,Weibersbrunn,49.93083,9.36611,ort
63897,Miltenberg,49.70452,9.26725,ort
63906,Erlenbach am Main,49.80341,9.16311,ort
63911,Klingenberg am Main,49.78507,9.18025,ort
63916,Amorbach,50.02544,9.15264,leitregion
63920,Großheubach,49.72834,9.22280,ort
63924,Kleinheubach,49.72109,9.21346,ort
63925,Laudenbach,49.61333,8.65389,ort
63927,Bürgstadt,49.71476,9.26916,ort
63928,Eichenbühl,49.70556,9.32917,ort
63930,Neunkirchen,49.34449,7.18045,ort
63931,Kirchzell,49.61800,9.17785,ort
63933,Mönchberg,49.79326,9.26858,ort
63934,Röllbach,49.77306,9.24611,ort
63936,Schneeberg,50.59465,12.64139,ort
63937,Weilbach,49.66812,9.21639,ort
63939,Wörth am Main,49.79720,9.15389,ort
64283,Darmstadt,49.87167,8.65027,ort
64285,Darmstadt,49.87167,8.65027,ort
64287,Darmstadt,49.87167,8.65027,ort
64289,Darmstadt,49.87167,8.65027,ort
64291,Darmstadt,49.87167,8.65027,ort
64293,Darmstadt,49.87167,8.65027,ort
64295,Darmstadt,49.87167,8.65027,ort
64297,Darmstadt,49.87167,8.65027,ort
64319,Pfungstadt,49.80557,8.60307,ort
64331,Weiterstadt,49.90390,8.58874,ort
64342,Seeheim-Jugenheim,49.76500,8.65194,ort
64347,Griesheim,49.86085,8.57250,ort
64354,Reinheim,49.82923,8.83572,ort
64367,Mühltal,49.83078,8.65194,leitregion
64372,Ober-Ramstadt,49.83078,8.74887,ort
64380,Roßdorf,49.85972,8.76167,ort
64385,Reichelsheim (Odenwald),49.71211,8.83896,ort
64390,Erzhausen,49.95528,8.64750,ort
64395,Brensbach,49.77389,8.88444,ort
64397,Modautal,49.83078,8.65194,leitregion
64401,Groß-Bieberau,49.80064,8.82430,ort
64404,Bickenbach,49.75917,8.61750,ort
64405,Fischbachtal,49.83078,8.65194,leitregion
64407,Fränkisch-Crumbach,49.74611,8.85861,ort
64409,Messel,49.93833,8.74056,ort
64521,Groß-Gerau,49.92139,8.48255,ort
64546,Mörfelden-Walldorf,49.99472,8.58361,ort
64560,Riedstadt,49.83411,8.49621,ort
64569,Nauheim,49.83078,8.65194,leitregion
64572,Büttelborn,49.90333,8.52333,ort
64579,Gernsheim,49.75305,8.48859,ort
64584,Biebesheim,49.78088,8.46696,ort
64589,Stockstadt,49.83078,8.65194,leitregion
64625,Bensheim,49.68369,8.61839,ort
64646,Heppenheim,49.83078,8.65194,leitregion
64653,Lorsch,49.65000,8.56667,ort
64658,Fürth,49.47593,10.98856,ort
64665,Alsbach-Hähnlein,49.73861,8.59583,ort
64668,Rimbach,49.62500,8.76306,ort
64673,Zwingenberg,49.72389,8.61084,ort
64678,Lindenfels,49.68369,8.78151,ort
64683,Einhausen,49.67667,8.54833,ort
64686,Lautertal,50.33333,10.96667,ort
64689,Grasellenbach,49.83078,8.65194,leitregion
64711,Erbach,49.66148,8.99402,ort
64720,Michelstadt,49.67569,9.00373,ort
64732,Bad König,49.74320,9.00750,ort
64739,Höchst im Odenwald,49.79972,8.99944,ort
64747,Breuberg,49.83078,8.65194,leitregion
64750,Lützelbach,49.74233,8.76687,ort
64753,Brombachtal,49.83078,8.65194,leitregion
64754,Eberbach,49.46680,8.99016,ort
64756,Mossautal,49.83078,8.65194,leitregion
64757,Hirschhorn,49.44566,8.89594,ort
64760,Oberzent,49.83078,8.65194,leitregion
64807,Dieburg,49.89738,8.84613,ort
64823,Groß-Umstadt,49.86899,8.93210,ort
64832,Babenhausen,49.96519,8.95129,ort
64839,Münster (Hessen),51.96236,7.62571,ort
64846,Groß-Zimmern,49.87410,8.82898,ort
64850,Schaafheim,49.92417,9.00944,ort
64853,Otzberg,49.83078,8.65194,leitregion
64859,Eppertshausen,49.95056,8.85389,ort
65183,Wiesbaden,50.08258,8.24932,ort
65185,Wiesbaden,50.08258,8.24932,ort
65187,Wiesbaden,50.08258,8.24932,ort
65189,Wiesbaden,50.08258,8.24932,ort
65191,Wiesbaden,50.08258,8.24932,ort
65193,Wiesbaden,50.08258,8.24932,ort
65195,Wiesbaden,50.08258,8.24932,ort
65197,Wiesbaden,50.08258,8.24932,ort
65199,Wiesbaden,50.08258,8.24932,ort
65201,Wiesbaden,50.08258,8.24932,ort
65203,Wiesbaden,50.08258,8.24932,ort
65205,Wiesbaden,50.08258,8.24932,ort
65207,Wiesbaden,50.08258,8.24932,ort
65232,Taunusstein,50.14993,8.15206,ort
65239,Hochheim,50.08258,8.24932,leitregion
65307,Bad Schwalbach,50.14196,8.06964,ort
65321,Heidenrod,50.08258,8.24932,leitregion
65326,Aarbergen,50.08258,8.24932,leitregion
65329,Hohenstein,50.08258,8.24932,leitregion
65343,Eltville am Rhein,50.02858,8.11754,ort
65344,Eltville am Rhein,50.02858,8.11754,ort
65345,Eltville am Rhein,50.02858,8.11754,ort
65346,Eltville am Rhein,50.02858,8.11754,ort
65347,Eltville am Rhein,50.02858,8.11754,ort
65366,Geisenheim,49.98470,7.96835,ort
65375,Oestrich-Winkel,50.08258,8.24932,leitregion
65385,Rüdesheim am Rhein,49.97890,7.92442,ort
65388,Schlangenbad,50.09322,8.10312,ort
65391,Lorch,48.79833,9.69140,ort
65396,Walluf,50.04003,8.15545,ort
65399,Kiedrich,50.03965,8.08531,ort
65428,Rüsselsheim am Main,49.98955,8.42251,ort
65439,Flörsheim,50.01311,8.42779,ort
65451,Kelsterbach,50.06135,8.52916,ort
65462,Ginsheim-Gustavsburg,49.97110,8.34532,ort
65468,Trebur,49.92639,8.40732,ort
65474,Bischofsheim,49.99389,8.36722,ort
65479,Raunheim,50.01320,8.45253,ort
65510,Hünstetten,50.21773,8.26679,ort
65520,Bad Camberg,50.29695,8.26896,ort
65527,Niedernhausen,50.16307,8.31338,ort
65529,Waldems,50.25000,8.33333,ort
65549,Limburg a. d. Lahn,50.08258,8.24932,leitregion
65550,Limburg a. d. Lahn,50.08258,8.24932,leitregion
65551,Limburg a. d. Lahn,50.08258,8.24932,leitregion
65552,Limburg a. d. Lahn,50.08258,8.24932,leitregion
65553,Limburg a. d. Lahn,50.08258,8.24932,leitregion
65554,Limburg a. d. Lahn,50.08258,8.24932,leitregion
65555,Limburg a. d. Lahn,50.08258,8.24932,leitregion
65556,Limburg a. d. Lahn,50.08258,8.24932,leitregion
65558,Balduinstein,50.28333,8.08333,ort
65582,Aull,50.37419,8.00735,ort
65589,Hadamar,50.44593,8.04253,ort
65594,Runkel,50.40574,8.15457,ort
65597,Hünfelden,50.08258,8.24932,leitregion
65599,Dornburg,50.08258,8.24932,leitregion
65604,Elz,50.41667,8.03333,ort
65606,Villmar,50.39287,8.19310,ort
65611,Brechen,50.08258,8.24932,leitregion
65614,Beselich,50.08258,8.24932,leitregion
65618,Selters (Taunus),50.51681,8.28953,ort
65620,Waldbrunn,50.51875,8.10812,ort
65623,Hahnstätten,50.30000,8.06667,ort
65624,Altendiez,50.36667,7.98333,ort
65626,Birlenbach,50.35815,8.00273,ort
65627,Elbtal,50.08258,8.24932,leitregion
65629,Niederneisen,50.33333,8.05000,ort
65719,Hofheim am Taunus,50.09019,8.44930,ort
65760,Eschborn,50.14328,8.57111,ort
65779,Kelkheim,50.08258,8.24932,leitregion
65795,Hattersheim,50.06906,8.48632,ort
65812,Bad Soden,50.08258,8.24932,leitregion
65817,Eppstein,50.14277,8.39231,ort
65824,Schwalbach,49.30000,6.81667,ort
65830,Kriftel,50.08408,8.46977,ort
65835,Liederbach,50.12221,8.49397,ort
65843,Sulzbach,49.29882,7.05696,ort
65929,Frankfurt am Main,50.11552,8.68417,ort
65931,Frankfurt am Main,50.11552,8.68417,ort
65933,Frankfurt am Main,50.11552,8.68417,ort
65934,Frankfurt am Main,50.11552,8.68417,ort
65936,Frankfurt am Main,50.11552,8.68417,ort
66111,Saarbrücken,49.23262,7.00982,ort
66113,Saarbrücken,49.23262,7.00982,ort
66115,Saarbrücken,49.23262,7.00982,ort
66117,Saarbrücken,49.23262,7.00982,ort
66119,Saarbrücken,49.23262,7.00982,ort
66121,Saarbrücken,49.23262,7.00982,ort
66123,Saarbrücken,49.23262,7.00982,ort
66125,Saarbrücken,49.23262,7.00982,ort
66126,Saarbrücken,49.23262,7.00982,ort
66127,Saarbrücken,49.23262,7.00982,ort
66128,Saarbrücken,49.23262,7.00982,ort
66129,Saarbrücken,49.23262,7.00982,ort
66130,Saarbrücken,49.23262,7.00982,ort
66131,Saarbrücken,49.23262,7.00982,ort
66132,Saarbrücken,49.23262,7.00982,ort
66133,Saarbrücken,49.23262,7.00982,ort
66265,Heusweiler,49.33632,6.93036,ort
66271,Kleinblittersdorf,49.15780,7.03734,ort
66280,Sulzbach/Saar,49.31667,7.14176,leitregion
66287,Quierschied,49.31667,7.05000,ort
66292,Riegelsberg,49.30000,6.93333,ort
66299,Friedrichsthal,49.32786,7.09622,ort
66333,Völklingen,49.25162,6.85873,ort
66346,Püttlingen,49.28550,6.88723,ort
66352,Großrosseln,49.20296,6.84148,ort
66359,Bous,49.27732,6.80131,ort
66386,Sankt Ingbert,49.27697,7.11672,ort
66399,Mandelbachtal,49.31667,7.14176,leitregion
66424,Homburg,49.32637,7.33867,ort
66440,Blieskastel,49.23724,7.25617,ort
66450,Bexbach,49.34615,7.25527,ort
66453,Gersheim,49.15000,7.20000,ort
66459,Kirkel,49.28333,7.23333,ort
66482,Zweibrücken,49.24686,7.36977,ort
66484,Althornbach,48.79918,9.47914,ort
66497,Contwig,49.25000,7.43333,ort
66500,Hornbach,49.18778,7.36883,ort
66501,Großbundenbach,49.31667,7.14176,leitregion
66503,Dellfeld,49.23397,7.47399,ort
66504,Bottenbach,49.31667,7.14176,leitregion
66506,Maßweiler,49.26667,7.53333,ort
66507,Reifenberg,49.31667,7.14176,leitregion
66509,Rieschweiler-Mühlbach,49.23333,7.50000,ort
66538,Neunkirchen,49.34449,7.18045,ort
66539,Neunkirchen,49.34449,7.18045,ort
66540,Neunkirchen,49.34449,7.18045,ort
66557,Illingen,49.37362,7.04758,ort
66564,Ottweiler,49.40133,7.16424,ort
66571,Eppelborn,49.40000,6.96667,ort
66578,Schiffweiler,49.36667,7.13333,ort
66583,Spiesen-Elversberg,49.31667,7.13333,ort
66589,Merchweiler,49.35000,7.05000,ort
66606,Sankt Wendel,49.46633,7.16814,ort
66620,Nonnweiler,49.60762,6.96986,ort
66625,Nohfelden,49.58693,7.14283,ort
66629,Freisen,49.55000,7.25000,ort
66636,Tholey,49.48374,7.03691,ort
66640,Namborn,49.52166,7.14070,ort
66646,Marpingen,49.45228,7.05820,ort
66649,Oberthal,49.51257,7.08382,ort
66663,Merzig,49.44331,6.63874,ort
66679,Losheim am See,49.50990,6.74549,ort
66687,Wadern,49.54122,6.88774,ort
66693,Mettlach,49.49489,6.58562,ort
66701,Beckingen,49.40000,6.70000,ort
66706,Perl,49.31667,7.14176,leitregion
66709,Weiskirchen,49.55000,6.81667,ort
66740,Saarlouis,49.31366,6.75154,ort
66763,Dillingen/Saar,49.31667,7.14176,leitregion
66773,Schwalbach,49.30000,6.81667,ort
66780,Rehlingen-Siersburg,49.31667,7.14176,leitregion
66787,Wadgassen,49.26667,6.78333,ort
66793,Saarwellingen,49.35430,6.80487,ort
66798,Wallerfangen,49.32749,6.71102,ort
66802,Überherrn,49.24187,6.69840,ort
66806,Ensdorf/Saar,49.31667,7.14176,leitregion
66809,Nalbach,49.38333,6.78333,ort
66822,Lebach,49.41122,6.90988,ort
66839,Schmelz,49.43333,6.85000,ort
66849,Landstuhl,49.41306,7.57021,ort
66851,Bann,49.38333,7.61667,ort
66862,Kindsbach,49.41667,7.61667,ort
66869,Blaubach,49.53772,7.40472,ort
66871,Albessen,49.53948,7.32768,ort
66877,Ramstein-Miesenbach,49.44452,7.55533,ort
66879,Kollweiler,49.48333,7.53333,ort
66882,Hütschenhausen,49.41667,7.48333,ort
66885,Altenglan,49.55000,7.46667,ort
66887,Bosenbach,49.34449,7.18045,ort
66892,Bruchmühlbach-Miesau,49.38333,7.43333,ort
66894,Bechhofen,49.35000,7.40000,ort
66901,Schönenberg-Kübelberg,49.40740,7.37233,ort
66903,Altenkirchen,50.68594,7.64176,ort
66904,Börsborn,49.43174,7.35998,ort
66907,Glan-Münchweiler,49.47222,7.44204,ort
66909,Henschtal,49.48333,7.35000,ort
66914,Waldmohr,49.38333,7.33333,ort
66916,Breitenbach,50.95655,9.78285,ort
66917,Biedershausen,49.31667,7.14176,leitregion
66919,Hermersberg,49.31667,7.63333,ort
66953,Pirmasens,49.20145,7.60529,ort
66954,Pirmasens,49.20145,7.60529,ort
66955,Münchweiler an der Rodalb,49.20145,7.60529,ort
66957,Eppenbrunn,49.11667,7.56667,ort
66969,Lemberg,49.17309,7.65111,ort
66976,Rodalben,49.23940,7.63962,ort
66978,Clausen,49.26075,7.67730,ort
66981,Münchweiler an der Rodalb,49.31667,7.14176,leitregion
66987,Herschberg,49.26667,7.58333,ort
66989,Höheinöd,49.28966,7.60673,ort
66994,Dahn,49.15098,7.77843,ort
66996,Busenberg,49.13024,7.82930,ort
66999,Hinterweidenthal,49.20000,7.75000,ort
67059,Ludwigshafen am Rhein,49.48121,8.44641,ort
67061,Ludwigshafen am Rhein,49.48121,8.44641,ort
67063,Ludwigshafen am Rhein,49.48121,8.44641,ort
67065,Ludwigshafen am Rhein,49.48121,8.44641,ort
67067,Ludwigshafen am Rhein,49.48121,8.44641,ort
67069,Ludwigshafen am Rhein,49.48121,8.44641,ort
67071,Ludwigshafen am Rhein,49.48121,8.44641,ort
67098,Bad Dürkheim,49.46180,8.17236,ort
67105,Schifferstadt,49.38417,8.37750,ort
67112,Mutterstadt,49.44139,8.35611,ort
67117,Limburgerhof,49.42444,8.39194,ort
67122,Altrip,49.43556,8.49472,ort
67125,Dannstadt-Schauernheim,49.44028,8.30861,ort
67126,Hochdorf-Assenheim,49.41944,8.28167,ort
67127,Rödersheim-Gronau,49.43000,8.26139,ort
67133,Maxdorf,49.48806,8.29167,ort
67134,Birkenheide,49.48139,8.26194,ort
67136,Fußgönheim,49.46111,8.29222,ort
67141,Neuhofen,49.42778,8.42472,ort
67146,Deidesheim,49.40782,8.18445,ort
67147,Forst an der Weinstraße,51.73544,14.63971,ort
67149,Meckenheim,50.62388,7.02942,ort
67150,Niederkirchen bei Deidesheim,49.41500,8.21000,ort
67152,Ruppertsberg,49.40028,8.19611,ort
67157,Deidesheim,49.40782,8.18445,ort
67158,Ellerstadt,49.46167,8.25944,ort
67159,Friedelsheim,49.44694,8.22306,ort
67161,Gönnheim,49.44806,8.23861,ort
67165,Waldsee,49.39528,8.44028,ort
67166,Otterstadt,49.37222,8.44778,ort
67167,Erpolzheim,49.48917,8.22472,ort
67169,Kallstadt,49.49083,8.17611,ort
67227,Frankenthal (Pfalz),49.53414,8.35357,ort
67229,Gerolsheim,49.54778,8.26389,ort
67240,Bobenheim-Roxheim,49.58750,8.35778,ort
67245,Lambsheim,49.51361,8.28778,ort
67246,Dirmstein,49.56333,8.24472,ort
67251,Freinsheim,49.50649,8.21186,ort
67256,Weisenheim am Sand,49.48806,8.19611,leitregion
67258,Heßheim,49.54583,8.30778,ort
67259,Beindersheim,49.56056,8.31944,ort
67269,Grünstadt,49.56302,8.16279,ort
67271,Battenberg (Pfalz),51.01391,8.64603,ort
67273,Bobenheim am Berg,49.50917,8.17917,ort
67278,Bockenheim an der Weinstraße,49.60669,8.18486,ort
67280,Ebertsheim,49.56833,8.10861,ort
67281,Bissersheim,49.53722,8.18083,ort
67283,Obrigheim (Pfalz),49.35194,9.09083,ort
67292,Kirchheimbolanden,49.66249,8.01513,ort
67294,Bischheim,49.18277,8.05363,ort
67295,Bolanden,49.63917,8.01194,ort
67297,Marnheim,49.63278,8.04000,ort
67304,Eisenberg (Pfalz),50.96860,11.90207,ort
67305,Ramsen,49.53694,8.01333,ort
67307,Göllheim,49.59500,8.05083,ort
67308,Albisheim (Pfrimm),49.64941,8.09442,ort
67310,Hettenleidelheim,49.53556,8.07361,ort
67311,Tiefenthal,49.48806,8.19611,leitregion
67316,Altleiningen,49.50750,8.07333,ort
67317,Altleiningen,49.50750,8.07333,ort
67319,Wattenheim,49.52167,8.06167,ort
67346,Speyer,49.32083,8.43111,ort
67354,Römerberg,49.48806,8.19611,leitregion
67360,Lingenfeld,49.25389,8.33861,ort
67361,Freisbach,49.27167,8.27194,ort
67363,Lustadt,49.24476,8.27407,ort
67365,Schwegenheim,49.27000,8.32861,ort
67366,Weingarten (Pfalz),47.81009,9.63863,ort
67368,Westheim,49.24640,8.32357,ort
67373,Dudenhofen,49.31861,8.38861,ort
67374,Hanhofen,49.31667,8.34083,ort
67376,Harthausen,49.29417,8.34500,ort
67377,Gommersheim,49.29111,8.26583,ort
67378,Zeiskam,49.23278,8.24722,ort
67433,Neustadt an der Weinstraße,49.35009,8.13886,ort
67434,Neustadt an der Weinstraße,49.35009,8.13886,ort
67435,Deidesheim,49.40782,8.18445,ort
67454,Haßloch,49.36278,8.25806,ort
67459,Böhl-Iggelheim,49.38056,8.30389,ort
67466,Deidesheim,49.40782,8.18445,ort
67468,Esthal,49.38333,7.98333,ort
67471,Elmstein,49.36667,7.93333,ort
67472,Esthal,49.38333,7.98333,ort
67473,Lindenberg,52.24578,10.56190,ort
67475,Weidenthal,49.41667,8.00000,ort
67480,Edenkoben,49.28393,8.12714,ort
67482,Altdorf,49.38560,11.35730,ort
67483,Edesheim,49.26333,8.13500,ort
67487,Maikammer,49.30528,8.13167,ort
67489,Kirrweiler,49.30124,8.16288,ort
67547,Worms,49.63278,8.35916,ort
67549,Worms,49.63278,8.35916,ort
67550,Worms,49.63278,8.35916,ort
67551,Worms,49.63278,8.35916,ort
67574,Osthofen,49.70382,8.32419,ort
67575,Eich,49.48806,8.19611,leitregion
67577,Alsheim,49.76806,8.34028,ort
67578,Gimbsheim,49.77778,8.37500,ort
67580,Hamm am Rhein,51.68033,7.82089,ort
67582,Mettenheim,48.26667,12.46667,ort
67583,Guntersblum,49.79750,8.34556,ort
67585,Dorn-Dürkheim,49.48806,8.19611,leitregion
67586,Hillesheim,50.29177,6.66963,ort
67587,Wintersheim,49.48806,8.19611,leitregion
67590,Monsheim,49.63722,8.21194,ort
67591,Hohen-Sülzen,49.60611,8.23806,ort
67592,Flörsheim-Dalsheim,49.48806,8.19611,leitregion
67593,Bermersheim,49.70444,8.24806,ort
67595,Bechtheim,49.72778,8.29222,ort
67596,Dittelsheim-Heßloch,49.74389,8.23694,ort
67598,Gundersheim,49.69611,8.20250,ort
67599,Gundheim,49.48806,8.19611,leitregion
67655,Kaiserslautern,49.44300,7.77161,ort
67657,Kaiserslautern,49.44300,7.77161,ort
67659,Kaiserslautern,49.44300,7.77161,ort
67661,Kaiserslautern,49.44300,7.77161,ort
67663,Kaiserslautern,49.44300,7.77161,ort
67677,Enkenbach-Alsenborn,49.48333,7.90000,ort
67678,Mehlingen,49.49136,7.85467,ort
67680,Neuhemsbach,49.48806,8.19611,leitregion
67681,Sembach,49.51177,7.86661,ort
67685,Erzenhausen,49.49557,7.59366,ort
67686,Mackenbach,49.46667,7.58333,ort
67688,Rodenbach,50.15000,9.03333,ort
67691,Hochspeyer,49.44207,7.89504,ort
67693,Fischbach,49.08771,7.71160,ort
67697,Otterberg,49.50301,7.76995,ort
67699,Heiligenmoschel,49.48806,8.19611,leitregion
67700,Niederkirchen,49.58333,7.70000,ort
67701,Schallodenbach,49.48806,8.19611,leitregion
67705,Stelzenberg,49.37756,7.73814,ort
67706,Krickenbach,49.36667,7.66667,ort
67707,Schopp,49.35000,7.68333,ort
67714,Waldfischbach-Burgalben,49.28333,7.66667,ort
67715,Geiselberg,49.48806,8.19611,leitregion
67716,Heltersberg,49.31667,7.71667,ort
67718,Schmalenberg,49.48806,8.19611,leitregion
67722,Winnweiler,49.56667,7.85000,ort
67724,Gehrweiler,49.48806,8.19611,leitregion
67725,Börrstadt,49.58333,7.88333,ort
67727,Lohnsfeld,49.48806,8.19611,leitregion
67728,Münchweiler an der Alsenz,49.55000,7.88333,ort
67729,Sippersfeld,49.55000,7.93333,ort
67731,Otterbach,49.48554,7.73450,ort
67732,Hirschhorn/Pfalz,49.48806,8.19611,leitregion
67734,Katzweiler,49.50000,7.70000,ort
67735,Mehlbach,49.51667,7.71667,ort
67737,Frankelbach,49.53884,7.65857,ort
67742,Adenbach,51.02994,9.40261,ort
67744,Cronenberg,51.02994,9.40261,ort
67745,Grumbach,49.48806,8.19611,leitregion
67746,Langweiler,49.48806,8.19611,leitregion
67748,Odenbach,49.48806,8.19611,leitregion
67749,Nerzweiler,49.61729,7.55117,ort
67752,Oberweiler-Tiefenbach,49.58411,7.60496,ort
67753,Aschbach,49.48806,8.19611,leitregion
67754,Eßweiler,49.48806,8.19611,leitregion
67756,Hinzweiler,49.48806,8.19611,leitregion
67757,Kreimbach-Kaulbach,49.48806,8.19611,leitregion
67759,Nußbach,49.48806,8.19611,leitregion
67806,Bisterschied,49.62974,7.82134,ort
67808,Bayerfeld-Steckweiler,50.47788,12.37129,ort
67811,Dielkirchen,49.48806,8.19611,leitregion
67813,Gerbach,49.48806,8.19611,leitregion
67814,Dannenfels,49.48806,8.19611,leitregion
67816,Dreisen,49.60333,8.01056,ort
67817,Imsbach,49.58333,7.88333,ort
67819,Kriegsfeld,49.70992,7.91687,ort
67821,Alsenz,49.71667,7.81667,ort
67822,Bayerfeld-Steckweiler,51.47805,6.86250,ort
67823,Lettweiler,49.72797,7.77266,ort
67824,Feilbingert,49.76667,7.80000,ort
67826,Duchroth,49.48806,8.19611,leitregion
67827,Becherbach,49.48806,8.19611,leitregion
67829,Callbach,49.48806,8.19611,leitregion
68159,Mannheim,49.48910,8.46694,ort
68161,Mannheim,49.48910,8.46694,ort
68163,Mannheim,49.48910,8.46694,ort
68165,Mannheim,49.48910,8.46694,ort
68167,Mannheim,49.48910,8.46694,ort
68169,Mannheim,49.48910,8.46694,ort
68199,Mannheim,49.48910,8.46694,ort
68219,Mannheim,49.48910,8.46694,ort
68229,Mannheim,49.48910,8.46694,ort
68239,Mannheim,49.48910,8.46694,ort
68259,Mannheim,49.48910,8.46694,ort
68305,Mannheim,49.48910,8.46694,ort
68307,Mannheim,49.48910,8.46694,ort
68309,Mannheim,49.48910,8.46694,ort
68519,Viernheim,49.54033,8.57820,ort
68526,Ladenburg,49.47307,8.60896,ort
68535,Edingen-Neckarhausen,49.45722,8.60639,ort
68542,Heddesheim,49.50556,8.60361,ort
68549,Ilvesheim,49.47404,8.56740,ort
68623,Lampertheim,49.59786,8.47250,ort
68642,Bürstadt,49.64266,8.45936,ort
68647,Biblis,49.69167,8.45861,ort
68649,Groß-Rohrheim,49.72111,8.48278,ort
68723,Oftersheim,49.36528,8.58306,ort
68753,Waghäusel,49.24991,8.51257,ort
68766,Hockenheim,49.32334,8.55194,ort
68775,Ketsch,49.36778,8.53111,ort
68782,Brühl,50.82928,6.90499,ort
68789,St. Leon-Rot,49.48910,8.46694,leitregion
68794,Oberhausen-Rheinhausen,49.27389,8.47167,ort
68799,Reilingen,49.29833,8.56417,ort
68804,Altlußheim,49.30167,8.49917,ort
68809,Neulußheim,49.29806,8.51833,ort
69115,Heidelberg,49.40768,8.69079,ort
69117,Heidelberg,49.40768,8.69079,ort
69118,Heidelberg,49.40768,8.69079,ort
69120,Heidelberg,49.40768,8.69079,ort
69121,Heidelberg,49.40768,8.69079,ort
69123,Heidelberg,49.40768,8.69079,ort
69124,Heidelberg,49.40768,8.69079,ort
69126,Heidelberg,49.40768,8.69079,ort
69151,Neckargemünd,49.38899,8.79590,ort
69168,Wiesloch,49.29504,8.69846,ort
69181,Leimen,49.34737,8.68733,ort
69190,Walldorf,49.30637,8.64236,ort
69198,Schriesheim,49.47372,8.66360,ort
69207,Sandhausen,49.34278,8.65917,ort
69214,Eppelheim,49.40190,8.63644,ort
69221,Dossenheim,49.45028,8.67472,ort
69226,Nußloch,49.32389,8.69556,ort
69231,Rauenberg,49.26943,8.70344,ort
69234,Dielheim,49.28417,8.73806,ort
69239,Neckarsteinach,49.40735,8.84342,ort
69242,Mühlhausen,51.20896,10.45275,ort
69245,Bammental,49.35611,8.77944,ort
69250,Schönau,49.43665,8.80880,ort
69251,Gaiberg,49.36639,8.74972,ort
69253,Heiligkreuzsteinach,49.48333,8.79500,ort
69254,Malsch,48.88333,8.33333,ort
69256,Mauer,49.34083,8.80028,ort
69257,Wiesenbach,49.36139,8.80361,ort
69259,Wilhelmsfeld,49.47056,8.75361,ort
69412,Eberbach,49.46680,8.99016,ort
69427,Mudau,49.53444,9.20444,ort
69429,Eberbach,49.46680,8.99016,ort
69434,Eberbach,49.46680,8.99016,ort
69436,Schönbrunn,49.40768,8.69701,leitregion
69437,Neckargerach,49.40000,9.06667,ort
69439,Zwingenberg,49.72389,8.61084,ort
69469,Weinheim,49.54887,8.66697,ort
69483,Wald-Michelbach,49.57000,8.83167,ort
69488,Birkenau,49.56250,8.70694,ort
69493,Hirschberg an der Bergstraße,49.50710,8.65693,ort
69502,Hemsbach,49.59075,8.64779,ort
69509,Mörlenbach,49.59917,8.73472,ort
69514,Laudenbach,49.61333,8.65389,ort
69517,Gorxheimertal,49.40768,8.69701,leitregion
69518,Abtsteinach,49.40768,8.69701,leitregion
70173,Stuttgart,48.78232,9.17702,ort
70174,Stuttgart,48.78232,9.17702,ort
70176,Stuttgart,48.78232,9.17702,ort
70178,Stuttgart,48.78232,9.17702,ort
70180,Stuttgart,48.78232,9.17702,ort
70182,Stuttgart,48.78232,9.17702,ort
70184,Stuttgart,48.78232,9.17702,ort
70186,Stuttgart,48.78232,9.17702,ort
70188,Stuttgart,48.78232,9.17702,ort
70190,Stuttgart,48.78232,9.17702,ort
70191,Stuttgart,48.78232,9.17702,ort
70192,Stuttgart,48.78232,9.17702,ort
70193,Stuttgart,48.78232,9.17702,ort
70195,Stuttgart,48.78232,9.17702,ort
70197,Stuttgart,48.78232,9.17702,ort
70199,Stuttgart,48.78232,9.17702,ort
70327,Stuttgart,48.78232,9.17702,ort
70329,Stuttgart,48.78232,9.17702,ort
70372,Stuttgart,48.78232,9.17702,ort
70374,Stuttgart,48.78232,9.17702,ort
70376,Stuttgart,48.78232,9.17702,ort
70378,Stuttgart,48.78232,9.17702,ort
70435,Stuttgart,48.78232,9.17702,ort
70437,Stuttgart,48.78232,9.17702,ort
70439,Stuttgart,48.78232,9.17702,ort
70469,Stuttgart,48.78232,9.17702,ort
70499,Stuttgart,48.78232,9.17702,ort
70563,Stuttgart,48.78232,9.17702,ort
70565,Stuttgart,48.78232,9.17702,ort
70567,Stuttgart,48.78232,9.17702,ort
70569,Stuttgart,48.78232,9.17702,ort
70597,Stuttgart,48.78232,9.17702,ort
70599,Stuttgart,48.78232,9.17702,ort
70619,Stuttgart,48.78232,9.17702,ort
70629,Stuttgart,48.78232,9.17702,ort
70734,Fellbach,48.80912,9.27697,ort
70736,Fellbach,48.80912,9.27697,ort
70771,Leinfelden-Echterdingen,48.69406,9.16809,ort
70794,Filderstadt,48.65698,9.22049,ort
70806,Kornwestheim,48.86158,9.18569,ort
70825,Korntal-Münchingen,48.78232,9.17702,leitregion
70839,Gerlingen,48.79954,9.06316,ort
71032,Böblingen,48.68212,9.01171,ort
71034,Böblingen,48.68212,9.01171,ort
71063,Sindelfingen,48.70000,9.01667,ort
71065,Sindelfingen,48.70000,9.01667,ort
71067,Sindelfingen,48.70000,9.01667,ort
71069,Sindelfingen,48.70000,9.01667,ort
71083,Herrenberg,48.59523,8.86648,ort
71088,Holzgerlingen,48.63969,9.01149,ort
71093,Weil im Schönbuch,48.62270,9.06355,ort
71101,Schönaich,48.65871,9.06012,ort
71106,Magstadt,48.74471,8.96675,ort
71111,Filderstadt,48.65698,9.22049,ort
71116,Gärtringen,48.64176,8.90073,ort
71120,Grafenau,48.85768,13.39740,ort
71126,Gäufelden,48.87644,9.13502,leitregion
71131,Jettingen,48.87644,9.13502,leitregion
71134,Aidlingen,48.67849,8.89524,ort
71139,Ehningen,48.65882,8.94124,ort
71144,Steinenbronn,48.66667,9.11667,ort
71149,Bondorf,48.52064,8.83704,ort
71154,Nufringen,48.62253,8.89009,ort
71155,Altdorf,49.38560,11.35730,ort
71157,Hildrizhausen,48.62423,8.96605,ort
71159,Mötzingen,48.53320,8.77447,ort
71229,Leonberg,48.80000,9.01667,ort
71254,Ditzingen,48.82672,9.06703,ort
71263,Weil der Stadt,48.74953,8.87176,ort
71272,Renningen,48.76974,8.93871,ort
71277,Rutesheim,48.80808,8.94536,ort
71282,Hemmingen,52.31425,9.72359,ort
71287,Weissach,48.84687,8.92828,ort
71292,Friolzheim,48.83333,8.83333,ort
71296,Heimsheim,48.80656,8.86744,ort
71297,Mönsheim,48.86667,8.86667,ort
71299,Wimsheim,48.85000,8.83333,ort
71332,Waiblingen,48.83241,9.31641,ort
71334,Waiblingen,48.83241,9.31641,ort
71336,Waiblingen,48.83241,9.31641,ort
71364,Winnenden,48.87563,9.39819,ort
71384,Weinstadt,48.87644,9.13502,leitregion
71394,Kernen im Remstal,48.87644,9.13502,leitregion
71397,Leutenbach,48.88791,9.39267,ort
71404,Korb,48.84303,9.36258,ort
71409,Schwaikheim,48.87733,9.34958,ort
71522,Backnang,48.94743,9.43718,ort
71540,Murrhardt,48.98191,9.57047,ort
71543,Beilstein,49.04140,9.31370,ort
71546,Aspach,48.96667,9.40000,ort
71549,Auenwald,48.87644,9.13502,leitregion
71554,Weissach im Tal,48.84687,8.92828,ort
71560,Oppenweiler,48.98270,9.45850,ort
71563,Affalterbach,48.92267,9.32362,ort
71566,Althütte,48.91565,9.56984,ort
71570,Oppenweiler,48.98270,9.45850,ort
71573,Allmersbach im Tal,48.90659,9.46815,ort
71576,Burgstetten,48.92805,9.37239,ort
71577,Großerlach,49.05368,9.51356,ort
71579,Spiegelberg,49.04083,9.44444,ort
71634,Ludwigsburg,48.89731,9.19161,ort
71636,Ludwigsburg,48.89731,9.19161,ort
71638,Ludwigsburg,48.89731,9.19161,ort
71640,Ludwigsburg,48.89731,9.19161,ort
71642,Ludwigsburg,48.89731,9.19161,ort
71665,Vaihingen an der Enz,48.93563,8.96045,ort
71672,Ludwigsburg,48.89731,9.19161,ort
71679,Asperg,48.90525,9.13502,ort
71686,Remseck am Neckar,48.87644,9.13502,leitregion
71691,Freiberg am Neckar,48.93196,9.20240,ort
71696,Möglingen,48.88741,9.12694,ort
71701,Schwieberdingen,48.87644,9.07439,ort
71706,Markgröningen,48.90493,9.08059,ort
71711,Marbach am Neckar,48.93964,9.25995,ort
71717,Beilstein,49.04140,9.31370,ort
71720,Oberstenfeld,49.02611,9.32083,ort
71723,Großbottwar,49.00147,9.29348,ort
71726,Benningen am Neckar,48.94672,9.24212,ort
71729,Erdmannhausen,48.94256,9.29615,ort
71732,Tamm,48.91988,9.11556,ort
71735,Eberdingen,48.87942,8.96502,ort
71737,Kirchberg an der Murr,48.94297,9.34083,ort
71739,Oberriexingen,48.92652,9.02701,ort
72070,Tübingen,48.52266,9.05222,ort
72072,Tübingen,48.52266,9.05222,ort
72074,Tübingen,48.52266,9.05222,ort
72076,Tübingen,48.52266,9.05222,ort
72108,Rottenburg am Neckar,48.47629,8.93528,ort
72116,Mössingen,48.40567,9.05419,ort
72119,Ammerbuch,48.45357,9.11977,leitregion
72124,Pliezhausen,48.55934,9.20749,ort
72127,Kusterdingen,48.52291,9.11977,ort
72131,Ofterdingen,48.41667,9.03333,ort
72135,Dettenhausen,48.60758,9.10041,ort
72138,Kirchentellinsfurt,48.53315,9.14732,ort
72141,Walddorfhäslach,48.45357,9.11977,leitregion
72144,Dußlingen,48.45357,9.05552,ort
72145,Hirrlingen,48.41245,8.88742,ort
72147,Nehren,48.43097,9.06990,ort
72149,Neustetten,48.45357,9.11977,leitregion
72160,Horb am Neckar,48.44423,8.69130,ort
72172,Sulz am Neckar,48.36241,8.63309,ort
72175,Dornhan,48.35008,8.50901,ort
72178,Waldachtal,48.45357,9.11977,leitregion
72181,Starzach,48.45357,9.11977,leitregion
72184,Eutingen im Gäu,48.45357,9.11977,leitregion
72186,Empfingen,48.39258,8.71036,ort
72189,Vöhringen,48.27839,10.08236,ort
72202,Nagold,48.54980,8.72366,ort
72213,Altensteig,48.58649,8.60395,ort
72218,Wildberg,48.62336,8.74518,ort
72221,Haiterbach,48.52066,8.64435,ort
72224,Ebhausen,48.58333,8.68333,ort
72226,Simmersfeld,48.61667,8.51667,ort
72227,Egenhausen,48.56667,8.61667,ort
72229,Rohrdorf,47.79713,12.17010,ort
72250,Bad Peterstal-Griesbach,48.43333,8.21667,ort
72270,Baiersbronn,48.50318,8.37699,ort
72275,Alpirsbach,48.34507,8.40197,ort
72280,Dornstetten,48.47198,8.49817,ort
72285,Pfalzgrafenweiler,48.52650,8.56582,ort
72290,Loßburg,48.40000,8.45000,ort
72293,Glatten,48.44246,8.51116,ort
72294,Grömbach,48.45357,9.11977,leitregion
72296,Schopfloch,49.11917,10.30774,ort
72297,Grömbach,48.45357,9.11977,leitregion
72299,Wörnersberg,48.45357,9.11977,leitregion
72336,Balingen,48.27525,8.85464,ort
72348,Rosenfeld,48.28639,8.72357,ort
72351,Geislingen,48.28768,8.81241,ort
72355,Schömberg,48.78713,8.64495,ort
72356,Dautmergen,48.45357,9.11977,leitregion
72358,Dormettingen,48.23688,8.77327,ort
72359,Dotternhausen,48.22848,8.79228,ort
72361,Hausen am Tann,49.68945,11.03216,ort
72362,Nusplingen,48.45357,9.11977,leitregion
72364,Obernheim,48.16297,8.86113,ort
72365,Ratshausen,48.45357,9.11977,leitregion
72367,Weilen unter den Rinnen,48.45357,9.11977,leitregion
72369,Zimmern unter der Burg,48.45357,9.11977,leitregion
72379,Hechingen,48.35149,8.96317,ort
72393,Burladingen,48.29111,9.11286,ort
72401,Haigerloch,48.36614,8.80357,ort
72406,Bisingen,48.31012,8.91738,ort
72411,Bodelshausen,48.38886,8.97703,ort
72414,Rangendingen,48.38168,8.88940,ort
72415,Grosselfingen,48.33229,8.88704,ort
72417,Jungingen,48.32787,9.04095,ort
72419,Neufra,48.12880,9.47554,ort
72458,Albstadt,48.21644,9.02596,ort
72459,Albstadt,48.21644,9.02596,ort
72461,Albstadt,48.21644,9.02596,ort
72469,Meßstetten,48.18317,8.96565,ort
72474,Winterlingen,48.18333,9.11667,ort
72475,Bitz,48.24400,9.09144,ort
72477,Schwenningen,48.10000,9.00000,ort
72479,Straßberg,48.17805,9.09059,ort
72488,Sigmaringen,48.08829,9.23033,ort
72501,Gammertingen,48.25240,9.22349,ort
72505,Krauchenwies,48.01651,9.24757,ort
72510,Stetten am kalten Markt,48.12419,9.07775,ort
72511,Bingen,48.11127,9.27238,ort
72513,Hettingen,48.21601,9.23169,ort
72514,Inzigkofen,48.07034,9.17998,ort
72516,Scheer,48.07292,9.29486,ort
72517,Sigmaringendorf,48.06586,9.26208,ort
72519,Veringenstadt,48.18515,9.21079,ort
72525,Münsingen,48.41126,9.49704,ort
72531,Hohenstein,48.45357,9.11977,leitregion
72532,Gomadingen,48.39980,9.39065,ort
72534,Hayingen,48.27531,9.47760,ort
72535,Heroldstatt,48.45357,9.11977,leitregion
72537,Mehrstetten,48.37609,9.56600,ort
72539,Pfronstetten,48.27641,9.35995,ort
72555,Metzingen,48.53695,9.28330,ort
72574,Bad Urach,48.49107,9.40009,ort
72581,Dettingen an der Erms,48.53077,9.34458,ort
72582,Grabenstetten,48.52397,9.46155,ort
72584,Hülben,48.51982,9.40790,ort
72585,Riederich,48.56029,9.26883,ort
72587,Römerstein,48.45357,9.11977,leitregion
72589,Westerheim,48.51511,9.62424,ort
72622,Nürtingen,48.62565,9.34203,ort
72631,Aichtal,48.45357,9.11977,leitregion
72636,Frickenhausen,48.59353,9.36005,ort
72639,Neuffen,48.55460,9.37550,ort
72644,Oberboihingen,48.65000,9.36667,ort
72649,Wolfschlugen,48.65000,9.28333,ort
72654,Neckartenzlingen,48.58981,9.23478,ort
72655,Altdorf,49.38560,11.35730,ort
72657,Altenriet,48.59140,9.22186,ort
72658,Bempflingen,48.57178,9.26834,ort
72660,Beuren,48.56927,9.40406,ort
72661,Grafenberg,48.45357,9.11977,leitregion
72663,Großbettlingen,48.59052,9.30782,ort
72664,Kohlberg,48.55845,9.33576,ort
72666,Neckartailfingen,48.61172,9.26371,ort
72667,Schlaitdorf,48.60431,9.22268,ort
72669,Unterensingen,48.65452,9.35799,ort
72760,Reutlingen,48.49144,9.20427,ort
72762,Reutlingen,48.49144,9.20427,ort
72764,Reutlingen,48.49144,9.20427,ort
72766,Reutlingen,48.49144,9.20427,ort
72768,Reutlingen,48.49144,9.20427,ort
72770,Reutlingen,48.49144,9.20427,ort
72793,Pfullingen,48.46458,9.22796,ort
72800,Eningen unter Achalm,48.48686,9.25946,ort
72805,Lichtenstein,50.75659,12.63025,ort
72810,Gomaringen,48.45349,9.09582,ort
72813,St. Johann,48.45357,9.11977,leitregion
72818,Trochtelfingen,48.30843,9.24491,ort
72820,Sonnenbühl,48.45357,9.11977,leitregion
72827,Wannweil,48.51667,9.15000,ort
72829,Engstingen,48.45357,9.11977,leitregion
73033,Göppingen,48.70354,9.65209,ort
73035,Göppingen,48.70354,9.65209,ort
73037,Eschenbach,48.65264,9.67037,ort
73054,Eislingen/Fils,48.73961,9.70393,leitregion
73061,Ebersbach an der Fils,48.71600,9.52360,ort
73066,Uhingen,48.70475,9.58570,ort
73072,Donzdorf,48.68544,9.81053,ort
73079,Süßen,48.67934,9.75534,ort
73084,Salach,48.69198,9.73715,ort
73087,Bad Boll,48.64882,9.57137,ort
73092,Heiningen,48.66177,9.64977,ort
73095,Albershausen,48.69136,9.56493,ort
73098,Rechberghausen,48.73080,9.64419,ort
73099,Adelberg,48.76227,9.59991,ort
73101,Aichelberg,48.63557,9.56373,ort
73102,Birenbach,48.74732,9.66115,ort
73104,Börtlingen,48.75376,9.63181,ort
73105,Dürnau,48.64079,9.63544,ort
73107,Eschenbach,48.65264,9.67037,ort
73108,Gammelshausen,48.64023,9.65072,ort
73110,Hattenhofen,48.66648,9.57456,ort
73111,Lauterstein,48.73961,9.70393,leitregion
73113,Ottenbach,48.73649,9.74844,ort
73114,Schlat,48.65321,9.70625,ort
73116,Göppingen,48.70354,9.65209,ort
73117,Wangen,47.68950,9.83247,ort
73119,Zell unter Aichelberg,48.64882,9.57137,ort
73207,Plochingen,48.71067,9.41949,ort
73230,Kirchheim unter Teck,48.64683,9.45378,ort
73235,Weilheim an der Teck,48.61572,9.53751,ort
73240,Wendlingen am Neckar,48.67124,9.37632,ort
73249,Wernau (Neckar),48.69306,9.41533,ort
73252,Lenningen,48.55048,9.47674,ort
73257,Köngen,48.68333,9.36667,ort
73262,Reichenbach an der Fils,48.71011,9.46429,ort
73265,Dettingen unter Teck,48.61667,9.45000,ort
73266,Bissingen an der Teck,48.59915,9.49146,ort
73268,Erkenbrechtsweiler,48.55656,9.43211,ort
73269,Hochdorf,48.69283,9.46494,ort
73271,Holzmaden,48.63333,9.51667,ort
73272,Neidlingen,48.57865,9.56454,ort
73274,Notzingen,48.67076,9.45721,ort
73275,Ohmden,48.64599,9.52698,ort
73277,Owen,48.58742,9.44978,ort
73278,Schlierbach,48.67362,9.51811,ort
73312,Bad Ditzenbach,48.58830,9.70393,ort
73326,Deggingen,48.59710,9.71891,ort
73329,Kuchen,48.63583,9.79989,ort
73333,Gingen an der Fils,48.65979,9.78092,ort
73337,Bad Überkingen,48.59991,9.79586,ort
73340,Amstetten,48.57876,9.87388,ort
73342,Bad Ditzenbach,48.58830,9.70393,ort
73344,Gruibingen,48.59483,9.64389,ort
73345,Bad Ditzenbach,48.58830,9.70393,ort
73347,Mühlhausen im Täle,51.20896,10.45275,ort
73349,Wiesensteig,48.56127,9.62540,ort
73430,Aalen,48.83777,10.09330,ort
73431,Aalen,48.83777,10.09330,ort
73432,Aalen,48.83777,10.09330,ort
73433,Aalen,48.83777,10.09330,ort
73434,Aalen,48.83777,10.09330,ort
73441,Bopfingen,48.85847,10.35417,ort
73447,Oberkochen,48.78379,10.10519,ort
73450,Neresheim,48.75511,10.33041,ort
73453,Abtsgmünd,48.89503,10.00172,ort
73457,Essingen,48.80859,10.02773,ort
73460,Hüttlingen,48.89266,10.10064,ort
73463,Westhausen,48.88333,10.18333,ort
73466,Lauchheim,48.87135,10.24222,ort
73467,Kirchheim am Ries,48.87922,10.40028,ort
73469,Riesbürg,48.73961,9.70393,leitregion
73479,Ellwangen (Jagst),48.96164,10.13173,ort
73485,Unterschneidheim,48.93333,10.36667,ort
73486,Adelmannsfelden,48.95476,10.00466,ort
73488,Ellenberg,49.01667,10.21667,ort
73489,Jagstzell,49.03055,10.09751,ort
73491,Neuler,48.92803,10.06888,ort
73492,Rainau,48.73961,9.70393,leitregion
73494,Rosenberg,49.01892,10.02960,ort
73495,Stödtlen,49.00000,10.30000,ort
73497,Tannhausen,48.97870,10.36129,ort
73499,Wört,49.03047,10.27239,ort
73525,Schwäbisch Gmünd,48.79947,9.79809,ort
73527,Schwäbisch Gmünd,48.79947,9.79809,ort
73529,Ottenbach,48.73649,9.74844,ort
73540,Heubach,48.79267,9.93370,ort
73547,Lorch,48.79833,9.69140,ort
73550,Schwäbisch Gmünd,48.79947,9.79809,ort
73553,Alfdorf,48.84385,9.71857,ort
73557,Mutlangen,48.82588,9.79714,ort
73560,Böbingen an der Rems,48.81955,9.92130,ort
73563,Essingen,48.80859,10.02773,ort
73565,Spraitbach,48.88065,9.76217,ort
73566,Bartholomä,48.75350,9.98752,ort
73568,Durlangen,48.85632,9.79654,ort
73569,Eschach,48.88832,9.86999,ort
73571,Göggingen,48.86123,9.88398,ort
73572,Heuchlingen,48.85215,9.94391,ort
73574,Iggingen,48.83167,9.87894,ort
73575,Leinzell,48.84941,9.87750,ort
73577,Ruppertshofen,48.88275,9.81506,ort
73579,Schechingen,48.87341,9.91744,ort
73614,Schorndorf,48.80537,9.52721,ort
73630,Remshalden,48.73961,9.70393,leitregion
73635,Rudersberg,48.88515,9.52927,ort
73642,Kaisersbach,48.93023,9.63898,ort
73650,Winterbach,48.79918,9.47914,ort
73655,Alfdorf,48.84385,9.71857,ort
73660,Urbach,48.81680,9.57690,ort
73663,Berglen,48.73961,9.70393,leitregion
73666,Baltmannsweiler,48.74215,9.44940,ort
73667,Kaisersbach,48.93023,9.63898,ort
73669,Lichtenwald,48.73961,9.70393,leitregion
73728,Esslingen am Neckar,48.73961,9.30473,ort
73730,Esslingen am Neckar,48.73961,9.30473,ort
73732,Esslingen am Neckar,48.73961,9.30473,ort
73733,Esslingen am Neckar,48.73961,9.30473,ort
73734,Esslingen am Neckar,48.73961,9.30473,ort
73760,Ostfildern,48.72704,9.24954,ort
73765,Neuhausen auf den Fildern,48.68333,9.28333,ort
73770,Denkendorf,48.69555,9.31675,ort
73773,Aichwald,48.73961,9.70393,leitregion
73776,Altbach,48.72268,9.38078,ort
73779,Deizisau,48.71220,9.38610,ort
74072,Heilbronn,49.13995,9.22054,ort
74074,Heilbronn,49.13995,9.22054,ort
74076,Heilbronn,49.13995,9.22054,ort
74078,Heilbronn,49.13995,9.22054,ort
74080,Heilbronn,49.13995,9.22054,ort
74081,Heilbronn,49.13995,9.22054,ort
74172,Neckarsulm,49.18912,9.22527,ort
74177,Bad Friedrichshall,49.18912,9.25389,leitregion
74182,Obersulm,49.18912,9.25389,leitregion
74189,Weinsberg,49.15127,9.28762,ort
74193,Schwaigern,49.14494,9.05525,ort
74196,Neuenstadt am Kocher,49.23498,9.33215,ort
74199,Untergruppenbach,49.08940,9.27516,ort
74206,Bad Wimpfen,49.22971,9.15648,ort
74211,Leingarten,49.14639,9.11694,ort
74214,Schöntal,49.18912,9.25389,leitregion
74219,Möckmühl,49.32490,9.35837,ort
74223,Flein,49.10306,9.21083,ort
74226,Nordheim,49.10861,9.12778,ort
74229,Oedheim,49.24028,9.25333,ort
74232,Abstatt,49.06820,9.29070,ort
74235,Erlenbach,49.17250,9.26833,ort
74238,Krautheim,49.38789,9.63553,ort
74239,Hardthausen am Kocher,49.18912,9.25389,leitregion
74243,Langenbrettach,49.22601,9.41842,ort
74245,Löwenstein,49.09558,9.38000,ort
74246,Eberstadt,49.18028,9.32111,ort
74248,Ellhofen,49.14667,9.32194,ort
74249,Jagsthausen,49.31056,9.46833,ort
74251,Lehrensteinsfeld,49.13111,9.32722,ort
74252,Massenbachhausen,49.17778,9.04333,ort
74254,Offenau,49.24583,9.16056,ort
74255,Roigheim,49.36472,9.34000,ort
74257,Untereisesheim,49.21111,9.20194,ort
74259,Widdern,49.31825,9.42209,ort
74321,Bietigheim-Bissingen,48.94407,9.11755,ort
74336,Brackenheim,49.07787,9.06601,ort
74343,Sachsenheim,48.96000,9.06472,ort
74348,Lauffen am Neckar,49.07340,9.14567,ort
74354,Besigheim,48.99797,9.14268,ort
74357,Bönnigheim,49.04018,9.09386,ort
74360,Ilsfeld,49.05548,9.24598,ort
74363,Güglingen,49.06642,9.00175,ort
74366,Kirchheim am Neckar,49.04500,9.14222,ort
74369,Löchgau,49.00361,9.10639,ort
74372,Sersheim,48.96667,9.01667,ort
74374,Zaberfeld,49.05611,8.92694,ort
74376,Gemmrigheim,49.02833,9.15556,ort
74379,Ingersheim,49.18912,9.25389,leitregion
74382,Neckarwestheim,49.04694,9.19000,ort
74385,Pleidelsheim,48.95920,9.20311,ort
74388,Talheim,49.08333,9.19306,ort
74389,Cleebronn,49.04500,9.03694,ort
74391,Erligheim,49.02250,9.09722,ort
74392,Freudental,49.00972,9.05917,ort
74394,Hessigheim,48.99407,9.18629,ort
74395,Mundelsheim,49.00083,9.20778,ort
74397,Pfaffenhofen,49.06444,8.97639,ort
74399,Walheim,49.01417,9.15111,ort
74405,Gaildorf,49.00027,9.76953,ort
74417,Gschwend,48.93333,9.74436,ort
74420,Oberrot,49.01444,9.66722,ort
74423,Obersontheim,49.05667,9.89917,ort
74424,Bühlertann,49.04167,9.90861,ort
74426,Bühlerzell,49.00333,9.92056,ort
74427,Fichtenberg,48.98601,9.71199,ort
74429,Sulzbach-Laufen,49.18912,9.25389,leitregion
74523,Schwäbisch Hall,49.11127,9.73908,ort
74532,Ilshofen,49.17015,9.91825,ort
74535,Mainhardt,49.07611,9.55639,ort
74538,Rosengarten,49.18912,9.25389,leitregion
74541,Vellberg,49.08430,9.87914,ort
74542,Braunsbach,49.19917,9.79056,ort
74544,Michelbach an der Bilz,49.07028,9.76250,ort
74545,Michelfeld,49.09750,9.67861,ort
74547,Untermünkheim,49.15255,9.73384,ort
74549,Wolpertshausen,49.16750,9.84472,ort
74564,Crailsheim,49.13444,10.07193,ort
74572,Blaufelden,49.29778,9.97389,ort
74575,Schrozberg,49.34528,9.97944,ort
74579,Fichtenau,49.18912,9.25389,leitregion
74582,Gerabronn,48.97071,9.91986,ort
74585,Rot am See,49.25000,10.01667,ort
74586,Frankenhardt,49.18912,9.25389,leitregion
74589,Satteldorf,49.16953,10.07957,ort
74592,Kirchberg an der Jagst,49.20056,9.98226,ort
74594,Kreßberg,49.18912,9.25389,leitregion
74595,Langenburg,49.25401,9.85673,ort
74597,Crailsheim,49.13444,10.07193,ort
74599,Wallhausen,49.21042,10.06219,ort
74613,Öhringen,49.19884,9.50720,ort
74626,Bretzfeld,49.17944,9.43833,ort
74629,Pfedelbach,49.17806,9.50500,ort
74632,Neuenstein,49.20490,9.58000,ort
74635,Kupferzell,49.22778,9.69000,ort
74638,Waldenburg,50.87653,12.59919,ort
74639,Zweiflingen,49.25639,9.51806,ort
74653,Ingelfingen,49.30028,9.65303,ort
74670,Forchtenberg,49.28867,9.56026,ort
74673,Mulfingen,49.34028,9.80083,ort
74676,Niedernhall,49.29516,9.61604,ort
74677,Dörzbach,49.38355,9.70732,ort
74679,Weißbach,49.29717,9.59531,ort
74706,Osterburken,49.42997,9.42252,ort
74722,Buchen (Odenwald),49.18912,9.25389,leitregion
74731,Eichenbühl,49.70556,9.32917,ort
74736,Hardheim,49.61194,9.47194,ort
74740,Adelsheim,49.40150,9.39250,ort
74743,Seckach,49.44222,9.33417,ort
74744,Ahorn,50.23762,10.95417,ort
74746,Höpfingen,49.60250,9.42861,ort
74747,Ravenstein,49.18912,9.25389,leitregion
74749,Rosenberg,49.01892,10.02960,ort
74821,Mosbach,49.35357,9.15106,ort
74831,Gundelsheim,49.28330,9.16037,ort
74834,Elztal,49.18912,9.25389,leitregion
74838,Limbach,50.58333,12.25000,ort
74842,Billigheim,49.34861,9.25389,ort
74847,Obrigheim,49.35194,9.09083,ort
74850,Schefflenz,49.18912,9.25389,leitregion
74855,Haßmersheim,49.30000,9.15000,ort
74858,Aglasterhausen,49.35694,8.98694,ort
74861,Neudenau,49.29181,9.26975,ort
74862,Binau,49.36833,9.05806,ort
74864,Fahrenbach,49.43139,9.15056,ort
74865,Neckarzimmern,49.31917,9.13278,ort
74867,Neunkirchen,49.34449,7.18045,ort
74869,Schwarzach,48.91567,12.81143,ort
74889,Sinsheim,49.25290,8.87867,ort
74906,Bad Rappenau,49.23848,9.10180,ort
74909,Meckesheim,49.32167,8.81944,ort
74912,Kirchardt,49.20500,8.99167,ort
74915,Waibstadt,49.29505,8.91771,ort
74918,Angelbachtal,49.18912,9.25389,leitregion
74921,Helmstadt-Bargen,49.31427,8.99712,ort
74924,Neckarbischofsheim,49.29625,8.96380,ort
74925,Epfenbach,49.33917,8.90778,ort
74927,Eschelbronn,49.31944,8.86528,ort
74928,Hüffenhardt,49.29194,9.08167,ort
74930,Ittlingen,49.19083,8.93083,ort
74931,Lobbach,49.37519,8.88884,ort
74933,Neidenstein,49.31667,8.88472,ort
74934,Reichartshausen,49.35500,8.94528,ort
74936,Siegelsbach,49.26972,9.08972,ort
74937,Spechbach,49.34639,8.88333,ort
74939,Zuzenhausen,49.29636,8.82254,ort
75015,Bretten,49.03685,8.70745,ort
75031,Eppingen,49.13645,8.91229,ort
75038,Oberderdingen,49.06556,8.80306,ort
75045,Walzbachtal,48.88436,8.70885,leitregion
75050,Gemmingen,49.15639,8.98194,ort
75053,Gondelsheim,49.05917,8.65833,ort
75056,Sulzfeld,49.10472,8.85583,ort
75057,Kürnbach,49.07750,8.84556,ort
75059,Zaisenhausen,49.10667,8.81278,ort
75172,Pforzheim,48.88436,8.69892,ort
75173,Pforzheim,48.88436,8.69892,ort
75175,Pforzheim,48.88436,8.69892,ort
75177,Pforzheim,48.88436,8.69892,ort
75179,Pforzheim,48.88436,8.69892,ort
75180,Pforzheim,48.88436,8.69892,ort
75181,Pforzheim,48.88436,8.69892,ort
75196,Remchingen,48.88436,8.70885,leitregion
75203,Königsbach-Stein,48.96585,8.60573,ort
75210,Keltern,48.88436,8.70885,leitregion
75217,Birkenfeld,48.86667,8.63333,ort
75223,Niefern-Öschelbronn,48.91667,8.78333,ort
75228,Ispringen,48.91667,8.66667,ort
75233,Tiefenbronn,48.82398,8.80129,ort
75236,Kämpfelbach,48.88436,8.70885,leitregion
75239,Eisingen,48.95000,8.66667,ort
75242,Neuhausen,48.79260,8.77649,ort
75245,Neulingen,48.88436,8.70885,leitregion
75248,Ölbronn-Dürrn,48.96667,8.75000,ort
75249,Kieselbronn,48.93333,8.75000,ort
75305,Neuenbürg,48.84516,8.59574,ort
75323,Bad Wildbad,48.75071,8.55040,ort
75328,Schömberg,48.78713,8.64495,ort
75331,Engelsbrand,48.83333,8.65000,ort
75334,Straubenhardt,48.88436,8.70885,leitregion
75335,Dobel,48.80000,8.50000,ort
75337,Enzklösterle,48.66638,8.47083,ort
75339,Höfen an der Enz,48.80000,8.58333,ort
75365,Calw,48.71419,8.74031,ort
75378,Bad Liebenzell,48.77427,8.72971,ort
75382,Althengstett,48.72325,8.79434,ort
75385,Bad Teinach-Zavelstein,48.69051,8.69285,ort
75387,Neubulach,48.66092,8.69611,ort
75389,Neuweiler,48.66667,8.60000,ort
75391,Gechingen,48.69527,8.82915,ort
75392,Deckenpfronn,48.65128,8.82417,ort
75394,Oberreichenbach,48.73333,8.66667,ort
75395,Ostelsheim,48.72633,8.84816,ort
75397,Simmozheim,48.75127,8.81142,ort
75399,Unterreichenbach,48.82496,8.70885,ort
75417,Mühlacker,48.94754,8.83675,ort
75428,Illingen,49.37362,7.04758,ort
75433,Maulbronn,48.99958,8.80337,ort
75438,Knittlingen,49.02487,8.75606,ort
75443,Ötisheim,48.96667,8.80000,ort
75446,Wiernsheim,48.88333,8.85000,ort
75447,Sternenfels,49.05139,8.85083,ort
75449,Wurmberg,48.86667,8.81667,ort
76131,Karlsruhe,49.00937,8.40444,ort
76133,Karlsruhe,49.00937,8.40444,ort
76135,Karlsruhe,49.00937,8.40444,ort
76137,Karlsruhe,49.00937,8.40444,ort
76139,Karlsruhe,49.00937,8.40444,ort
76149,Karlsruhe,49.00937,8.40444,ort
76185,Karlsruhe,49.00937,8.40444,ort
76187,Karlsruhe,49.00937,8.40444,ort
76189,Karlsruhe,49.00937,8.40444,ort
76199,Karlsruhe,49.00937,8.40444,ort
76227,Karlsruhe,49.00937,8.40444,ort
76228,Karlsruhe,49.00937,8.40444,ort
76229,Karlsruhe,49.00937,8.40444,ort
76275,Ettlingen,48.94094,8.40763,ort
76287,Rheinstetten,48.96850,8.30704,ort
76297,Stutensee,49.03311,8.32292,leitregion
76307,Karlsbad,49.03311,8.32292,leitregion
76316,Malsch,48.88333,8.33333,ort
76327,Pfinztal,49.03311,8.32292,leitregion
76332,Bad Herrenalb,48.79787,8.43617,ort
76337,Waldbronn,49.03311,8.32292,leitregion
76344,Eggenstein-Leopoldshafen,49.09006,8.39879,ort
76351,Linkenheim-Hochstetten,49.13197,8.41244,ort
76356,Weingarten,47.81009,9.63863,ort
76359,Marxzell,49.03311,8.32292,leitregion
76437,Rastatt,48.85851,8.20965,ort
76448,Durmersheim,48.93333,8.26667,ort
76456,Kuppenheim,48.82794,8.25417,ort
76461,Muggensturm,48.86667,8.28333,ort
76467,Bietigheim,48.90919,8.25202,ort
76470,Ötigheim,48.89085,8.23442,ort
76473,Iffezheim,48.82167,8.14310,ort
76474,Au am Rhein,48.95000,8.23333,ort
76476,Bischweier,48.83766,8.28412,ort
76477,Elchesheim-Illingen,49.03311,8.32292,leitregion
76479,Steinmauern,48.90095,8.19692,ort
76530,Baden-Baden,48.76060,8.23975,ort
76532,Baden-Baden,48.76060,8.23975,ort
76534,Baden-Baden,48.76060,8.23975,ort
76547,Sinzheim,48.76667,8.16667,ort
76549,Hügelsheim,48.80000,8.11667,ort
76571,Gaggenau,48.80000,8.33333,ort
76593,Gernsbach,48.77034,8.34306,ort
76596,Forbach,48.68333,8.35000,ort
76597,Loffenau,48.77214,8.38463,ort
76599,Weisenbach,48.72757,8.35378,ort
76646,Bruchsal,49.12426,8.59804,ort
76661,Philippsburg,49.23170,8.46074,ort
76669,Bad Schönborn,49.03311,8.32292,leitregion
76676,Graben-Neudorf,49.16695,8.49243,ort
76684,Östringen,49.21911,8.71192,ort
76689,Karlsdorf-Neuthard,49.13472,8.53028,ort
76694,Forst,51.73544,14.63971,ort
76698,Ubstadt-Weiher,49.16296,8.63165,ort
76703,Kraichtal,49.14623,8.73276,ort
76706,Dettenheim,49.03311,8.32292,leitregion
76707,Hambrücken,49.19000,8.54056,ort
76709,Kronau,49.22250,8.63111,ort
76726,Germersheim,49.22306,8.36389,ort
76744,Vollmersweiler,49.04888,8.25959,ort
76751,Jockgrim,49.09288,8.27468,ort
76756,Bellheim,49.19833,8.27944,ort
76761,Rülzheim,49.15312,8.29287,ort
76764,Rheinzabern,49.11806,8.27806,ort
76767,Hagenbach,49.01734,8.25024,ort
76768,Berg (Pfalz),49.81417,12.14161,ort
76770,Hatzenbühl,49.11111,8.24528,ort
76771,Hördt,49.16583,8.32639,ort
76773,Kuhardt,49.14583,8.31444,ort
76774,Leimersheim,49.12421,8.34531,ort
76776,Neuburg am Rhein,48.50654,13.44718,ort
76777,Neupotz,49.11778,8.31944,ort
76779,Scheibenhardt,49.03311,8.32292,leitregion
76829,Landau in der Pfalz,49.19844,8.11692,ort
76831,Billigheim-Ingenheim,49.13667,8.09056,ort
76833,Böchingen,49.20889,8.05139,ort
76835,Burrweiler,49.26972,8.10778,ort
76846,Hauenstein,49.19211,7.85492,ort
76848,Darstein,49.20891,7.87346,ort
76855,Annweiler am Trifels,49.20613,7.97527,ort
76857,Albersweiler,49.21917,8.03000,ort
76863,Herxheim,49.03311,8.32292,leitregion
76865,Insheim,49.15806,8.14722,ort
76870,Kandel,49.08277,8.19720,ort
76872,Erlenbach bei Kandel,49.17250,9.26833,ort
76877,Offenbach an der Queich,49.19546,8.19779,ort
76879,Bornheim,50.76313,6.99089,ort
76887,Bad Bergzabern,49.10245,8.00092,ort
76889,Barbelroth,49.08972,7.96140,ort
76891,Bobenthal,49.11667,7.80000,ort
77652,Offenburg,48.47377,7.94495,ort
77654,Offenburg,48.47377,7.94495,ort
77656,Offenburg,48.47377,7.94495,ort
77694,Kehl,48.57297,7.81523,ort
77704,Oberkirch,48.53241,8.07864,ort
77709,Oberwolfach,48.31667,8.21667,ort
77716,Fischerbach,48.28687,8.10959,ort
77723,Gengenbach,48.40476,8.01433,ort
77728,Oppenau,48.47332,8.15970,ort
77731,Willstätt,48.54071,7.89314,ort
77736,Zell am Harmersbach,48.69235,8.06301,ort
77740,Bad Peterstal-Griesbach,48.43333,8.21667,ort
77743,Neuried,48.09322,11.46561,ort
77746,Schutterwald,48.45000,7.88333,ort
77749,Hohberg,48.32270,7.89972,ort
77756,Hausach,48.28426,8.17602,ort
77761,Schiltach,48.28932,8.34169,ort
77767,Appenweier,48.44167,8.07736,leitregion
77770,Durbach,48.49352,8.01736,ort
77773,Schenkenzell,48.31202,8.37212,ort
77776,Bad Rippoldsau-Schapbach,48.42883,8.32584,ort
77781,Biberach,48.61008,8.27704,ort
77784,Oberharmersbach,48.37358,8.12542,ort
77787,Nordrach,48.40000,8.08333,ort
77790,Steinach,50.43129,11.15909,ort
77791,Berghaupten,48.40602,7.98672,ort
77793,Gutach (Schwarzwaldbahn),48.24844,8.21293,ort
77794,Lautenbach,48.48185,8.02732,ort
77796,Mühlenbach,48.25000,8.11667,ort
77797,Ohlsbach,48.43222,7.99384,ort
77799,Ortenberg,50.35584,9.05602,ort
77815,Bühl,48.69676,8.13523,ort
77830,Bühlertal,48.68569,8.18876,ort
77833,Ottersweier,48.67022,8.11323,ort
77836,Rheinmünster,48.44167,8.07736,leitregion
77839,Lichtenau,51.61707,8.89665,ort
77855,Achern,48.63115,8.07607,ort
77866,Rheinau,48.66602,7.93659,ort
77871,Renchen,48.58850,8.01321,ort
77876,Kappelrodeck,48.59182,8.11692,ort
77880,Sasbach,48.63971,8.09375,ort
77883,Ottenhöfen im Schwarzwald,48.44167,8.07736,leitregion
77886,Lauf,48.65000,8.13333,ort
77887,Sasbachwalden,48.61667,8.13333,ort
77889,Seebach,51.16506,10.51428,ort
77933,Lahr/Schwarzwald,48.44167,8.07736,leitregion
77948,Friesenheim,48.44167,8.07736,leitregion
77955,Ettenheim,48.25696,7.81247,ort
77960,Seelbach,48.31055,7.94069,ort
77963,Schwanau,48.36669,7.76244,ort
77966,Kappel-Grafenhausen,48.28382,7.76605,ort
77971,Kippenheim,48.29564,7.82510,ort
77972,Mahlberg,48.28639,7.81411,ort
77974,Meißenheim,48.41035,7.77266,ort
77975,Ringsheim,48.24765,7.77823,ort
77977,Rust,48.26667,7.73333,ort
77978,Schuttertal,48.26667,7.95000,ort
78048,Villingen-Schwenningen,48.06226,8.49358,ort
78050,Villingen-Schwenningen,48.06226,8.49358,ort
78052,Villingen-Schwenningen,48.06226,8.49358,ort
78054,Villingen-Schwenningen,48.06226,8.49358,ort
78056,Villingen-Schwenningen,48.06226,8.49358,ort
78073,Bad Dürrheim,48.02093,8.53056,ort
78078,Niedereschach,48.13333,8.53333,ort
78083,Dauchingen,48.08993,8.55011,ort
78086,Brigachtal,48.05425,8.73420,leitregion
78087,Mönchweiler,48.10040,8.42219,ort
78089,Unterkirnach,48.07946,8.36575,ort
78098,Triberg im Schwarzwald,48.13175,8.23317,ort
78112,St. Georgen im Schwarzwald,48.05425,8.73420,leitregion
78120,Furtwangen im Schwarzwald,48.05156,8.20715,ort
78126,Königsfeld im Schwarzwald,48.13814,8.41973,ort
78132,Hornberg,48.21068,8.23275,ort
78136,Schonach im Schwarzwald,48.14229,8.20289,ort
78141,Schönwald im Schwarzwald,50.19970,12.08503,ort
78144,Schramberg,48.22399,8.38583,ort
78147,Vöhrenbach,48.05000,8.30000,ort
78148,Gütenbach,48.05000,8.15000,ort
78166,Donaueschingen,47.95514,8.49707,ort
78176,Blumberg,47.84058,8.53329,ort
78183,Hüfingen,47.92543,8.48831,ort
78187,Geisingen,47.92504,8.65002,ort
78194,Immendingen,47.93333,8.73333,ort
78199,Bräunlingen,47.92957,8.44806,ort
78224,Singen (Hohentwiel),47.75935,8.84030,ort
78234,Engen,47.85534,8.77342,ort
78239,Rielasingen-Worblingen,47.73465,8.84013,ort
78244,Gottmadingen,47.73511,8.77687,ort
78247,Hilzingen,47.76667,8.78333,ort
78250,Tengen,47.82128,8.66117,ort
78253,Eigeltingen,47.85802,8.89784,ort
78256,Steißlingen,47.80000,8.93333,ort
78259,Mühlhausen-Ehingen,47.81102,8.81224,ort
78262,Gailingen am Hochrhein,47.69711,8.75567,ort
78266,Büsingen am Hochrhein,47.69638,8.68759,ort
78267,Aach,47.84240,8.85384,ort
78269,Volkertshausen,47.81667,8.86667,ort
78315,Radolfzell am Bodensee,47.74194,8.97098,ort
78333,Stockach,47.85105,9.00910,ort
78337,Öhningen,47.66186,8.88674,ort
78343,Gaienhofen,47.68333,8.98333,ort
78345,Moos,47.72439,8.93479,ort
78351,Bodman-Ludwigshafen,47.81817,9.05540,ort
78354,Sipplingen,47.79678,9.09737,ort
78355,Hohenfels,49.20397,11.84841,ort
78357,Mühlingen,47.91667,9.01667,ort
78359,Orsingen-Nenzingen,47.84272,8.95909,ort
78462,Konstanz,47.66033,9.17582,ort
78464,Konstanz,47.66033,9.17582,ort
78465,Konstanz,47.66033,9.17582,ort
78467,Konstanz,47.66033,9.17582,ort
78476,Allensbach,47.71536,9.07145,ort
78479,Reichenau,47.68885,9.06355,ort
78532,Tuttlingen,47.98464,8.81770,ort
78549,Spaichingen,48.07477,8.73508,ort
78554,Aldingen,48.10000,8.70000,ort
78559,Gosheim,48.13430,8.75426,ort
78564,Reichenbach am Heuberg,51.14144,14.80270,ort
78567,Buchheim,50.95152,7.02093,ort
78570,Mühlheim an der Donau,48.05425,8.73420,leitregion
78573,Wurmlingen,48.00000,8.78333,ort
78576,Emmingen-Liptingen,47.93333,8.88333,ort
78579,Neuhausen ob Eck,48.79260,8.77649,ort
78580,Bärenthal,48.05425,8.73420,leitregion
78582,Balgheim,48.05425,8.73420,leitregion
78583,Böttingen,48.10000,8.80000,ort
78585,Bubsheim,48.11667,8.83333,ort
78586,Deilingen,48.17410,8.78533,ort
78588,Denkingen,48.11110,8.73820,ort
78589,Dürbheim,48.05623,8.79344,ort
78591,Durchhausen,48.05425,8.73420,leitregion
78592,Egesheim,48.05425,8.73420,leitregion
78594,Gunningen,48.05425,8.73420,leitregion
78595,Hausen ob Verena,49.68945,11.03216,ort
78597,Irndorf,48.05425,8.73420,leitregion
78598,Königsheim,48.05425,8.73420,leitregion
78600,Kolbingen,48.05227,8.88957,ort
78601,Mahlstetten,48.05425,8.73420,leitregion
78603,Renquishausen,48.05425,8.73420,leitregion
78604,Rietheim-Weilheim,48.01667,8.76667,ort
78606,Seitingen-Oberflacht,48.01667,8.71667,ort
78607,Talheim,49.08333,9.19306,ort
78609,Tuningen,48.03333,8.60000,ort
78628,Rottweil,48.16783,8.62719,ort
78647,Trossingen,48.07667,8.64409,ort
78652,Deißlingen,48.11230,8.60736,ort
78655,Dunningen,48.21242,8.50619,ort
78658,Zimmern ob Rottweil,48.16660,8.59436,ort
78661,Dietingen,48.20480,8.64864,ort
78662,Bösingen,48.23333,8.55000,ort
78664,Eschbronn,48.05425,8.73420,leitregion
78665,Frittlingen,48.12709,8.70774,ort
78667,Villingendorf,48.20000,8.58333,ort
78669,Wellendingen,48.14745,8.70375,ort
78713,Dunningen,48.21242,8.50619,ort
78727,Oberndorf am Neckar,48.29050,8.57221,ort
78730,Lauterbach,50.63558,9.39777,ort
78733,Aichhalden,48.26719,8.40233,ort
78736,Epfendorf,48.25000,8.60000,ort
78737,Fluorn-Winzeln,48.05425,8.73420,leitregion
78739,Hardt,48.18333,8.41667,ort
79098,Freiburg im Breisgau,47.99590,7.85222,ort
79100,Freiburg im Breisgau,47.99590,7.85222,ort
79102,Freiburg im Breisgau,47.99590,7.85222,ort
79104,Freiburg im Breisgau,47.99590,7.85222,ort
79106,Freiburg im Breisgau,47.99590,7.85222,ort
79108,Freiburg im Breisgau,47.99590,7.85222,ort
79110,Freiburg im Breisgau,47.99590,7.85222,ort
79111,Freiburg im Breisgau,47.99590,7.85222,ort
79112,Freiburg im Breisgau,47.99590,7.85222,ort
79114,Freiburg im Breisgau,47.99590,7.85222,ort
79115,Freiburg im Breisgau,47.99590,7.85222,ort
79117,Freiburg im Breisgau,47.99590,7.85222,ort
79183,Waldkirch,48.09585,7.96371,ort
79189,Bad Krozingen,47.91941,7.85222,leitregion
79194,Gundelfingen,48.04246,7.86570,ort
79199,Kirchzarten,47.96667,7.95000,ort
79206,Breisach am Rhein,48.03279,7.58294,ort
79211,Denzlingen,48.06667,7.88333,ort
79215,Biederbach,48.17247,8.06992,ort
79219,Staufen im Breisgau,47.75686,8.21078,ort
79224,Umkirch,48.03333,7.76667,ort
79227,Schallstadt,47.95855,7.75755,ort
79232,March,47.91941,7.85222,leitregion
79235,Vogtsburg im Kaiserstuhl,48.09688,7.64185,ort
79238,Ehrenkirchen,47.91941,7.85222,leitregion
79241,Ihringen,48.04303,7.64760,ort
79244,Münstertal/Schwarzwald,47.85472,7.78417,ort
79249,Merzhausen,47.96667,7.83333,ort
79252,Stegen,47.98333,7.96667,ort
79254,Oberried,47.93333,7.95000,ort
79256,Buchenbach,47.96138,8.00909,ort
79258,Hartheim am Rhein,47.93333,7.63333,ort
79261,Gutach im Breisgau,48.11667,7.98333,ort
79263,Simonswald,47.91941,7.85222,leitregion
79268,Bötzingen,48.07642,7.72485,ort
79271,Sankt Peter,48.01475,8.03294,ort
79274,St. Märgen,47.91941,7.85222,leitregion
79276,Reute,47.91941,7.85222,leitregion
79279,Vörstetten,48.06667,7.85000,ort
79280,Au,47.95000,7.83333,ort
79282,Ballrechten-Dottingen,47.91941,7.85222,leitregion
79283,Bollschweil,47.92143,7.78986,ort
79285,Ebringen,47.95780,7.77652,ort
79286,Glottertal,47.91941,7.85222,leitregion
79288,Gottenheim,48.05000,7.73333,ort
79289,Horben,47.93333,7.86667,ort
79291,Merdingen,48.01667,7.68333,ort
79292,Pfaffenweiler,47.93333,7.75000,ort
79294,Sölden,47.93333,7.81667,ort
79295,Sulzburg,47.84116,7.70777,ort
79297,Winden im Elztal,49.09778,8.11694,ort
79299,Wittnau,47.95000,7.81667,ort
79312,Emmendingen,48.12096,7.85359,ort
79331,Teningen,48.12952,7.81205,ort
79336,Herbolzheim,48.21884,7.77746,ort
79341,Kenzingen,48.19630,7.76974,ort
79346,Endingen,48.14221,7.70049,ort
79348,Freiamt,47.91941,7.85222,leitregion
79350,Sexau,48.10209,7.90757,ort
79353,Bahlingen,48.12064,7.73982,ort
79356,Eichstetten,48.09427,7.74244,ort
79359,Riegel,48.15111,7.74915,ort
79361,Sasbach am Kaiserstuhl,48.63971,8.09375,ort
79362,Forchheim,49.71754,11.05877,ort
79364,Malterdingen,48.15719,7.78608,ort
79365,Rheinhausen,47.91941,7.85222,leitregion
79367,Weisweil,48.19939,7.67713,ort
79369,Wyhl,48.16617,7.64917,ort
79379,Müllheim,47.80820,7.63035,ort
79395,Neuenburg am Rhein,47.81431,7.56005,ort
79400,Kandern,47.71393,7.66237,ort
79410,Badenweiler,47.80223,7.67236,ort
79415,Bad Bellingen,47.73147,7.55756,ort
79418,Schliengen,47.75698,7.57645,ort
79423,Heitersheim,47.87468,7.65721,ort
79424,Auggen,47.78333,7.60000,ort
79426,Buggingen,47.84750,7.63799,ort
79427,Eschbach,47.91941,7.85222,leitregion
79429,Malsburg-Marzell,47.91941,7.85222,leitregion
79539,Lörrach,47.61497,7.66457,ort
79540,Lörrach,47.61497,7.66457,ort
79541,Lörrach,47.61497,7.66457,ort
79576,Weil am Rhein,47.59331,7.62082,ort
79585,Steinen,47.64446,7.73914,ort
79588,Efringen-Kirchen,47.65000,7.56667,ort
79589,Binzen,47.63333,7.61667,ort
79591,Eimeldingen,47.63333,7.60000,ort
79592,Fischingen,47.91941,7.85222,leitregion
79594,Inzlingen,47.58851,7.69094,ort
79595,Rümmingen,47.64120,7.64198,ort
79597,Schallbach,47.91941,7.85222,leitregion
79599,Wittlingen,47.91941,7.85222,leitregion
79618,Rheinfelden (Baden),47.56013,7.78715,ort
79639,Grenzach-Wyhlen,47.55000,7.68333,ort
79650,Schopfheim,47.65105,7.82089,ort
79664,Wehr,47.62983,7.90423,ort
79669,Zell im Wiesental,47.70555,7.85248,ort
79674,Todtnau,47.82941,7.94380,ort
79677,Aitern,47.78623,7.89445,ort
79682,Todtmoos,47.74014,8.00183,ort
79685,Häg-Ehrsberg,47.91941,7.85222,leitregion
79686,Hasel,47.65342,7.89720,ort
79688,Hausen im Wiesental,49.68945,11.03216,ort
79689,Maulburg,47.64631,7.78210,ort
79692,Kleines Wiesental,47.91941,7.85222,leitregion
79694,Utzenfeld,47.91941,7.85222,leitregion
79695,Wieden,47.91941,7.85222,leitregion
79713,Bad Säckingen,47.55371,7.94612,ort
79725,Laufenburg (Baden),47.56512,8.06045,ort
79730,Murg,47.55492,8.02182,ort
79733,Görwihl,47.64275,8.07482,ort
79736,Rickenbach,47.61895,7.97873,ort
79737,Herrischried,47.66667,8.00000,ort
79739,Schwörstadt,47.59314,7.87840,ort
79761,Waldshut-Tiengen,47.62323,8.21717,ort
79771,Klettgau,47.91941,7.85222,leitregion
79774,Albbruck,47.59077,8.12954,ort
79777,Ühlingen-Birkendorf,47.71667,8.31667,ort
79780,Stühlingen,47.74580,8.44813,ort
79787,Lauchringen,47.62699,8.31442,ort
79790,Küssaberg,47.91941,7.85222,leitregion
79793,Wutöschingen,47.66019,8.36755,ort
79798,Jestetten,47.65000,8.56667,ort
79801,Hohentengen am Hochrhein,48.02946,9.37739,ort
79802,Dettighofen,47.62333,8.48512,ort
79804,Dogern,47.60952,8.16713,ort
79805,Eggingen,47.70000,8.40000,ort
79807,Lottstetten,47.63333,8.56667,ort
79809,Weilheim,47.84147,11.15484,ort
79822,Titisee-Neustadt,47.92104,8.19063,ort
79837,Dachsberg (Südschwarzwald),47.75000,8.16667,ort
79843,Löffingen,47.88405,8.34384,ort
79848,Bonndorf im Schwarzwald,47.81863,8.34139,ort
79853,Lenzkirch,47.86832,8.20211,ort
79856,Hinterzarten,47.90276,8.10701,ort
79859,Schluchsee,47.81667,8.18333,ort
79862,Höchenschwand,47.73333,8.16667,ort
79865,Grafenhausen,48.28427,7.76678,ort
79868,Feldberg,47.77435,7.64142,ort
79871,Eisenbach,47.96117,8.26802,ort
79872,Bernau im Schwarzwald,47.80018,8.03830,ort
79874,Breitnau,47.93333,8.08333,ort
79875,Dachsberg (Südschwarzwald),47.91941,7.85222,leitregion
79877,Friedenweiler,47.91778,8.25627,ort
79879,Wutach,47.91941,7.85222,leitregion
80331,München,48.13743,11.57549,ort
80333,München,48.13743,11.57549,ort
80335,München,48.13743,11.57549,ort
80336,München,48.13743,11.57549,ort
80337,München,48.13743,11.57549,ort
80339,München,48.13743,11.57549,ort
80469,München,48.13743,11.57549,ort
80538,München,48.13743,11.57549,ort
80539,München,48.13743,11.57549,ort
80634,München,48.13743,11.57549,ort
80636,München,48.13743,11.57549,ort
80637,München,48.13743,11.57549,ort
80638,München,48.13743,11.57549,ort
80639,München,48.13743,11.57549,ort
80686,München,48.13743,11.57549,ort
80687,München,48.13743,11.57549,ort
80689,München,48.13743,11.57549,ort
80796,München,48.13743,11.57549,ort
80797,München,48.13743,11.57549,ort
80798,München,48.13743,11.57549,ort
80799,München,48.13743,11.57549,ort
80801,München,48.13743,11.57549,ort
80802,München,48.13743,11.57549,ort
80803,München,48.13743,11.57549,ort
80804,München,48.13743,11.57549,ort
80805,München,48.13743,11.57549,ort
80807,München,48.13743,11.57549,ort
80809,München,48.13743,11.57549,ort
80933,München,48.13743,11.57549,ort
80935,München,48.13743,11.57549,ort
80937,München,48.13743,11.57549,ort
80939,München,48.13743,11.57549,ort
80992,München,48.13743,11.57549,ort
80993,München,48.13743,11.57549,ort
80995,München,48.13743,11.57549,ort
80997,München,48.13743,11.57549,ort
80999,München,48.13743,11.57549,ort
81241,München,48.13743,11.57549,ort
81243,München,48.13743,11.57549,ort
81245,München,48.13743,11.57549,ort
81247,München,48.13743,11.57549,ort
81249,München,48.13743,11.57549,ort
81369,München,48.13743,11.57549,ort
81371,München,48.13743,11.57549,ort
81373,München,48.13743,11.57549,ort
81375,München,48.13743,11.57549,ort
81377,München,48.13743,11.57549,ort
81379,München,48.13743,11.57549,ort
81475,München,48.13743,11.57549,ort
81476,München,48.13743,11.57549,ort
81477,München,48.13743,11.57549,ort
81479,München,48.13743,11.57549,ort
81539,München,48.13743,11.57549,ort
81541,München,48.13743,11.57549,ort
81543,München,48.13743,11.57549,ort
81545,München,48.13743,11.57549,ort
81547,München,48.13743,11.57549,ort
81549,München,48.13743,11.57549,ort
81667,München,48.13743,11.57549,ort
81669,München,48.13743,11.57549,ort
81671,München,48.13743,11.57549,ort
81673,München,48.13743,11.57549,ort
81675,München,48.13743,11.57549,ort
81677,München,48.13743,11.57549,ort
81679,München,48.13743,11.57549,ort
81735,München,48.13743,11.57549,ort
81737,München,48.13743,11.57549,ort
81739,München,48.13743,11.57549,ort
81825,München,48.13743,11.57549,ort
81827,München,48.13743,11.57549,ort
81829,München,48.13743,11.57549,ort
81925,München,48.13743,11.57549,ort
81927,München,48.13743,11.57549,ort
81929,München,48.13743,11.57549,ort
82008,Unterhaching,48.06598,11.61564,ort
82024,Taufkirchen,48.04860,11.61701,ort
82031,Grünwald,48.03947,11.52320,ort
82041,Oberhaching,48.02455,11.59744,ort
82049,Pullach im Isartal,48.06122,11.52148,ort
82054,Sauerlach,47.97171,11.65383,ort
82057,Icking,47.95000,11.43333,ort
82061,Neuried,48.09322,11.46561,ort
82064,Grünwald,48.03947,11.52320,ort
82065,Baierbrunn,48.02030,11.48689,ort
82067,Schäftlarn,47.99027,11.45591,ort
82069,Schäftlarn,47.99027,11.45591,ort
82110,Germering,48.13392,11.37650,ort
82131,Gauting,48.06919,11.37703,ort
82140,Olching,48.20000,11.33333,ort
82152,Krailling,48.10000,11.40000,ort
82166,Gräfelfing,48.11878,11.42939,ort
82178,Puchheim,48.15000,11.35000,ort
82194,Gröbenzell,48.20000,11.36667,ort
82205,Gilching,48.10755,11.29360,ort
82211,Herrsching am Ammersee,47.99888,11.17679,ort
82216,Maisach,48.21667,11.26667,ort
82223,Eichenau,48.16667,11.31667,ort
82229,Seefeld,48.03505,11.21395,ort
82234,Weßling,48.07452,11.24820,ort
82237,Wörthsee,48.07250,11.20175,ort
82239,Alling,48.14034,11.30144,ort
82256,Fürstenfeldbruck,48.17904,11.25470,ort
82266,Inning am Ammersee,48.07636,11.15232,ort
82269,Geltendorf,48.11737,11.03216,ort
82272,Moorenweis,48.15561,11.07851,ort
82275,Emmering,48.18333,11.28333,ort
82276,Adelshofen,48.18333,11.11667,ort
82278,Althegnenberg,48.23333,11.06667,ort
82279,Eching am Ammersee,48.30000,11.61667,ort
82281,Egenhofen,48.28333,11.16667,ort
82284,Grafrath,48.11667,11.16667,ort
82285,Hattenhofen,48.66648,9.57456,ort
82287,Jesenwang,48.16667,11.13333,ort
82288,Kottgeisering,48.11667,11.13333,ort
82290,Landsberied,48.16667,11.16667,ort
82291,Mammendorf,48.20836,11.16326,ort
82293,Mittelstetten,48.25000,11.10000,ort
82294,Oberschweinbach,48.23817,11.15571,ort
82296,Schöngeising,48.14135,11.20399,ort
82297,Steindorf,47.99027,11.28181,leitregion
82299,Türkenfeld,48.10531,11.08303,ort
82319,Starnberg,48.00193,11.34416,ort
82327,Tutzing,47.90938,11.28030,ort
82335,Berg,49.81417,12.14161,ort
82340,Feldafing,47.94602,11.29326,ort
82343,Pöcking,47.96667,11.30000,ort
82346,Andechs,47.97464,11.18279,ort
82347,Bernried am Starnberger See,48.91667,12.88333,ort
82349,Krailling,48.10000,11.40000,ort
82362,Weilheim in Oberbayern,47.84147,11.15484,ort
82377,Penzberg,47.75293,11.37700,ort
82380,Peißenberg,47.80466,11.06990,ort
82383,Hohenpeißenberg,47.80000,11.00000,ort
82386,Huglfing,47.76667,11.16667,ort
82387,Antdorf,47.75133,11.30845,ort
82389,Böbing,47.75562,10.98877,ort
82390,Eberfing,47.99027,11.28181,leitregion
82392,Habach,47.73333,11.28333,ort
82393,Iffeldorf,47.76667,11.31667,ort
82395,Obersöchering,47.73333,11.21667,ort
82396,Pähl,47.90000,11.18333,ort
82398,Polling,48.21667,12.56667,ort
82399,Raisting,47.91667,11.10000,ort
82401,Rottenbuch,47.73333,10.96667,ort
82402,Seeshaupt,47.82468,11.30219,ort
82404,Sindelsdorf,47.72458,11.33295,ort
82405,Wessobrunn,47.87407,11.02461,ort
82407,Wielenbach,47.99027,11.28181,leitregion
82409,Wildsteig,47.70145,10.93753,ort
82418,Murnau am Staffelsee,47.68085,11.20125,ort
82431,Kochel am See,47.65926,11.36827,ort
82432,Kochel am See,47.65926,11.36827,ort
82433,Bad Kohlgrub,47.66667,11.05000,ort
82435,Bad Bayersoien,47.99027,11.28181,leitregion
82436,Eglfing,47.99027,11.28181,leitregion
82438,Eschenlohe,48.01731,12.03012,ort
82439,Großweil,47.67598,11.30108,ort
82441,Ohlstadt,47.63333,11.23333,ort
82442,Saulgrub,47.66643,11.02469,ort
82444,Schlehdorf,47.65795,11.31494,ort
82445,Schwaigen,47.99027,11.28181,leitregion
82447,Spatzenhausen,47.99027,11.28181,leitregion
82449,Uffing am Staffelsee,47.71378,11.15034,ort
82467,Garmisch-Partenkirchen,47.49209,11.09576,ort
82475,Garmisch-Partenkirchen,47.49209,11.09576,ort
82481,Mittenwald,47.44220,11.26187,ort
82487,Oberammergau,47.59812,11.06692,ort
82488,Ettal,47.99027,11.28181,leitregion
82490,Farchant,47.53036,11.11151,ort
82491,Grainau,47.47614,11.02405,ort
82493,Krün,47.50515,11.27924,ort
82494,Krün,47.50515,11.27924,ort
82496,Oberau,47.99027,11.28181,leitregion
82497,Unterammergau,47.61658,11.02718,ort
82499,Wallgau,47.51667,11.28333,ort
82515,Wolfratshausen,47.91289,11.42166,ort
82538,Geretsried,47.85775,11.48054,ort
82541,Münsing,47.90000,11.36667,ort
82544,Egling,47.92316,11.50517,ort
82547,Eurasburg,47.85389,11.40587,ort
82549,Königsdorf,47.81546,11.48063,ort
83022,Rosenheim,47.85637,12.12247,ort
83024,Rosenheim,47.85637,12.12247,ort
83026,Rosenheim,47.85637,12.12247,ort
83043,Bad Aibling,47.86380,12.01055,ort
83052,Bruckmühl,47.87859,11.91098,ort
83059,Kolbermoor,47.84965,12.06696,ort
83064,Raubling,47.79050,12.11088,ort
83071,Stephanskirchen,47.85389,12.18560,ort
83075,Bad Feilnbach,47.77331,12.00973,ort
83080,Oberaudorf,47.64822,12.17242,ort
83083,Riedering,47.83874,12.20778,ort
83088,Kiefersfelden,47.61409,12.19096,ort
83093,Bad Endorf,47.90901,12.29795,ort
83098,Brannenburg,47.73996,12.09166,ort
83101,Rohrdorf,47.79713,12.17010,ort
83104,Tuntenhausen,47.93509,12.01518,ort
83109,Großkarolinenfeld,47.89102,12.08101,ort
83112,Frasdorf,47.80376,12.28512,ort
83115,Neubeuern,47.77368,12.14002,ort
83119,Obing,48.00049,12.40528,ort
83122,Samerberg,47.77654,12.19139,ort
83123,Amerang,47.99139,12.30795,ort
83125,Eggstätt,47.92698,12.37919,ort
83126,Flintsbach am Inn,47.72576,12.12419,ort
83128,Halfing,47.95197,12.27525,ort
83129,Höslwang,47.95378,12.32915,ort
83131,Nußdorf am Inn,47.74232,12.15611,ort
83132,Pittenhart,47.97724,12.38997,ort
83134,Prutting,47.89321,12.20238,ort
83135,Schechen,47.92911,12.12393,ort
83137,Schonstett,47.98333,12.25000,ort
83139,Söchtenau,47.93118,12.22959,ort
83209,Chiemsee,47.85602,12.34623,ort
83224,Grassau,47.78099,12.45359,ort
83229,Aschau im Chiemgau,47.77689,12.32297,ort
83233,Bernau am Chiemsee,47.81167,12.37566,ort
83236,Übersee,47.81667,12.48333,ort
83242,Reit im Winkl,47.67729,12.47086,ort
83246,Unterwössen,47.73333,12.46667,ort
83250,Marquartstein,47.75857,12.46219,ort
83253,Rimsting,47.88078,12.33713,ort
83254,Breitbrunn am Chiemsee,48.04320,12.15431,ort
83256,Chiemsee,47.86109,12.23616,leitregion
83257,Gstadt am Chiemsee,47.88453,12.41813,ort
83259,Schleching,47.72098,12.39481,ort
83278,Traunstein,47.86825,12.64335,ort
83301,Traunreut,47.96269,12.59231,ort
83308,Trostberg,47.86109,12.23616,leitregion
83313,Siegsdorf,47.82278,12.64277,ort
83317,Teisendorf,47.84921,12.81919,ort
83324,Ruhpolding,47.76667,12.65000,ort
83329,Kirchanschöring,47.95303,12.83435,ort
83334,Inzell,47.76302,12.75146,ort
83339,Chieming,47.89258,12.54012,ort
83342,Tacherting,48.07825,12.57008,ort
83346,Bergen,52.80837,9.96374,ort
83349,Palling,48.00204,12.63702,ort
83352,Altenmarkt an der Alz,47.77960,12.13560,ort
83355,Grabenstätt,47.84531,12.54330,ort
83358,Seeon-Seebruck,47.96667,12.46667,ort
83361,Kienberg,48.03481,12.46330,ort
83362,Surberg,47.86667,12.70000,ort
83364,Teisendorf,47.84921,12.81919,ort
83365,Nußdorf,47.90564,12.59608,ort
83367,Petting,47.91232,12.81512,ort
83368,Traunreut,47.96269,12.59231,ort
83370,Seeon-Seebruck,47.96667,12.46667,ort
83371,Traunreut,47.96269,12.59231,ort
83373,Taching am See,47.95942,12.72933,ort
83374,Traunreut,47.96269,12.59231,ort
83376,Seeon-Seebruck,47.96667,12.46667,ort
83377,Vachendorf,47.84256,12.60606,ort
83379,Wonneberg,47.86109,12.23616,leitregion
83395,Freilassing,47.84085,12.98114,ort
83404,Ainring,47.81311,12.94048,ort
83410,Laufen,47.93568,12.92856,ort
83413,Fridolfing,47.99773,12.82628,ort
83416,Saaldorf-Surheim,47.86109,12.23616,leitregion
83417,Kirchanschöring,47.95303,12.83435,ort
83435,Bad Reichenhall,47.72947,12.87819,ort
83451,Piding,47.76667,12.91667,ort
83454,Anger,47.86109,12.23616,leitregion
83457,Bayerisch Gmain,47.71667,12.90000,ort
83458,Schneizlreuth,47.68333,12.80000,ort
83471,Berchtesgaden,47.63236,13.00187,ort
83483,Bischofswiesen,47.63115,12.98305,ort
83486,Ramsau bei Berchtesgaden,48.17277,12.22957,ort
83487,Marktschellenberg,47.69657,13.04340,ort
83512,Wasserburg am Inn,48.05250,12.22341,ort
83527,Haag in Oberbayern,48.16196,12.17942,ort
83530,Schnaitsee,48.06667,12.36667,ort
83533,Edling,47.86109,12.23616,leitregion
83536,Gars am Inn,48.15386,12.27767,ort
83539,Pfaffing,48.05456,12.10917,ort
83543,Rott am Inn,47.92008,12.08771,ort
83544,Albaching,48.11011,12.11074,ort
83546,Gars am Inn,48.15386,12.27767,ort
83547,Babensham,48.08333,12.26667,ort
83549,Eiselfing,48.04114,12.24272,ort
83550,Emmering,48.18333,11.28333,ort
83553,Frauenneuharting,47.86109,12.23616,leitregion
83555,Gars am Inn,48.15386,12.27767,ort
83556,Griesstätt,47.99403,12.17727,ort
83558,Maitenbeth,48.15053,12.09335,ort
83559,Gars am Inn,48.15386,12.27767,ort
83561,Ramerberg,48.01806,12.14513,ort
83562,Rechtmehring,48.11667,12.16667,ort
83564,Soyen,48.10808,12.21006,ort
83567,Unterreit,48.11667,12.33333,ort
83569,Vogtareuth,47.94694,12.18126,ort
83607,Holzkirchen,47.87663,11.70181,ort
83620,Feldkirchen-Westerham,47.90748,11.84266,ort
83623,Dietramszell,47.84871,11.59530,ort
83624,Otterfing,47.90898,11.67546,ort
83626,Valley,47.89310,11.77915,ort
83627,Warngau,47.83217,11.72173,ort
83629,Weyarn,47.85838,11.79923,ort
83646,Bad Tölz,47.76111,11.55890,ort
83661,Lenggries,47.68333,11.56667,ort
83666,Waakirchen,47.77250,11.67315,ort
83670,Bad Heilbrunn,47.74671,11.45934,ort
83671,Benediktbeuern,47.70624,11.41522,ort
83673,Bichl,47.72010,11.41231,ort
83674,Gaißach,47.75000,11.58333,ort
83676,Jachenau,47.86109,12.23616,leitregion
83677,Greiling,47.76667,11.61667,ort
83679,Sachsenkam,47.80543,11.64396,ort
83684,Tegernsee,47.71230,11.75820,ort
83700,Rottach-Egern,47.68966,11.77065,ort
83703,Gmund,47.86109,12.23616,leitregion
83707,Bad Wiessee,47.71667,11.71667,ort
83708,Kreuth,47.86109,12.23616,leitregion
83714,Miesbach,47.78903,11.83382,ort
83727,Schliersee,47.73621,11.85936,ort
83730,Fischbachau,47.71952,11.95081,ort
83734,Hausham,47.74660,11.84069,ort
83735,Bayrischzell,47.67440,12.01449,ort
83737,Irschenberg,47.83333,11.91667,ort
84028,Landshut,48.52961,12.16179,ort
84030,Ergolding,48.57654,12.17102,ort
84032,Altdorf,49.38560,11.35730,ort
84034,Landshut,48.52961,12.16179,ort
84036,Kumhausen,48.50938,12.15637,ort
84048,Mainburg,48.64182,11.78093,ort
84051,Essenbach,48.61332,12.21833,ort
84056,Rottenburg a. d. Laaber,48.47629,8.93528,ort
84061,Ergoldsbach,48.69263,12.20442,ort
84066,Mallersdorf-Pfaffenberg,48.76637,12.23096,ort
84069,Schierling,48.83422,12.13946,ort
84072,Au in der Hallertau,48.55838,11.74138,ort
84076,Pfeffenhausen,48.66466,11.96594,ort
84079,Bruckberg,48.52244,11.99448,ort
84082,Laberweinting,48.80000,12.31667,ort
84085,Langquaid,48.82318,12.05134,ort
84088,Neufahrn in Niederbayern,48.25587,12.44078,ort
84089,Aiglsbach,48.69211,11.70831,ort
84091,Attenhofen,48.65072,11.84850,ort
84092,Bayerbach b. Ergoldsbach,48.44882,12.38333,leitregion
84094,Elsendorf,48.70757,11.80982,ort
84095,Furth,48.40616,12.38121,ort
84097,Herrngiersdorf,48.78863,12.07200,ort
84098,Hohenthann,48.66115,12.09251,ort
84100,Niederaichbach,48.60000,12.31667,ort
84101,Obersüßbach,48.61667,11.95000,ort
84103,Postau,48.65000,12.33333,ort
84104,Rudelzhausen,48.60000,11.76667,ort
84106,Volkenschwand,48.60000,11.88333,ort
84107,Weihmichl,48.60000,12.05000,ort
84109,Wörth a.d. Isar,48.44882,12.38333,leitregion
84130,Dingolfing,48.64244,12.49283,ort
84137,Vilsbiburg,48.45296,12.35604,ort
84140,Gangkofen,48.43701,12.56419,ort
84144,Geisenhausen,48.47609,12.25817,ort
84149,Velden,48.36632,12.25596,ort
84152,Mengkofen,48.71894,12.44047,ort
84155,Bodenkirchen,48.38333,12.38333,ort
84160,Frontenhausen,48.54628,12.53118,ort
84163,Marklkofen,48.55000,12.56667,ort
84164,Moosthenning,48.67659,12.49737,ort
84166,Adlkofen,48.55000,12.26667,ort
84168,Aham,48.34821,12.16156,ort
84169,Altfraunhofen,48.45000,12.16667,ort
84171,Baierbach,48.44882,12.38333,leitregion
84172,Buch am Erlbach,52.63470,13.49679,ort
84174,Eching,48.30000,11.61667,ort
84175,Gerzen,48.50706,12.42686,ort
84177,Gottfrieding,48.63737,12.53561,ort
84178,Kröning,48.44882,12.38333,leitregion
84180,Loiching,48.61667,12.43333,ort
84181,Neufraunhofen,48.40000,12.21667,ort
84183,Niederviehbach,48.61667,12.38333,ort
84184,Tiefenbach,48.50000,12.10000,ort
84186,Vilsheim,48.44882,12.10686,ort
84187,Weng,48.65866,12.36927,ort
84189,Wurmsham,48.35000,12.33333,ort
84307,Eggenfelden,48.40509,12.75752,ort
84323,Massing,48.39118,12.60947,ort
84326,Falkenberg,51.58557,13.24347,ort
84329,Wurmannsquick,48.35334,12.78603,ort
84332,Hebertsfelden,48.40596,12.82259,ort
84333,Malgersdorf,48.53333,12.75000,ort
84335,Mitterskirchen,48.35000,12.73333,ort
84337,Schönau,49.43665,8.80880,ort
84339,Unterdietfurt,48.38333,12.66667,ort
84347,Pfarrkirchen,48.43205,12.93812,ort
84359,Simbach,48.56606,12.73888,ort
84364,Bad Birnbach,48.44489,13.09103,ort
84367,Reut,48.59170,13.12332,ort
84371,Triftern,48.39468,13.00627,ort
84375,Kirchdorf am Inn,48.24755,12.98453,ort
84378,Dietersburg,48.49249,12.92499,ort
84381,Johanniskirchen,48.53333,12.95000,ort
84384,Wittibreut,48.44882,12.38333,leitregion
84385,Egglham,48.52902,13.05402,ort
84387,Julbach,48.25430,12.95793,ort
84389,Postmünster,48.41667,12.90000,ort
84405,Dorfen,48.27037,12.16056,ort
84416,Inning am Holz,48.34687,12.07506,ort
84419,Obertaufkirchen,48.26046,12.27904,ort
84424,Isen,48.21203,12.05672,ort
84427,Sankt Wolfgang,48.21667,12.13333,ort
84428,Buchbach,48.31231,12.27343,ort
84431,Heldenstein,48.44882,12.38333,leitregion
84432,Hohenpolding,48.38333,12.13333,ort
84434,Kirchberg,50.62190,12.52449,ort
84435,Lengdorf,48.25737,12.04973,ort
84437,Reichertsheim,48.20000,12.28333,ort
84439,Steinkirchen,53.56601,9.61111,ort
84453,Mühldorf a. Inn,48.24670,12.52155,ort
84478,Waldkraiburg,48.20854,12.39893,ort
84489,Burghausen,48.16925,12.83139,ort
84494,Lohkirchen,48.36051,12.50723,ort
84503,Altötting,48.22533,12.67665,ort
84508,Burgkirchen an der Alz,48.16753,12.73250,ort
84513,Erharting,48.44882,12.38333,leitregion
84518,Garching an der Alz,48.13451,12.58152,ort
84524,Neuötting,48.24102,12.68998,ort
84529,Tittmoning,48.06164,12.76760,ort
84533,Haiming,48.21667,12.90000,ort
84539,Ampfing,48.25400,12.41515,ort
84543,Winhöring,48.26667,12.65000,ort
84544,Aschau am Inn,48.19845,12.35003,ort
84546,Egglkofen,48.40000,12.45000,ort
84547,Emmerting,48.44882,12.38333,leitregion
84549,Engelsberg,48.11631,12.54267,ort
84550,Feichten an der Alz,48.44882,12.38333,leitregion
84552,Geratskirchen,48.44882,12.38333,leitregion
84553,Halsbach,48.44882,12.38333,leitregion
84555,Jettenbach,48.44882,12.38333,leitregion
84556,Kastl,49.36960,11.68261,ort
84558,Kirchweidach,48.08575,12.64530,ort
84559,Kraiburg,48.44882,12.38333,leitregion
84561,Mehring,48.18333,12.78333,ort
84562,Mettenheim,48.26667,12.46667,ort
84564,Oberbergkirchen,48.30000,12.38333,ort
84565,Oberneukirchen,48.44882,12.38333,leitregion
84567,Erlbach,50.31667,12.36667,ort
84568,Pleiskirchen,48.30713,12.59832,ort
84570,Polling,48.21667,12.56667,ort
84571,Reischach,48.29073,12.72620,ort
84573,Schönberg,53.68319,10.42671,ort
84574,Taufkirchen,48.04860,11.61701,ort
84576,Teising,48.22721,12.61137,ort
84577,Tüßling,48.21218,12.59954,ort
84579,Unterneukirchen,48.16667,12.61667,ort
85049,Ingolstadt,48.76508,11.42372,ort
85051,Ingolstadt,48.76508,11.42372,ort
85053,Ingolstadt,48.76508,11.42372,ort
85055,Ingolstadt,48.76508,11.42372,ort
85057,Ingolstadt,48.76508,11.42372,ort
85072,Eichstätt,48.88854,11.19675,ort
85077,Manching,48.71656,11.49393,ort
85080,Gaimersheim,48.80705,11.36801,ort
85084,Reichertshofen,48.65775,11.46612,ort
85088,Vohburg an der Donau,48.76977,11.61845,ort
85092,Kösching,48.29604,11.86961,ort
85095,Denkendorf,48.69555,9.31675,ort
85098,Großmehring,48.31588,11.68369,leitregion
85101,Lenting,48.31588,11.68369,leitregion
85104,Pförring,48.31588,11.68369,leitregion
85107,Baar-Ebenhausen,48.67065,11.46983,ort
85110,Kipfenberg,48.31588,11.68369,leitregion
85111,Adelschlag,48.31588,11.68369,leitregion
85113,Böhmfeld,48.31588,11.68369,leitregion
85114,Buxheim,48.00000,10.13333,ort
85116,Egweil,48.31588,11.68369,leitregion
85117,Eitensheim,48.31588,11.68369,leitregion
85119,Ernsgaden,48.73333,11.58333,ort
85120,Hepberg,48.31588,11.68369,leitregion
85122,Hitzhofen,48.31588,11.68369,leitregion
85123,Karlskron,48.68333,11.41667,ort
85125,Kinding,48.31588,11.68369,leitregion
85126,Münchsmünster,48.76667,11.68333,ort
85128,Nassenfels,48.31588,11.68369,leitregion
85129,Oberdolling,48.31588,11.68369,leitregion
85131,Pollenfeld,48.31588,11.68369,leitregion
85132,Schernfeld,48.31588,11.68369,leitregion
85134,Stammham,48.29604,11.86961,ort
85135,Titting,48.31588,11.68369,leitregion
85137,Walting,48.31588,11.68369,leitregion
85139,Wettstetten,48.31588,11.68369,leitregion
85221,Dachau,48.26000,11.43402,ort
85229,Markt Indersdorf,48.36058,11.37789,ort
85232,Bergkirchen,48.25671,11.36488,ort
85235,Odelzhausen,48.30889,11.19889,ort
85238,Petershausen,48.40967,11.47056,ort
85241,Hebertshausen,48.28959,11.46526,ort
85244,Röhrmoos,48.32966,11.44672,ort
85247,Schwabhausen,48.40157,11.35729,ort
85250,Altomünster,48.38767,11.25691,ort
85253,Erdweg,48.33180,11.30339,ort
85254,Sulzemoos,48.29107,11.26356,ort
85256,Vierkirchen,48.36667,11.46667,ort
85258,Weichs,48.38333,11.41667,ort
85259,Sulzemoos,48.29107,11.26356,ort
85276,Hettenshausen,48.50000,11.50000,ort
85283,Wolnzach,48.60380,11.62568,ort
85290,Geisenfeld,48.68426,11.61233,ort
85293,Reichertshausen,47.89882,11.55843,ort
85296,Rohrbach,48.61667,11.56667,ort
85298,Scheyern,48.50000,11.46667,ort
85301,Schweitenkirchen,48.50333,11.60451,ort
85302,Gerolsbach,48.49283,11.36149,ort
85304,Hettenshausen,48.50000,11.50000,ort
85305,Jetzendorf,48.43333,11.41667,ort
85307,Hettenshausen,48.50000,11.50000,ort
85309,Pörnbach,48.61667,11.46667,ort
85354,Freising,48.40351,11.74876,ort
85356,Freising,48.40351,11.74876,ort
85368,Moosburg,48.47089,11.93811,ort
85375,Neufahrn bei Freising,48.31588,11.66316,ort
85376,Neufahrn bei Freising,48.31588,11.66316,ort
85386,Eching,48.30000,11.61667,ort
85391,Allershausen,48.43333,11.60000,ort
85395,Attenkirchen,48.50526,11.76011,ort
85399,Hallbergmoos,48.32747,11.75142,ort
85402,Kranzberg,48.31588,11.68369,leitregion
85405,Nandlstadt,48.53644,11.80730,ort
85406,Zolling,48.45000,11.76667,ort
85408,Gammelsdorf,48.55000,11.95000,ort
85410,Haag an der Amper,48.45840,11.82796,ort
85411,Hohenkammer,48.42406,11.52522,ort
85413,Hörgertshausen,48.55000,11.86667,ort
85414,Kirchdorf an der Amper,48.07667,10.12629,ort
85416,Langenbach,48.43333,11.85000,ort
85417,Marzling,48.40904,11.79382,ort
85419,Mauern,48.51667,11.90000,ort
85435,Erding,48.30603,11.90686,ort
85445,Oberding,48.31667,11.85000,ort
85447,Fraunberg,48.36667,12.00000,ort
85452,Moosinning,48.27708,11.84446,ort
85456,Wartenberg,48.40597,11.98865,ort
85457,Wörth,48.24531,11.90214,ort
85459,Berglern,48.38407,11.93012,ort
85461,Bockhorn,53.40000,8.01667,ort
85462,Eitting,48.35957,11.89110,ort
85464,Finsing,48.21615,11.82412,ort
85465,Langenpreising,48.42569,11.97217,ort
85467,Neuching,48.31588,11.68369,leitregion
85469,Walpertskirchen,48.25840,11.97527,ort
85521,Hohenbrunn,48.04785,11.70224,ort
85540,Haar,48.10881,11.72653,ort
85551,Kirchheim bei München,48.17656,11.75563,ort
85560,Ebersberg,48.07710,11.97063,ort
85567,Bruck,48.02116,11.90781,ort
85570,Markt Schwaben,48.18949,11.86910,ort
85579,Neubiberg,48.07710,11.65812,ort
85586,Poing,48.17004,11.81863,ort
85591,Vaterstetten,48.10537,11.76825,ort
85598,Vaterstetten,48.10537,11.76825,ort
85599,Vaterstetten,48.10537,11.76825,ort
85604,Zorneding,48.08433,11.82446,ort
85609,Aschheim,48.17112,11.71675,ort
85614,Kirchseeon,48.07143,11.88875,ort
85617,Aßling,47.99297,12.00643,ort
85622,Feldkirchen,48.14811,11.73100,ort
85625,Baiern,47.98751,11.86721,ort
85630,Grasbrunn,48.07905,11.74361,ort
85635,Höhenkirchen-Siegertsbrunn,48.01932,11.71906,ort
85640,Putzbrunn,48.07579,11.71572,ort
85643,Steinhöring,48.08679,12.03140,ort
85646,Anzing,48.15171,11.85330,ort
85649,Brunnthal,48.00652,11.68405,ort
85652,Pliening,48.19556,11.80069,ort
85653,Aying,47.97010,11.77752,ort
85656,Buch am Buchrain,48.21510,11.99509,ort
85658,Egmating,48.00405,11.79528,ort
85659,Forstern,48.31588,11.68369,leitregion
85661,Forstinning,48.16866,11.91244,ort
85662,Hohenbrunn,48.04785,11.70224,ort
85664,Hohenlinden,48.15612,11.99458,ort
85665,Moosach,48.03213,11.87510,ort
85667,Oberpframmern,48.02202,11.81331,ort
85669,Pastetten,48.19911,11.94368,ort
85716,Unterschleißheim,48.28038,11.57684,ort
85737,Ismaning,48.23333,11.68333,ort
85748,Garching bei München,48.24896,11.65101,ort
85757,Karlsfeld,48.22697,11.47573,ort
85764,Hebertshausen,48.28959,11.46526,ort
85774,Unterföhring,48.19253,11.64293,ort
85777,Fahrenzhausen,48.35317,11.55521,ort
85778,Haimhausen,48.31545,11.55453,ort
86150,Augsburg,48.37154,10.89851,ort
86152,Augsburg,48.37154,10.89851,ort
86153,Augsburg,48.37154,10.89851,ort
86154,Augsburg,48.37154,10.89851,ort
86156,Augsburg,48.37154,10.89851,ort
86157,Augsburg,48.37154,10.89851,ort
86159,Augsburg,48.37154,10.89851,ort
86161,Augsburg,48.37154,10.89851,ort
86163,Augsburg,48.37154,10.89851,ort
86165,Augsburg,48.37154,10.89851,ort
86167,Augsburg,48.37154,10.89851,ort
86169,Augsburg,48.37154,10.89851,ort
86179,Augsburg,48.37154,10.89851,ort
86199,Augsburg,48.37154,10.89851,ort
86316,Friedberg,48.35693,10.98461,ort
86343,Königsbrunn,48.27506,10.89178,ort
86356,Neusäß,48.37154,10.83333,leitregion
86368,Gersthofen,48.42432,10.87273,ort
86381,Krumbach (Schwaben),48.24182,10.36320,ort
86391,Stadtbergen,48.36641,10.84636,ort
86399,Bobingen,48.27091,10.83390,ort
86405,Meitingen,48.54586,10.85179,ort
86415,Mering,48.26560,10.98461,ort
86420,Diedorf,48.35320,10.78206,ort
86424,Dinkelscherben,48.34826,10.58893,ort
86438,Kissing,48.30375,10.97088,ort
86441,Zusmarshausen,48.40014,10.59917,ort
86444,Affing,48.46667,10.98333,ort
86447,Aindling,48.51360,10.95315,ort
86450,Altenmünster,48.46495,10.59065,ort
86453,Dasing,48.38482,11.04667,ort
86456,Gablingen,48.45000,10.81667,ort
86459,Gessertshausen,48.32904,10.73278,ort
86462,Langweid am Lech,48.49095,10.85310,ort
86465,Heretsried,48.45972,10.73601,ort
86470,Thannhausen,48.28334,10.46917,ort
86473,Ziemetshausen,48.29244,10.53503,ort
86476,Neuburg an der Kammel,48.50654,13.44718,ort
86477,Adelsried,48.42465,10.71828,ort
86479,Aichen,48.22898,10.53949,ort
86480,Aletshausen,48.19859,10.38877,ort
86482,Aystetten,48.40556,10.77742,ort
86483,Balzhausen,48.24228,10.49366,ort
86485,Biberbach,48.51778,10.81139,ort
86486,Bonstetten,48.44002,10.70532,ort
86488,Breitenthal,48.23782,10.29951,ort
86489,Deisenhausen,48.25554,10.32698,ort
86491,Ebershausen,48.37154,10.83333,leitregion
86492,Egling an der Paar,47.92316,11.50517,ort
86494,Emersacker,48.48965,10.67380,ort
86495,Eurasburg,47.85389,11.40587,ort
86497,Horgau,48.39507,10.68283,ort
86498,Kettershausen,48.18333,10.26667,ort
86500,Kutzenhausen,48.34202,10.69459,ort
86502,Laugna,48.53333,10.70000,ort
86504,Merching,48.24594,10.98530,ort
86505,Münsterhausen,48.30973,10.45500,ort
86507,Kleinaitingen,48.21850,10.86923,ort
86508,Rehling,48.48333,10.93333,ort
86510,Ried,48.47698,11.26060,ort
86511,Schmiechen,48.21667,10.96667,ort
86513,Ursberg,48.26428,10.44594,ort
86514,Ustersbach,48.31667,10.65000,ort
86517,Wehringen,48.25000,10.80000,ort
86519,Wiesenbach,49.36139,8.80361,ort
86529,Schrobenhausen,48.56067,11.26071,ort
86551,Aichach,48.45755,11.13413,ort
86554,Pöttmes,48.58383,11.08762,ort
86556,Kühbach,48.49101,11.18691,ort
86558,Hohenwart,48.37154,10.83333,leitregion
86559,Adelzhausen,48.35671,11.13851,ort
86561,Aresing,48.27704,12.60538,ort
86562,Berg im Gau,48.63333,11.25000,ort
86564,Brunnen,48.22956,10.97332,ort
86565,Gachenbach,48.50000,11.23333,ort
86567,Hilgertshausen-Tandern,48.42960,11.35428,ort
86568,Hollenbach,48.48333,11.06667,ort
86570,Inchenhofen,48.51288,11.11458,ort
86571,Langenmosen,48.60658,11.21378,ort
86573,Obergriesbach,48.42305,11.06850,ort
86574,Petersdorf,48.51667,11.03333,ort
86576,Schiltberg,48.46293,11.24876,ort
86577,Sielenbach,48.40000,11.16667,ort
86579,Waidhofen,48.57681,11.33537,ort
86609,Donauwörth,48.71804,10.77930,ort
86633,Neuburg an der Donau,48.73218,11.18709,ort
86637,Binswangen,48.55798,10.64249,ort
86641,Rain,48.69029,10.91611,ort
86643,Rennertshofen,48.75943,11.04544,ort
86647,Buttenwiesen,48.60000,10.71667,ort
86650,Wemding,48.87461,10.72452,ort
86653,Daiting,48.84389,10.85834,ort
86655,Harburg (Schwaben),53.46057,9.98388,ort
86657,Bissingen,48.71694,10.61766,ort
86660,Tapfheim,48.67322,10.68377,ort
86663,Asbach-Bäumenheim,48.68333,10.81667,ort
86666,Burgheim,48.70035,11.01599,ort
86668,Karlshuld,48.68190,11.28503,ort
86669,Königsmoos,48.37154,10.83333,leitregion
86672,Thierhaupten,48.56531,10.90862,ort
86673,Bergheim,50.95572,6.63986,ort
86674,Baar,48.37154,10.83333,leitregion
86675,Buchdorf,48.78333,10.83333,ort
86676,Ehekirchen,48.63333,11.10000,ort
86678,Ehingen,48.28259,9.72749,ort
86679,Ellgau,48.60000,10.86667,ort
86681,Fünfstetten,48.83215,10.76540,ort
86682,Genderkingen,48.70000,10.88333,ort
86684,Holzheim,48.51422,10.53057,ort
86685,Huisheim,48.82510,10.70331,ort
86687,Kaisheim,48.76751,10.79639,ort
86688,Marxheim,48.74153,10.94504,ort
86690,Mertingen,48.65695,10.80557,ort
86692,Münster,51.96236,7.62571,ort
86694,Niederschönenfeld,48.71667,10.93333,ort
86695,Allmannshofen,48.59478,10.83183,ort
86697,Oberhausen,51.47805,6.86250,ort
86698,Oberndorf a.Lech,48.37154,10.83333,leitregion
86700,Otting,48.37154,10.83333,leitregion
86701,Rohrenfels,48.68654,11.15619,ort
86703,Rögling,48.37154,10.83333,leitregion
86704,Tagmersheim,48.81667,10.96667,ort
86706,Weichering,48.71713,11.32141,ort
86707,Kühlenthal,47.93333,10.71667,ort
86709,Wolferstadt,48.90352,10.78129,ort
86720,Nördlingen,48.85122,10.48868,ort
86732,Oettingen i.Bay.,48.37154,10.83333,leitregion
86733,Alerheim,48.85000,10.61667,ort
86735,Amerdingen,48.37154,10.83333,leitregion
86736,Auhausen,49.00790,10.62240,ort
86738,Deiningen,48.86667,10.56667,ort
86739,Ederheim,48.80827,10.46609,ort
86741,Ehingen a.Ries,48.37154,10.83333,leitregion
86742,Fremdingen,48.97241,10.45754,ort
86744,Hainsfarth,48.95839,10.62491,ort
86745,Hohenaltheim,48.37154,10.83333,leitregion
86747,Maihingen,48.92745,10.49867,ort
86748,Marktoffingen,48.92566,10.47078,ort
86750,Megesheim,48.37154,10.83333,leitregion
86751,Mönchsdeggingen,48.77605,10.58043,ort
86753,Möttingen,48.80924,10.59022,ort
86754,Munningen,48.91667,10.60000,ort
86756,Reimlingen,48.81667,10.51667,ort
86757,Wallerstein,48.88741,10.47591,ort
86759,Wechingen,48.89229,10.61331,ort
86807,Buchloe,48.03719,10.72548,ort
86825,Bad Wörishofen,48.00674,10.59666,ort
86830,Schwabmünchen,48.17928,10.75675,ort
86833,Ettringen,48.10000,10.65000,ort
86836,Graben,48.18732,10.82222,ort
86842,Türkheim,48.06401,10.64156,ort
86845,Großaitingen,48.22753,10.77948,ort
86850,Fischach,48.29047,10.65592,ort
86853,Langerringen,48.14590,10.75894,ort
86854,Amberg,49.44287,11.86267,ort
86856,Hiltenfingen,48.16085,10.71750,ort
86857,Hurlach,48.11838,10.81115,ort
86859,Igling,48.37154,10.83333,leitregion
86860,Jengen,47.99934,10.72575,ort
86862,Lamerdingen,48.09195,10.73982,ort
86863,Langenneufnach,48.26667,10.60000,ort
86865,Markt Wald,48.13680,10.58198,ort
86866,Mickhausen,48.24171,10.64026,ort
86868,Mittelneufnach,48.17642,10.59754,ort
86869,Oberostendorf,47.94360,10.74270,ort
86871,Rammingen,48.51814,10.17197,ort
86872,Scherstetten,48.18032,10.64005,ort
86874,Tussenhausen,48.10218,10.56069,ort
86875,Waal,47.99679,10.77786,ort
86877,Walkertshofen,48.22613,10.58836,ort
86879,Wiedergeltingen,48.03946,10.67406,ort
86899,Landsberg am Lech,48.04819,10.88282,ort
86911,Dießen am Ammersee,47.95085,11.10306,ort
86916,Kaufering,48.09121,10.87913,ort
86919,Utting am Ammersee,48.02608,11.08612,ort
86920,Denklingen,47.91667,10.85000,ort
86922,Eresing,48.08700,11.02388,ort
86923,Finning,48.37154,10.83333,leitregion
86925,Fuchstal,48.37154,10.83333,leitregion
86926,Eresing,48.08700,11.02388,ort
86928,Hofstetten,48.00847,10.97114,ort
86929,Penzing,48.07481,10.92745,ort
86931,Prittriching,48.20074,10.92801,ort
86932,Landsberg am Lech,48.04819,10.88282,ort
86934,Reichling,47.92280,10.92847,ort
86935,Rott,47.92008,12.08771,ort
86937,Scheuring,48.16769,10.89569,ort
86938,Schondorf am Ammersee,48.05296,11.09138,ort
86940,Schwifting,48.37154,10.83333,leitregion
86941,Eresing,48.08700,11.02388,ort
86943,Thaining,48.37154,10.83333,leitregion
86944,Unterdießen,47.98333,10.83333,ort
86946,Vilgertshofen,47.95000,10.91667,ort
86947,Weil,48.11717,10.92161,ort
86949,Windach,48.06667,11.03333,ort
86956,Schongau,47.81240,10.89664,ort
86971,Peiting,47.79549,10.92951,ort
86972,Altenstadt,50.28747,8.94373,ort
86974,Apfeldorf,47.90000,10.93333,ort
86975,Bernbeuren,47.73696,10.77707,ort
86977,Burggen,47.77689,10.81724,ort
86978,Hohenfurch,47.85000,10.90000,ort
86980,Ingenried,48.37154,10.83333,leitregion
86981,Kinsau,48.37154,10.83333,leitregion
86983,Lechbruck a.See,48.37154,10.83333,leitregion
86984,Prem,48.37154,10.83333,leitregion
86986,Schwabbruck,48.37154,10.83333,leitregion
86987,Schwabsoien,47.83333,10.83333,ort
86989,Steingaden,47.70000,10.86667,ort
87435,Kempten (Allgäu),47.72674,10.31389,ort
87437,Kempten (Allgäu),47.72674,10.31389,ort
87439,Kempten (Allgäu),47.72674,10.31389,ort
87448,Waltenhofen,47.67319,10.30703,ort
87452,Altusried,47.80410,10.21429,ort
87459,Pfronten,47.58220,10.54962,ort
87463,Dietmannsried,47.80787,10.28948,ort
87466,Oy-Mittelberg,47.63333,10.43333,ort
87471,Durach,47.69440,10.34449,ort
87474,Buchenberg,47.69593,10.23927,ort
87477,Sulzberg,47.66033,10.34991,ort
87480,Weitnau,47.64171,10.12732,ort
87484,Nesselwang,47.62342,10.50243,ort
87487,Wiggensbach,47.74781,10.22987,ort
87488,Betzigau,47.73333,10.38333,ort
87490,Haldenwang,47.80000,10.35000,ort
87493,Lauben,47.78333,10.30000,ort
87494,Rückholz,47.88842,10.34995,leitregion
87496,Untrasried,47.83333,10.38333,ort
87497,Wertach,47.60301,10.40966,ort
87499,Wildpoldsried,47.76667,10.40000,ort
87509,Immenstadt im Allgäu,47.55996,10.21394,ort
87527,Ofterschwang,47.50000,10.23333,ort
87534,Oberstaufen,47.55568,10.02245,ort
87538,Balderschwang,47.46667,10.23333,ort
87541,Bad Hindelang,47.88842,10.34995,leitregion
87544,Blaichach,47.54208,10.25846,ort
87545,Burgberg i.Allgäu,47.88842,10.34995,leitregion
87547,Missen-Wilhams,47.60000,10.11667,ort
87549,Rettenberg,47.57428,10.29173,ort
87561,Oberstdorf,47.40724,10.27939,ort
87600,Kaufbeuren,47.88238,10.62192,ort
87616,Marktoberdorf,47.77964,10.61713,ort
87629,Füssen,47.57143,10.70171,ort
87634,Günzach,47.82491,10.43547,ort
87637,Eisenberg,50.96860,11.90207,ort
87640,Biessenhofen,47.83057,10.64022,ort
87642,Halblech,47.63155,10.82024,ort
87645,Schwangau,47.57722,10.73416,ort
87647,Kraftisried,47.77155,10.50446,ort
87648,Aitrang,47.81667,10.53333,ort
87650,Baisweil,47.94439,10.54007,ort
87651,Bidingen,47.82974,10.72623,ort
87653,Eggenthal,47.91667,10.51667,ort
87654,Friesenried,47.87477,10.53464,ort
87656,Germaringen,47.88842,10.34995,leitregion
87657,Görisried,47.70668,10.51015,ort
87659,Hopferau,47.61667,10.63333,ort
87660,Irsee,47.90815,10.57177,ort
87662,Kaltental,47.88842,10.34995,leitregion
87663,Lengenwang,47.70000,10.60000,ort
87665,Mauerstetten,47.89358,10.67127,ort
87666,Pforzen,47.92997,10.61357,ort
87668,Rieden,49.32361,11.94205,ort
87669,Rieden am Forggensee,49.32361,11.94205,ort
87671,Ronsberg,47.89580,10.41571,ort
87672,Roßhaupten,48.42943,10.46911,ort
87674,Ruderatshofen,47.81667,10.58333,ort
87675,Rettenbach a.Auerberg,47.88842,10.34995,leitregion
87677,Stöttwang,47.88333,10.71667,ort
87679,Westendorf,47.93333,10.71667,ort
87700,Memmingen,47.98372,10.18527,ort
87719,Mindelheim,48.04578,10.49222,ort
87724,Ottobeuren,47.94130,10.29971,ort
87727,Babenhausen,49.96519,8.95129,ort
87730,Bad Grönenbach,47.88842,10.34995,leitregion
87733,Markt Rettenbach,47.94733,10.39608,ort
87734,Benningen,47.96667,10.21667,ort
87736,Böhen,47.88842,10.34995,leitregion
87737,Boos,48.07521,10.19523,ort
87739,Breitenbrunn,50.47553,12.76649,ort
87740,Buxheim,48.00000,10.13333,ort
87742,Apfeltrach,48.00195,10.50306,ort
87743,Egg an der Günz,48.08714,10.28495,ort
87745,Eppishausen,48.16667,10.51667,ort
87746,Erkheim,48.03730,10.33570,ort
87748,Fellheim,48.07280,10.15224,ort
87749,Hawangen,47.96667,10.26667,ort
87751,Heimertingen,48.03333,10.15000,ort
87752,Holzgünz,48.02503,10.25901,ort
87754,Kammlach,47.88842,10.34995,leitregion
87755,Kirchhaslach,48.15040,10.31015,ort
87757,Kirchheim in Schwaben,50.83333,9.56667,ort
87758,Kronburg,47.90432,10.15720,ort
87760,Lachen,47.94590,10.23943,ort
87761,Lauben,47.78333,10.30000,ort
87763,Lautrach,47.89805,10.11806,ort
87764,Legau,47.85628,10.12981,ort
87766,Memmingerberg,47.98803,10.22295,ort
87767,Niederrieden,48.05760,10.18321,ort
87769,Oberrieden,48.08886,10.42611,ort
87770,Oberschönegg,47.88842,10.34995,leitregion
87772,Pfaffenhausen,48.11878,10.45504,ort
87773,Pleß,47.88842,10.34995,leitregion
87775,Salgen,48.13069,10.47890,ort
87776,Sontheim,48.00704,10.35461,ort
87778,Stetten,48.02382,10.44474,ort
87779,Trunkelsberg,48.00000,10.21667,ort
87781,Ungerhausen,48.00566,10.26672,ort
87782,Dirlewang,48.00195,10.50306,ort
87784,Westerheim,48.51511,9.62424,ort
87785,Winterrieden,47.88842,10.34995,leitregion
87787,Wolfertschwenden,47.89350,10.26715,ort
87789,Woringen,47.91667,10.20000,ort
88045,Friedrichshafen,47.65689,9.47554,ort
88046,Friedrichshafen,47.65689,9.47554,ort
88048,Friedrichshafen,47.65689,9.47554,ort
88069,Tettnang,47.66857,9.59132,ort
88074,Meckenbeuren,47.70000,9.56667,ort
88079,Kressbronn am Bodensee,47.59760,9.59707,ort
88085,Langenargen,47.59858,9.54163,ort
88090,Immenstaad am Bodensee,47.66667,9.36667,ort
88094,Oberteuringen,47.72409,9.46979,ort
88097,Eriskirch,47.62479,9.54197,ort
88099,Neukirch,47.65738,9.70333,ort
88131,Bodolz,47.56667,9.66667,ort
88138,Hergensweiler,47.61667,9.78333,ort
88142,Wasserburg (Bodensee),48.44105,10.26930,ort
88145,Hergatz,47.63333,9.83333,ort
88147,Achberg,47.89383,9.65372,leitregion
88149,Nonnenhorn,47.57386,9.61038,ort
88161,Lindenberg im Allgäu,52.24578,10.56190,ort
88167,Gestratz,47.65000,9.98333,ort
88171,Weiler-Simmerberg,47.58261,9.91352,ort
88175,Scheidegg,47.58141,9.84829,ort
88178,Heimenkirch,47.62959,9.90304,ort
88179,Oberreute,47.56303,9.94449,ort
88212,Ravensburg,47.78198,9.61062,ort
88213,Ravensburg,47.78198,9.61062,ort
88214,Ravensburg,47.78198,9.61062,ort
88239,Wangen im Allgäu,47.68950,9.83247,ort
88250,Weingarten,47.81009,9.63863,ort
88255,Baienfurt,47.82857,9.65157,ort
88260,Argenbühl,47.89383,9.65372,leitregion
88263,Horgenzell,47.80534,9.49727,ort
88267,Vogt,47.76667,9.76667,ort
88271,Wilhelmsdorf,47.86612,9.42621,ort
88273,Fronreute,47.87053,9.56944,ort
88276,Berg,49.81417,12.14161,ort
88279,Amtzell,47.70000,9.75000,ort
88281,Schlier,47.77004,9.67354,ort
88284,Wolpertswende,47.89471,9.61202,ort
88285,Bodnegg,47.71014,9.68841,ort
88287,Grünkraut,47.74417,9.65588,ort
88289,Waldburg,47.75710,9.71342,ort
88299,Leutkirch im Allgäu,47.82672,10.02050,ort
88316,Isny im Allgäu,47.69260,10.03857,ort
88317,Aichstetten,47.89295,10.07837,ort
88319,Aitrach,47.93333,10.08333,ort
88326,Aulendorf,47.95083,9.63745,ort
88339,Bad Waldsee,47.92027,9.75490,ort
88348,Allmannsweiler,47.89383,9.65372,leitregion
88353,Kißlegg,47.78894,9.88383,ort
88356,Ostrach,47.95000,9.38333,ort
88361,Altshausen,47.93333,9.53333,ort
88364,Wolfegg,47.82030,9.79491,ort
88367,Hohentengen,48.02946,9.37739,ort
88368,Bergatreute,47.85000,9.75000,ort
88370,Ebenweiler,47.90000,9.51667,ort
88371,Ebersbach-Musbach,47.96667,9.58333,ort
88373,Fleischwangen,47.89383,9.65372,leitregion
88374,Hoßkirch,47.89383,9.65372,leitregion
88376,Königseggwald,47.89383,9.65372,leitregion
88377,Riedhausen,47.89383,9.65372,leitregion
88379,Guggenhausen,47.89383,9.65372,leitregion
88400,Biberach an der Riß,48.09345,9.79053,ort
88410,Bad Wurzach,47.90799,9.89686,ort
88416,Erlenmoos,48.06530,9.97567,ort
88422,Alleshausen,48.06231,9.61244,ort
88427,Bad Schussenried,48.00468,9.65741,ort
88430,Rot an der Rot,47.92278,9.10485,ort
88433,Schemmerhofen,47.89383,9.65372,leitregion
88436,Eberhardzell,48.00000,9.81667,ort
88437,Maselheim,48.13333,9.88333,ort
88441,Mittelbiberach,48.08333,9.75000,ort
88444,Ummendorf,48.06667,9.83333,ort
88447,Warthausen,48.12863,9.79749,ort
88448,Attenweiler,48.13333,9.70000,ort
88450,Berkheim,48.04263,10.08227,ort
88451,Dettingen an der Iller,48.26246,9.72161,ort
88453,Erolzheim,48.09001,10.07300,ort
88454,Hochdorf,48.69283,9.46494,ort
88456,Ingoldingen,48.02552,9.74195,ort
88457,Kirchdorf an der Iller,48.07667,10.12629,ort
88459,Tannheim,48.00000,10.08333,ort
88471,Laupheim,48.22786,9.87874,ort
88477,Schwendi,48.17424,9.97541,ort
88480,Achstetten,48.25886,9.89748,ort
88481,Balzheim,47.89383,9.65372,leitregion
88483,Burgrieden,48.23333,9.93333,ort
88484,Gutenzell-Hürbel,48.11667,9.98333,ort
88486,Kirchberg an der Iller,48.13333,10.08333,ort
88487,Mietingen,48.18333,9.90000,ort
88489,Wain,48.18904,10.02090,ort
88499,Altheim,48.15455,9.47558,ort
88512,Mengen,48.04951,9.33005,ort
88515,Langenenslingen,48.14851,9.37765,ort
88518,Herbertingen,48.06667,9.43333,ort
88521,Ertingen,48.10000,9.46667,ort
88524,Uttenweiler,48.15000,9.61667,ort
88525,Dürmentingen,48.11667,9.53333,ort
88527,Unlingen,48.16734,9.52219,ort
88529,Zwiefalten,48.23396,9.46232,ort
88605,Meßkirch,47.99457,9.11479,ort
88630,Pfullendorf,47.92610,9.25780,ort
88631,Beuron,47.89383,9.65372,leitregion
88633,Heiligenberg,47.82094,9.31280,ort
88634,Herdwangen-Schönach,47.85000,9.20000,ort
88636,Illmensee,47.86229,9.37235,ort
88637,Buchheim,50.95152,7.02093,ort
88639,Wald,49.15000,12.35000,ort
88662,Überlingen,47.76977,9.17136,ort
88677,Markdorf,47.71916,9.39028,ort
88682,Salem,47.76258,9.29031,ort
88690,Uhldingen-Mühlhofen,47.73333,9.25000,ort
88693,Deggenhausertal,47.89383,9.65372,leitregion
88696,Owingen,47.80967,9.17173,ort
88697,Bermatingen,47.73333,9.35000,ort
88699,Frickingen,47.81438,9.27349,ort
88709,Hagnau am Bodensee,47.67666,9.31787,ort
88718,Daisendorf,47.71265,9.26783,ort
88719,Stetten,48.02382,10.44474,ort
89073,Ulm,48.39841,9.99155,ort
89075,Ulm,48.39841,9.99155,ort
89077,Ulm,48.39841,9.99155,ort
89079,Ulm,48.39841,9.99155,ort
89081,Elchingen,48.39841,9.99155,ort
89129,Langenau,48.49616,10.11849,ort
89134,Blaustein,48.48333,10.12356,leitregion
89143,Blaubeuren,48.41215,9.78427,ort
89150,Laichingen,48.48939,9.68612,ort
89155,Erbach,49.66148,8.99402,ort
89160,Dornstadt,48.46697,9.94434,ort
89165,Dietenheim,48.21072,10.07163,ort
89168,Niederstotzingen,48.54127,10.23505,ort
89171,Illerkirchberg,48.48333,10.12356,leitregion
89173,Lonsee,48.54340,9.91999,ort
89174,Altheim (Alb),48.48333,10.12356,leitregion
89176,Asselfingen,48.52959,10.19166,ort
89177,Ballendorf,48.48333,10.12356,leitregion
89179,Beimerstetten,48.48333,9.98333,ort
89180,Berghülen,48.46399,9.76110,ort
89182,Bernstadt,51.04736,14.82784,ort
89183,Breitingen,48.48333,10.12356,leitregion
89185,Hüttisheim,48.27965,9.94246,ort
89186,Illerrieden,48.27017,10.05155,ort
89188,Merklingen,48.51135,9.75496,ort
89189,Neenstetten,48.48333,10.12356,leitregion
89191,Nellingen,48.54196,9.79053,ort
89192,Rammingen,48.51814,10.17197,ort
89194,Schnürpflingen,48.27280,9.99292,ort
89195,Staig,48.29998,9.99138,ort
89197,Weidenstetten,48.55250,9.99610,ort
89198,Westerstetten,48.51916,9.95494,ort
89231,Neu-Ulm,48.39279,10.01112,ort
89233,Neu-Ulm,48.39279,10.01112,ort
89250,Senden,48.32441,10.04442,ort
89257,Illertissen,48.22336,10.10347,ort
89264,Weißenhorn,48.30501,10.16047,ort
89269,Vöhringen,48.27839,10.08236,ort
89275,Elchingen,48.48333,10.12356,leitregion
89278,Nersingen,48.42829,10.12356,ort
89281,Altenstadt,50.28747,8.94373,ort
89284,Pfaffenhofen an der Roth,48.35454,10.16184,ort
89287,Bellenberg,48.25726,10.09094,ort
89290,Buch,52.63470,13.49679,ort
89291,Holzheim,48.51422,10.53057,ort
89293,Kellmünz a.d.Iller,48.48333,10.12356,leitregion
89294,Oberroth,48.48333,10.12356,leitregion
89296,Osterberg,48.48333,10.12356,leitregion
89297,Roggenburg,48.27588,10.23136,ort
89299,Unterroth,48.48333,10.12356,leitregion
89312,Günzburg,48.45599,10.27695,ort
89331,Burgau,48.43159,10.40989,ort
89335,Ichenhausen,48.37119,10.30706,ort
89340,Leipheim,48.45004,10.22278,ort
89343,Jettingen-Scheppach,48.38960,10.43810,ort
89344,Aislingen,48.50648,10.45778,ort
89346,Bibertal,48.48333,10.12356,leitregion
89347,Bubesheim,48.43333,10.25000,ort
89349,Burtenbach,48.34051,10.45280,ort
89350,Dürrlauingen,48.46666,10.42860,ort
89352,Ellzee,48.33971,10.31891,ort
89353,Glött,48.50000,10.48333,ort
89355,Gundremmingen,48.50000,10.40000,ort
89356,Haldenwang,47.80000,10.35000,ort
89358,Kammeltal,48.48333,10.12356,leitregion
89359,Kötz,48.48333,10.12356,leitregion
89361,Landensberg,48.48333,10.12356,leitregion
89362,Offingen,48.48258,10.36249,ort
89364,Rettenbach,49.06667,12.45000,ort
89365,Röfingen,48.42442,10.44268,ort
89367,Waldstetten,48.76615,9.82135,ort
89368,Winterbach,48.79918,9.47914,ort
89407,Dillingen a.d.Donau,48.48333,10.12356,leitregion
89415,Lauingen (Donau),48.56775,10.42706,ort
89420,Höchstädt a.d.Donau,48.48333,10.12356,leitregion
89423,Gundelfingen a.d.Donau,48.48333,10.12356,leitregion
89426,Mödingen,48.64327,10.43173,ort
89428,Syrgenstein,48.48333,10.12356,leitregion
89429,Bachhagel,48.63217,10.32045,ort
89431,Bächingen a.d.Brenz,48.48333,10.12356,leitregion
89434,Blindheim,48.63138,10.61992,ort
89435,Finningen,48.65452,10.49864,ort
89437,Haunsheim,48.59977,10.37401,ort
89438,Holzheim,48.51422,10.53057,ort
89440,Lutzingen,48.48333,10.12356,leitregion
89441,Medlingen,48.57027,10.31608,ort
89443,Schwenningen,48.10000,9.00000,ort
89446,Ziertheim,48.65244,10.39882,ort
89447,Zöschingen,48.48333,10.12356,leitregion
89518,Heidenheim an der Brenz,48.67798,10.15162,ort
89520,Heidenheim an der Brenz,48.67798,10.15162,ort
89522,Giengen an der Brenz,48.62219,10.24312,ort
89537,Giengen an der Brenz,48.62219,10.24312,ort
89542,Herbrechtingen,48.62173,10.17600,ort
89547,Gerstetten,48.62254,10.01984,ort
89551,Königsbronn,48.74317,10.11193,ort
89555,Steinheim am Albuch,48.69090,10.06382,ort
89558,Böhmenkirch,48.68333,9.93333,ort
89561,Dischingen,48.70000,10.36667,ort
89564,Nattheim,48.69963,10.24209,ort
89567,Sontheim an der Brenz,48.55235,10.29097,ort
89568,Hermaringen,48.59544,10.26065,ort
89584,Ehingen (Donau),48.28259,9.72749,ort
89597,Hausen am Bussen,49.68945,11.03216,ort
89601,Schelklingen,48.37575,9.73273,ort
89604,Allmendingen,48.33052,9.72419,ort
89605,Altheim,48.48333,10.12356,leitregion
89607,Emerkingen,48.48333,10.12356,leitregion
89608,Griesingen,48.48333,10.12356,leitregion
89610,Oberdischingen,48.30000,9.83333,ort
89611,Obermarchtal,48.23279,9.57235,ort
89613,Grundsheim,48.18596,9.69241,ort
89614,Öpfingen,48.28636,9.80259,ort
89616,Rottenacker,48.23485,9.68956,ort
89617,Untermarchtal,48.48333,10.12356,leitregion
89619,Unterstadion,48.48333,10.12356,leitregion
90402,Nürnberg,49.45421,11.07752,ort
90403,Nürnberg,49.45421,11.07752,ort
90408,Nürnberg,49.45421,11.07752,ort
90409,Nürnberg,49.45421,11.07752,ort
90411,Nürnberg,49.45421,11.07752,ort
90419,Nürnberg,49.45421,11.07752,ort
90425,Nürnberg,49.45421,11.07752,ort
90427,Nürnberg,49.45421,11.07752,ort
90429,Nürnberg,49.45421,11.07752,ort
90431,Nürnberg,49.45421,11.07752,ort
90439,Nürnberg,49.45421,11.07752,ort
90441,Nürnberg,49.45421,11.07752,ort
90443,Nürnberg,49.45421,11.07752,ort
90449,Nürnberg,49.45421,11.07752,ort
90451,Nürnberg,49.45421,11.07752,ort
90453,Nürnberg,49.45421,11.07752,ort
90455,Nürnberg,49.45421,11.07752,ort
90459,Nürnberg,49.45421,11.07752,ort
90461,Nürnberg,49.45421,11.07752,ort
90469,Nürnberg,49.45421,11.07752,ort
90471,Nürnberg,49.45421,11.07752,ort
90473,Nürnberg,49.45421,11.07752,ort
90475,Nürnberg,49.45421,11.07752,ort
90478,Nürnberg,49.45421,11.07752,ort
90480,Nürnberg,49.45421,11.07752,ort
90482,Nürnberg,49.45421,11.07752,ort
90489,Nürnberg,49.45421,11.07752,ort
90491,Nürnberg,49.45421,11.07752,ort
90513,Zirndorf,49.44240,10.95414,ort
90518,Altdorf bei Nürnberg,49.38560,11.35730,ort
90522,Oberasbach,49.42275,10.95766,ort
90530,Wendelstein,49.35230,11.15069,ort
90537,Feucht,49.37597,11.21433,ort
90542,Eckental,49.45421,11.07752,leitregion
90547,Stein,49.41581,11.01599,ort
90552,Röthenbach an der Pegnitz,49.48301,11.24116,ort
90556,Cadolzburg,49.45730,10.85329,ort
90559,Burgthann,49.35202,11.31154,ort
90562,Heroldsberg,49.53247,11.15551,ort
90571,Schwaig bei Nürnberg,49.46955,11.20064,ort
90574,Roßtal,49.39567,10.88848,ort
90579,Langenzenn,49.49463,10.79230,ort
90584,Allersberg,49.25132,11.23659,ort
90587,Obermichelbach,49.53117,10.90891,ort
90592,Schwarzenbruck,49.35778,11.24333,ort
90596,Schwanstetten,49.45421,11.07752,leitregion
90599,Dietenhofen,49.39997,10.68975,ort
90602,Pyrbaum,49.29622,11.28655,ort
90607,Rückersdorf,49.49757,11.24751,ort
90610,Winkelhaid,49.38963,11.29888,ort
90613,Großhabersdorf,49.40000,10.78333,ort
90614,Ammerndorf,49.42335,10.85011,ort
90616,Neuhof a.d.Zenn,49.45421,11.07752,leitregion
90617,Puschendorf,49.52398,10.83192,ort
90619,Trautskirchen,49.45810,10.59361,ort
90762,Fürth,49.47593,10.98856,ort
90763,Fürth,49.47593,10.98856,ort
90765,Fürth,49.47593,10.98856,ort
90766,Fürth,49.47593,10.98856,ort
90768,Fürth,49.47593,10.98856,ort
91052,Erlangen,49.59099,11.00783,ort
91054,Buckenhof,49.59324,11.05044,ort
91056,Erlangen,49.59099,11.00783,ort
91058,Erlangen,49.59099,11.00783,ort
91074,Herzogenaurach,49.56798,10.88565,ort
91077,Dormitz,49.59786,11.11765,ort
91080,Marloffstein,49.61794,11.06323,ort
91083,Baiersdorf,49.65807,11.03594,ort
91085,Weisendorf,49.62283,10.82531,ort
91086,Aurachtal,49.48838,10.81158,leitregion
91088,Bubenreuth,49.62745,11.01723,ort
91090,Effeltrich,49.65929,11.09319,ort
91091,Großenseebach,49.63251,10.87483,ort
91093,Heßdorf,49.62728,10.91002,ort
91094,Langensendelbach,49.64051,11.07104,ort
91096,Möhrendorf,49.63333,11.00000,ort
91097,Oberreichenbach,48.73333,8.66667,ort
91099,Poxdorf,49.93642,11.12211,ort
91126,Kammerstein,49.29317,10.97277,ort
91154,Roth,49.24762,11.09111,ort
91161,Hilpoltstein,49.19047,11.19060,ort
91166,Georgensgmünd,49.18972,11.01667,ort
91171,Greding,49.04699,11.35703,ort
91174,Spalt,49.17553,10.92453,ort
91177,Thalmässing,49.08834,11.22150,ort
91180,Heideck,49.13365,11.12726,ort
91183,Abenberg,49.24282,10.96401,ort
91186,Büchenbach,49.26778,11.05889,ort
91187,Röttenbach,49.66429,10.92607,ort
91189,Rohr,49.34112,10.88981,ort
91207,Lauf an der Pegnitz,49.51386,11.28247,ort
91217,Hersbruck,49.51083,11.43151,ort
91220,Schnaittach,49.55958,11.34328,ort
91224,Pommelsbrunn,49.50437,11.51101,ort
91227,Leinburg,49.45167,11.31000,ort
91230,Happurg,49.49372,11.47119,ort
91233,Neunkirchen a. Sand,49.34449,7.18045,ort
91235,Hartenstein,50.66236,12.66966,ort
91236,Alfeld,51.98382,9.81989,ort
91238,Engelthal,49.47181,11.39943,ort
91239,Henfenfeld,49.49846,11.39059,ort
91241,Kirchensittenbach,49.55601,11.42226,ort
91242,Ottensoos,49.50949,11.34158,ort
91244,Reichenschwand,49.51384,11.37274,ort
91245,Simmelsdorf,49.59775,11.33901,ort
91247,Vorra,49.55718,11.49419,ort
91249,Weigendorf,49.49773,11.56869,ort
91257,Pegnitz,49.75216,11.54187,ort
91275,Auerbach in der Oberpfalz,50.51155,12.40083,ort
91278,Pottenstein,49.77131,11.40784,ort
91281,Kirchenthumbach,49.74866,11.72542,ort
91282,Betzenstein,49.48838,10.81158,leitregion
91284,Neuhaus a.d.Pegnitz,49.48838,10.81158,leitregion
91286,Obertrubach,49.70000,11.35000,ort
91287,Plech,49.48838,10.81158,leitregion
91289,Schnabelwaid,49.48838,10.81158,leitregion
91301,Forchheim,49.71754,11.05877,ort
91315,Höchstadt a.d.Aisch,49.48838,10.81158,leitregion
91320,Ebermannstadt,49.78154,11.18168,ort
91322,Gräfenberg,49.64426,11.24971,ort
91325,Adelsdorf,49.47022,10.68522,ort
91327,Gößweinstein,49.76898,11.33841,ort
91330,Eggolsheim,49.76961,11.05701,ort
91332,Heiligenstadt,49.86303,11.17185,ort
91334,Hemhofen,49.68333,10.93333,ort
91336,Heroldsbach,49.69342,10.99882,ort
91338,Igensdorf,49.62322,11.23137,ort
91341,Röttenbach,49.66429,10.92607,ort
91344,Waischenfeld,49.84645,11.34810,ort
91346,Wiesenttal,49.48838,10.81158,leitregion
91347,Aufseß,49.88370,11.22692,ort
91349,Egloffstein,49.70182,11.25749,ort
91350,Gremsdorf,49.69506,10.83218,ort
91352,Hallerndorf,49.75909,10.97946,ort
91353,Hausen,49.68945,11.03216,ort
91355,Hiltpoltstein,49.66075,11.32272,ort
91356,Kirchehrenbach,49.73333,11.15000,ort
91358,Kunreuth,50.23321,11.53119,ort
91359,Leutenbach,48.88791,9.39267,ort
91361,Pinzberg,49.68971,11.10207,ort
91362,Pretzfeld,49.75454,11.17430,ort
91364,Unterleinleiter,49.82303,11.18906,ort
91365,Weilersbach,49.75000,11.11667,ort
91367,Weißenohe,49.63089,11.25369,ort
91369,Wiesenthau,49.71326,11.13564,ort
91413,Neustadt an der Aisch,49.57953,10.61126,ort
91438,Bad Windsheim,49.50274,10.41539,ort
91443,Scheinfeld,49.66931,10.46554,ort
91448,Emskirchen,49.55282,10.71278,ort
91452,Wilhermsdorf,49.48308,10.71555,ort
91456,Diespeck,49.60000,10.63333,ort
91459,Markt Erlbach,49.49367,10.65265,ort
91460,Baudenbach,49.62512,10.53598,ort
91462,Dachsbach,49.48838,10.81158,leitregion
91463,Dietersheim,49.55631,10.54074,ort
91465,Ergersheim,49.51667,10.33333,ort
91466,Gerhardshofen,49.63123,10.69133,ort
91468,Gutenstetten,49.61667,10.63333,ort
91469,Hagenbüchach,49.53333,10.76667,ort
91471,Illesheim,49.48838,10.81158,leitregion
91472,Ipsheim,49.52750,10.48176,ort
91474,Langenfeld,51.10821,6.94831,ort
91475,Lonnerstadt,49.69882,10.76711,ort
91477,Markt Bibart,49.64787,10.42492,ort
91478,Markt Nordheim,49.59095,10.35564,ort
91480,Markt Taschendorf,49.70111,10.55557,ort
91481,Münchsteinach,49.63937,10.59502,ort
91483,Oberscheinfeld,49.70829,10.43418,ort
91484,Sugenheim,49.60276,10.43563,ort
91486,Uehlfeld,49.67085,10.72017,ort
91487,Vestenbergsgreuth,49.68764,10.65157,ort
91489,Wilhelmsdorf,47.86612,9.42621,ort
91522,Ansbach,49.30481,10.59310,ort
91541,Rothenburg ob der Tauber,49.37885,10.18711,ort
91550,Dinkelsbühl,49.06942,10.31985,ort
91555,Feuchtwangen,49.16287,10.33850,ort
91560,Heilsbronn,49.33572,10.78741,ort
91564,Neuendettelsau,49.28333,10.78333,ort
91567,Herrieden,49.23779,10.50350,ort
91572,Bechhofen,49.35000,7.40000,ort
91575,Windsbach,49.24786,10.82651,ort
91578,Leutershausen,49.29869,10.41189,ort
91580,Petersaurach,49.30000,10.75000,ort
91583,Diebach,49.30912,10.19188,ort
91586,Lichtenau,51.61707,8.89665,ort
91587,Adelshofen,48.18333,11.11667,ort
91589,Aurach,49.48838,10.81158,leitregion
91590,Bruckberg,48.52244,11.99448,ort
91592,Buch am Wald,52.63470,13.49679,ort
91593,Burgbernheim,49.45103,10.32385,ort
91595,Burgoberbach,49.23333,10.58333,ort
91596,Burk,49.13318,10.47891,ort
91598,Colmberg,49.35480,10.41157,ort
91599,Dentlein am Forst,49.14772,10.42309,ort
91601,Dombühl,49.25349,10.28542,ort
91602,Dürrwangen,49.10778,10.38500,ort
91604,Flachslanden,49.39845,10.51323,ort
91605,Gallmersgarten,49.48838,10.81158,leitregion
91607,Gebsattel,49.35000,10.20000,ort
91608,Geslau,49.36643,10.31528,ort
91610,Insingen,49.30000,10.16667,ort
91611,Lehrberg,49.34568,10.51101,ort
91613,Marktbergel,49.44156,10.36355,ort
91614,Mönchsroth,49.01851,10.35856,ort
91616,Neusitz,49.37185,10.22559,ort
91617,Oberdachstetten,49.41667,10.43333,ort
91619,Obernzenn,49.45193,10.46670,ort
91620,Ohrenbach,49.48838,10.81158,leitregion
91622,Rügland,49.40000,10.58333,ort
91623,Sachsen bei Ansbach,49.28999,10.65971,ort
91625,Schnelldorf,49.20000,10.18333,ort
91626,Schopfloch,49.11917,10.30774,ort
91628,Steinsfeld,49.41667,10.21667,ort
91629,Weihenzell,49.35000,10.61667,ort
91631,Wettringen,52.20939,7.31895,ort
91632,Wieseth,49.48838,10.81158,leitregion
91634,Wilburgstetten,49.02427,10.39505,ort
91635,Windelsbach,49.40000,10.30000,ort
91637,Wörnitz,49.48838,10.81158,leitregion
91639,Wolframs-Eschenbach,49.22675,10.72769,ort
91710,Gunzenhausen,49.11663,10.75971,ort
91717,Wassertrüdingen,49.04328,10.59906,ort
91719,Heidenheim,49.01719,10.74347,ort
91720,Absberg,49.14438,10.88101,ort
91722,Arberg,49.14428,10.61722,ort
91723,Dittenheim,49.05536,10.79201,ort
91725,Ehingen,48.28259,9.72749,ort
91726,Gerolfingen,49.05340,10.51151,ort
91728,Gnotzheim,49.48838,10.81158,leitregion
91729,Haundorf,49.17598,10.77124,ort
91731,Langfurth,49.10112,10.45359,ort
91732,Merkendorf,49.20361,10.70416,ort
91734,Mitteleschenbach,49.21186,10.79784,ort
91735,Muhr am See,49.15445,10.71845,ort
91737,Ornbau,49.17623,10.65797,ort
91738,Pfofeld,49.10590,10.83664,ort
91740,Röckingen,49.48838,10.81158,leitregion
91741,Theilenhofen,49.48838,10.81158,leitregion
91743,Unterschwaningen,49.48838,10.81158,leitregion
91744,Weiltingen,49.03878,10.45052,ort
91746,Weidenbach,49.19817,10.64489,ort
91747,Westheim,49.24640,8.32357,ort
91749,Wittelshofen,49.06121,10.48121,ort
91757,Treuchtlingen,48.95473,10.90833,ort
91781,Weißenburg i. Bay.,49.48838,10.81158,leitregion
91785,Pleinfeld,49.10473,10.98194,ort
91788,Pappenheim,48.93383,10.97431,ort
91790,Bergen,52.80837,9.96374,ort
91792,Ellingen,49.06076,10.96783,ort
91793,Alesheim,49.04648,10.86496,ort
91795,Dollnstein,49.48838,10.81158,leitregion
91796,Ettenstatt,49.48838,10.81158,leitregion
91798,Höttingen,49.06262,11.00530,ort
91799,Langenaltheim,48.89318,10.93107,ort
91801,Markt Berolzheim,49.00955,10.84473,ort
91802,Meinheim,49.48838,10.81158,leitregion
91804,Mörnsheim,49.48838,10.81158,leitregion
91805,Polsingen,48.92067,10.71150,ort
91807,Solnhofen,48.89582,10.99560,ort
91809,Wellheim,49.48838,10.81158,leitregion
92224,Amberg,49.44287,11.86267,ort
92237,Sulzbach-Rosenberg,49.50126,11.74598,ort
92242,Hirschau,49.54396,11.94617,ort
92245,Kümmersbruck,49.41917,11.88833,ort
92249,Vilseck,49.61480,11.80261,ort
92253,Schnaittenbach,49.54692,12.00184,ort
92256,Hahnbach,49.53389,11.80302,ort
92259,Neukirchen bei Sulzbach-Rosenberg,50.86906,9.34655,ort
92260,Ammerthal,49.44123,11.76181,ort
92262,Birgland,49.52437,12.05630,leitregion
92263,Ebermannsdorf,49.39375,11.93582,ort
92265,Edelsfeld,49.57644,11.69589,ort
92266,Ensdorf,49.30000,6.78333,ort
92268,Etzelwang,49.52760,11.58603,ort
92269,Fensterbach,49.52437,12.05630,leitregion
92271,Freihung,49.62134,11.90817,ort
92272,Freudenberg,50.89741,7.87415,ort
92274,Gebenbach,49.52437,12.05630,leitregion
92275,Hirschbach,49.55000,11.53333,ort
92277,Hohenburg,49.29507,11.79906,ort
92278,Illschwang,49.45000,11.68333,ort
92280,Kastl,49.36960,11.68261,ort
92281,Königstein,50.91570,14.07186,ort
92283,Lauterhofen,49.36840,11.60294,ort
92284,Poppenricht,49.47557,11.79778,ort
92286,Rieden,49.32361,11.94205,ort
92287,Schmidmühlen,49.26898,11.92429,ort
92289,Ursensollen,49.40204,11.75503,ort
92318,Neumarkt in der Oberpfalz,49.28028,11.46278,ort
92331,Lupburg,49.15510,11.75640,ort
92334,Berching,49.10695,11.44138,ort
92339,Beilngries,49.52437,12.05630,leitregion
92342,Freystadt,49.20007,11.33032,ort
92345,Dietfurt an der Altmühl,49.03578,11.58624,ort
92348,Berg b.Neumarkt i.d.OPf.,49.28028,11.46278,ort
92353,Postbauer-Heng,49.30528,11.35722,ort
92355,Velburg,49.23212,11.67160,ort
92358,Seubersdorf in der Oberpfalz,49.16212,11.62714,ort
92360,Mühlhausen,51.20896,10.45275,ort
92361,Berngau,49.25000,11.40000,ort
92363,Breitenbrunn,50.47553,12.76649,ort
92364,Deining,49.22556,11.53968,ort
92366,Hohenfels,49.20397,11.84841,ort
92367,Pilsach,49.32137,11.50311,ort
92369,Sengenthal,49.23333,11.46667,ort
92421,Schwandorf,49.52437,12.05630,leitregion
92431,Neunburg vorm Wald,49.34782,12.38621,ort
92436,Bruck i.d.OPf.,49.52437,12.05630,leitregion
92439,Bodenwöhr,49.27082,12.30146,ort
92442,Wackersdorf,49.31667,12.18333,ort
92444,Rötz,49.34316,12.52963,ort
92445,Neukirchen-Balbini,49.29101,12.43643,ort
92447,Schwarzhofen,49.37749,12.34490,ort
92449,Steinberg am See,54.76667,9.78333,ort
92507,Nabburg,49.45347,12.17996,ort
92521,Schwarzenfeld,49.38774,12.13484,ort
92526,Oberviechtach,49.45809,12.41669,ort
92533,Wernberg-Köblitz,49.53931,12.16130,ort
92536,Pfreimd,49.49114,12.18069,ort
92539,Schönsee,49.51030,12.54763,ort
92540,Altendorf,50.08424,11.16786,ort
92542,Dieterskirchen,49.41667,12.41667,ort
92543,Guteneck,49.52437,12.05630,leitregion
92545,Niedermurach,49.44999,12.37610,ort
92546,Schmidgaden,49.42340,12.09247,ort
92548,Schwarzach b.Nabburg,49.52437,12.05630,leitregion
92549,Stadlern,49.52437,12.05630,leitregion
92551,Stulln,49.41667,12.13333,ort
92552,Teunz,49.48333,12.38333,ort
92554,Thanstein,49.38333,12.46667,ort
92555,Trausnitz,49.52114,12.26249,ort
92557,Weiding,49.26282,12.76311,ort
92559,Winklarn,49.42688,12.47986,ort
92637,Theisseil,49.69034,12.22744,ort
92648,Vohenstrauß,49.62383,12.33808,ort
92655,Grafenwöhr,49.71728,11.90645,ort
92660,Neustadt an der Waldnaab,49.73287,12.17773,ort
92665,Altenstadt an der Waldnaab,50.28747,8.94373,ort
92670,Windischeschenbach,49.80108,12.15710,ort
92676,Eschenbach i.d.OPf.,49.79002,11.81949,ort
92681,Erbendorf,49.83983,12.04593,ort
92685,Floß,49.72395,12.27593,ort
92690,Pressath,49.76859,11.93972,ort
92693,Eslarn,49.58345,12.52156,ort
92694,Etzenricht,49.63333,12.10000,ort
92696,Flossenbürg,49.73333,12.35000,ort
92697,Georgenberg,49.70297,12.42082,ort
92699,Bechtsrieth,49.64487,12.20997,ort
92700,Weiherhammer,49.63333,12.06667,ort
92702,Kohlberg,48.55845,9.33576,ort
92703,Krummennaab,49.83333,12.10000,ort
92705,Leuchtenberg,49.59737,12.25840,ort
92706,Luhe-Wildenau,49.58367,12.14921,ort
92708,Mantel,49.65412,12.04074,ort
92709,Moosbach,49.58909,12.41036,ort
92711,Parkstein,49.72921,12.06755,ort
92712,Pirk,49.63333,12.16667,ort
92714,Pleystein,49.64907,12.40631,ort
92715,Püchersreuth,49.75000,12.23333,ort
92717,Reuth b.Erbendorf,49.52437,12.05630,leitregion
92718,Schirmitz,49.65000,12.16667,ort
92720,Schwarzenbach,49.83876,12.38005,ort
92721,Störnstein,49.73232,12.20547,ort
92723,Gleiritsch,49.53182,12.32765,ort
92724,Trabitz,49.80000,11.90000,ort
92726,Waidhaus,49.64218,12.49523,ort
92727,Waldthurn,49.67221,12.32919,ort
92729,Weiherhammer,49.63333,12.06667,ort
93047,Regensburg,49.01513,12.10161,ort
93049,Regensburg,49.01513,12.10161,ort
93051,Regensburg,49.01513,12.10161,ort
93053,Regensburg,49.01513,12.10161,ort
93055,Regensburg,49.01513,12.10161,ort
93057,Regensburg,49.01513,12.10161,ort
93059,Regensburg,49.01513,12.10161,ort
93073,Neutraubling,48.98737,12.20100,ort
93077,Bad Abbach,48.93754,12.04494,ort
93080,Pentling,48.98343,12.05870,ort
93083,Obertraubling,48.96667,12.16667,ort
93086,Wörth an der Donau,49.00093,12.40539,ort
93087,Alteglofsheim,48.91667,12.20000,ort
93089,Aufhausen,48.87205,12.28210,ort
93090,Bach an der Donau,49.40000,12.38333,ort
93092,Barbing,49.00000,12.20000,ort
93093,Donaustauf,49.03258,12.20459,ort
93095,Hagelstadt,48.90000,12.21667,ort
93096,Köfering,48.93333,12.20000,ort
93098,Mintraching,48.95357,12.24209,ort
93099,Mötzing,48.89350,12.37361,ort
93101,Pfakofen,48.85822,12.22744,ort
93102,Pfatter,48.96309,12.38254,ort
93104,Riekofen,48.87855,12.35129,ort
93105,Tegernheim,49.02394,12.17303,ort
93107,Thalmassing,48.91167,12.15500,ort
93109,Wiesent,49.01667,12.38333,ort
93128,Regenstauf,49.12014,12.13027,ort
93133,Burglengenfeld,49.20379,12.04452,ort
93138,Lappersdorf,49.04694,12.09130,ort
93142,Maxhütte-Haidhof,49.19963,12.09229,ort
93149,Nittenau,49.19425,12.26741,ort
93152,Nittendorf,49.02459,11.96126,ort
93155,Hemau,49.05399,11.78195,ort
93158,Teublitz,49.22289,12.08727,ort
93161,Sinzing,49.00000,12.03333,ort
93164,Brunn,49.23632,12.19156,ort
93167,Falkenstein,50.47788,12.37129,ort
93170,Bernhardswald,49.09123,12.24744,ort
93173,Wenzenbach,49.07561,12.19954,ort
93176,Beratzhausen,49.09517,11.80970,ort
93177,Altenthann,49.10000,12.30000,ort
93179,Brennberg,49.06667,12.40000,ort
93180,Deuerling,49.03720,11.91045,ort
93182,Duggendorf,49.11667,11.91667,ort
93183,Holzheim a.Forst,49.16094,11.96051,ort
93185,Michelsneukirchen,49.12291,12.55284,ort
93186,Pettendorf,49.35475,12.35926,ort
93188,Pielenhofen,49.07235,11.95699,ort
93189,Reichenbach,51.14144,14.80270,ort
93191,Rettenbach,49.06667,12.45000,ort
93192,Wald,49.15000,12.35000,ort
93194,Walderbach,49.18333,12.38333,ort
93195,Duggendorf,49.11667,11.91667,ort
93197,Zeitlarn,49.07848,12.11174,ort
93199,Zell,48.69235,8.06301,ort
93309,Kelheim,48.91725,11.88618,ort
93326,Abensberg,48.81684,11.84980,ort
93333,Neustadt an der Donau,48.80705,11.76952,ort
93336,Altmannstein,49.07398,12.20050,leitregion
93339,Riedenburg,48.96383,11.68880,ort
93342,Saal a.d.Donau,49.07398,12.20050,leitregion
93343,Essing,48.93467,11.78972,ort
93345,Hausen,49.68945,11.03216,ort
93346,Ihrlerstein,48.93333,11.86667,ort
93348,Kirchdorf,48.07667,10.12629,ort
93349,Mindelstetten,49.07398,12.20050,leitregion
93351,Painten,48.99731,11.81947,ort
93352,Rohr i.NB,49.07398,12.20050,leitregion
93354,Biburg,48.79066,11.85726,ort
93356,Teugn,48.89299,12.01175,ort
93358,Train,48.73333,11.83333,ort
93359,Wildenberg,48.72981,11.89845,ort
93413,Cham,49.22565,12.65501,ort
93426,Roding,49.19426,12.51956,ort
93437,Furth im Wald,49.30955,12.84156,ort
93444,Bad Kötzting,49.07398,12.20050,leitregion
93449,Waldmünchen,49.37804,12.70905,ort
93453,Neukirchen beim Heiligen Blut,49.25867,12.96867,ort
93455,Traitsching,49.15000,12.65000,ort
93458,Eschlkam,49.29883,12.91573,ort
93462,Lam,49.19665,13.05051,ort
93464,Tiefenbach,48.50000,12.10000,ort
93466,Chamerau,49.20000,12.75000,ort
93468,Miltach,49.16196,12.76843,ort
93470,Lohberg,49.17604,13.10549,ort
93471,Arnbruck,49.13012,12.99820,ort
93473,Arnschwang,49.27663,12.81595,ort
93474,Arrach,49.19149,12.99387,ort
93476,Blaibach,49.16667,12.81667,ort
93477,Gleißenberg,49.07398,12.20050,leitregion
93479,Grafenwiesen,49.20000,12.88333,ort
93480,Hohenwarth,49.20000,12.93333,ort
93482,Pemfling,49.26667,12.61667,ort
93483,Pösing,49.07398,12.20050,leitregion
93485,Rimbach,49.62500,8.76306,ort
93486,Runding,49.21513,12.76208,ort
93488,Schönthal,49.35000,12.60000,ort
93489,Schorndorf,48.80537,9.52721,ort
93491,Stamsried,49.26755,12.53051,ort
93492,Treffelstein,49.42246,12.61574,ort
93494,Waffenbrunn,49.26667,12.66667,ort
93495,Weiding,49.26282,12.76311,ort
93497,Willmering,49.25000,12.66667,ort
93499,Zandt,49.15000,12.73333,ort
94032,Passau,48.56650,13.43122,ort
94034,Passau,48.56650,13.43122,ort
94036,Neuburg am Inn,48.50654,13.44718,ort
94051,Hauzenberg,48.64957,13.62645,ort
94060,Pocking,48.40149,13.31315,ort
94065,Waldkirchen,48.73270,13.60082,ort
94072,Bad Füssing,48.35100,13.31200,ort
94078,Freyung,48.80952,13.54768,ort
94081,Fürstenzell,48.52163,13.31749,ort
94086,Bad Griesbach i.Rottal,48.77716,13.07209,leitregion
94089,Neureichenau,48.74861,13.74699,ort
94094,Malching,48.31226,13.18746,ort
94099,Ruhstorf a.d.Rott,48.77716,13.07209,leitregion
94104,Tittling,48.72619,13.38221,ort
94107,Obernzell,48.55485,13.63729,ort
94110,Wegscheid,48.60136,13.78733,ort
94113,Tiefenbach,48.50000,12.10000,ort
94116,Hutthurm,48.67276,13.47146,ort
94118,Jandelsbrunn,48.73333,13.70000,ort
94121,Salzweg,48.61667,13.48333,ort
94124,Büchlberg,48.67112,13.52100,ort
94127,Neuburg am Inn,48.50654,13.44718,ort
94130,Obernzell,48.55485,13.63729,ort
94133,Röhrnbach,48.73859,13.52271,ort
94136,Thyrnau,48.61667,13.53333,ort
94137,Bayerbach,48.70450,12.29750,ort
94139,Breitenberg,48.70439,13.79333,ort
94140,Ering,48.29921,13.15029,ort
94142,Fürsteneck,48.71667,13.46667,ort
94143,Grainet,48.80000,13.65000,ort
94145,Haidmühle,48.82565,13.77649,ort
94146,Hinterschmiding,48.82337,13.60369,ort
94148,Kirchham,48.34638,13.26719,ort
94149,Kößlarn,48.77716,13.07209,leitregion
94151,Mauth,48.88972,13.58459,ort
94152,Neuhaus am Inn,48.46086,13.42083,ort
94154,Neukirchen vorm Wald,48.77716,13.07209,leitregion
94157,Perlesreut,48.78181,13.43840,ort
94158,Philippsreut,48.77716,13.07209,leitregion
94160,Ringelai,48.81336,13.47130,ort
94161,Ruderting,48.65000,13.41667,ort
94163,Saldenburg,48.77310,13.35586,ort
94164,Sonnen,48.68333,13.71667,ort
94166,Stubenberg,48.31667,13.08333,ort
94167,Tettenweis,48.44281,13.26955,ort
94169,Thurmansbang,48.76627,13.31550,ort
94209,Regen,48.97190,13.12824,ort
94227,Lindberg,49.03680,13.25423,ort
94234,Viechtach,49.08001,12.88566,ort
94239,Gotteszell,48.96667,12.96667,ort
94244,Geiersthal,49.04569,12.98171,ort
94249,Bodenmais,49.06667,13.10000,ort
94250,Achslach,48.97171,12.93511,ort
94252,Bayerisch Eisenstein,49.11667,13.20000,ort
94253,Bischofsmais,48.91796,13.08184,ort
94255,Böbrach,48.93322,12.88304,ort
94256,Drachselsried,49.10759,13.01185,ort
94258,Frauenau,48.98895,13.30067,ort
94259,Kirchberg i.Wald,48.77716,13.07209,leitregion
94261,Kirchdorf i.Wald,48.77716,13.07209,leitregion
94262,Kollnburg,49.04664,12.86121,ort
94264,Langdorf,48.77716,13.07209,leitregion
94265,Patersdorf,49.01667,12.98333,ort
94267,Prackenbach,49.09543,12.82614,ort
94269,Rinchnach,48.94956,13.20102,ort
94315,Straubing,48.88126,12.57385,ort
94327,Bogen,48.91122,12.68955,ort
94330,Aiterhofen,48.81047,12.57043,ort
94333,Geiselhöring,48.82505,12.39649,ort
94336,Hunderdorf,48.89162,12.67382,ort
94339,Leiblfing,48.77565,12.51793,ort
94342,Irlbach,48.84128,12.75135,ort
94344,Wiesenfelden,49.04066,12.54008,ort
94345,Aholfing,48.94283,12.46857,ort
94347,Ascha,49.00000,12.63333,ort
94348,Atting,48.89412,12.48776,ort
94350,Falkenfels,49.00415,12.59480,ort
94351,Feldkirchen,48.14811,11.73100,ort
94353,Haibach,49.96444,9.20722,ort
94354,Haselbach,48.64564,13.38956,ort
94356,Kirchroth,48.95000,12.55000,ort
94357,Konzell,49.07240,12.71114,ort
94359,Loitzendorf,48.77716,13.07209,leitregion
94360,Mitterfels,48.97633,12.67848,ort
94362,Neukirchen,50.86906,9.34655,ort
94363,Oberschneiding,48.79573,12.64200,ort
94365,Parkstetten,48.91667,12.60000,ort
94366,Perasdorf,48.77716,13.07209,leitregion
94368,Perkam,48.85528,12.43979,ort
94369,Rain,48.69029,10.91611,ort
94371,Rattenberg,49.08612,12.74912,ort
94372,Rattiszell,49.02573,12.65924,ort
94374,Schwarzach,48.91567,12.81143,ort
94375,Stallwang,48.55838,12.23108,ort
94377,Steinach,50.43129,11.15909,ort
94379,Sankt Englmar,49.00298,12.82658,ort
94405,Landau an der Isar,48.67249,12.69316,ort
94419,Reisbach,48.57008,12.62799,ort
94424,Arnstorf,48.55840,12.81674,ort
94428,Eichendorf,48.63266,12.85586,ort
94431,Pilsting,48.70116,12.65105,ort
94436,Simbach,48.56606,12.73888,ort
94437,Mamming,48.65174,12.60784,ort
94439,Roßbach,48.58333,12.95000,ort
94447,Plattling,48.77866,12.87509,ort
94469,Deggendorf,48.84085,12.96068,ort
94474,Vilshofen an der Donau,48.62695,13.19222,ort
94481,Grafenau,48.85768,13.39740,ort
94486,Osterhofen,48.70000,13.02221,ort
94491,Hengersberg,48.77255,13.05485,ort
94496,Ortenburg,48.54597,13.22250,ort
94501,Aidenbach,48.57028,13.09000,ort
94505,Bernried,48.91667,12.88333,ort
94508,Schöllnach,48.75412,13.17781,ort
94513,Schönberg,53.68319,10.42671,ort
94518,Spiegelau,48.91517,13.36229,ort
94522,Wallersdorf,48.73767,12.74744,ort
94526,Metten,48.85512,12.91554,ort
94527,Aholming,48.73542,12.90997,ort
94529,Aicha vorm Wald,48.77716,13.07209,leitregion
94530,Auerbach,50.51155,12.40083,ort
94532,Außernzell,48.72409,13.20291,ort
94533,Buchhofen,48.77716,13.07209,leitregion
94535,Eging a.See,48.77716,13.07209,leitregion
94536,Eppenschlag,48.77716,13.07209,leitregion
94538,Fürstenstein,48.71667,13.33333,ort
94539,Grafling,48.77716,13.07209,leitregion
94541,Grattersdorf,48.80364,13.15372,ort
94542,Haarbach,48.50000,13.15000,ort
94544,Hofkirchen,48.67805,13.11917,ort
94545,Hohenau,48.84983,13.48825,ort
94547,Iggensbach,48.73014,13.14229,ort
94548,Innernzell,48.85150,13.27539,ort
94550,Künzing,48.66667,13.08333,ort
94551,Hunding,48.84227,13.17681,ort
94553,Mariaposching,48.83333,12.80000,ort
94554,Moos,47.72439,8.93479,ort
94556,Neuschönau,48.88419,13.47576,ort
94557,Niederalteich,48.76564,13.02412,ort
94559,Niederwinkling,48.88333,12.80000,ort
94560,Offenberg,48.86195,12.86293,ort
94562,Oberpöring,48.70178,12.82482,ort
94563,Otzing,48.76134,12.80877,ort
94566,Sankt Oswald-Riedlhütte,48.77716,13.07209,leitregion
94568,Sankt Oswald-Riedlhütte,48.77716,13.07209,leitregion
94569,Stephansposching,48.81667,12.80000,ort
94571,Schaufling,48.85000,13.06667,ort
94572,Schöfweg,48.83882,13.22861,ort
94574,Wallerfing,48.68416,12.88035,ort
94575,Windorf,48.77716,13.07209,leitregion
94577,Winzer,48.72285,13.07751,ort
94579,Zenting,48.79128,13.25968,ort
95028,Hof,50.31297,11.91261,ort
95030,Hof,50.31297,11.91261,ort
95032,Hof,50.31297,11.91261,ort
95100,Selb,50.17058,12.13054,ort
95111,Rehau,50.24921,12.03422,ort
95119,Naila,50.33034,11.70463,ort
95126,Schwarzenbach a.d.Saale,50.06221,11.84674,leitregion
95131,Schwarzenbach a.Wald,50.06221,11.84674,leitregion
95138,Bad Steben,50.36648,11.64438,ort
95145,Oberkotzau,50.26236,11.93484,ort
95152,Selbitz,50.31702,11.75019,ort
95158,Kirchenlamitz,50.15190,11.94831,ort
95163,Weißenstadt,50.10217,11.88849,ort
95168,Marktleuthen,50.13007,12.00226,ort
95173,Schönwald,50.19970,12.08503,ort
95176,Konradsreuth,50.26667,11.85000,ort
95179,Geroldsgrün,50.33333,11.60000,ort
95180,Berg,49.81417,12.14161,ort
95182,Döhlau,50.28333,11.95000,ort
95183,Feilitzsch,50.36667,11.93333,ort
95185,Gattendorf,50.32207,11.99776,ort
95186,Höchstädt im Fichtelgebirge,50.06221,11.84674,leitregion
95188,Issigau,50.06221,11.84674,leitregion
95189,Köditz,50.33333,11.85000,ort
95191,Leupoldsgrün,50.30000,11.80000,ort
95192,Lichtenberg,52.51395,13.49975,ort
95194,Regnitzlosau,50.30000,12.05000,ort
95195,Röslau,50.08333,11.98333,ort
95197,Schauenstein,50.27826,11.74169,ort
95199,Thierstein,50.10643,12.10203,ort
95213,Münchberg,50.18952,11.78823,ort
95233,Helmbrechts,50.23557,11.71589,ort
95234,Sparneck,50.16214,11.84349,ort
95236,Stammbach,50.14551,11.69129,ort
95237,Weißdorf,50.18333,11.85000,ort
95239,Zell im Fichtelgebirge,50.13532,11.82266,ort
95326,Kulmbach,50.10068,11.45032,ort
95336,Mainleus,50.09987,11.37664,ort
95339,Neuenmarkt,50.09193,11.58033,ort
95346,Stadtsteinach,50.16433,11.50349,ort
95349,Thurnau,50.02542,11.39348,ort
95352,Marktleugast,50.17306,11.63389,ort
95355,Presseck,50.22804,11.55508,ort
95356,Grafengehaig,50.20310,11.59358,ort
95358,Guttenberg,50.06221,11.84674,leitregion
95359,Kasendorf,50.03665,11.35203,ort
95361,Ködnitz,50.10000,11.53333,ort
95362,Kupferberg,50.13960,11.57762,ort
95364,Ludwigschorgast,50.06221,11.84674,leitregion
95365,Rugendorf,50.20000,11.46667,ort
95367,Trebgast,50.06667,11.55000,ort
95369,Untersteinach,50.13333,11.51667,ort
95444,Bayreuth,49.94782,11.57893,ort
95445,Bayreuth,49.94782,11.57893,ort
95447,Bayreuth,49.94782,11.57893,ort
95448,Bayreuth,49.94782,11.57893,ort
95460,Bad Berneck im Fichtelgebirge,50.04564,11.67238,ort
95463,Bindlach,49.98167,11.61389,ort
95466,Kirchenpingarten,49.93333,11.78333,ort
95469,Speichersdorf,49.87133,11.78123,ort
95473,Creußen,49.84495,11.62683,ort
95478,Kemnath,49.87007,11.89077,ort
95482,Gefrees,50.09538,11.73772,ort
95485,Warmensteinach,49.99348,11.77866,ort
95488,Eckersdorf,50.02874,11.39611,ort
95490,Mistelgau,49.91260,11.46586,ort
95491,Ahorntal,50.06221,11.84674,leitregion
95493,Bischofsgrün,50.05122,11.79997,ort
95494,Gesees,50.03207,11.66623,ort
95496,Glashütten,50.21667,8.40000,ort
95497,Goldkronach,50.01086,11.68750,ort
95499,Harsdorf,50.03333,11.56667,ort
95500,Heinersreuth,50.06221,11.84674,leitregion
95502,Himmelkron,50.06667,11.60000,ort
95503,Hummeltal,50.06221,11.84674,leitregion
95505,Immenreuth,49.90000,11.86667,ort
95506,Kastl,49.36960,11.68261,ort
95508,Kulmain,49.90000,11.90000,ort
95509,Marktschorgast,50.09475,11.65465,ort
95511,Mistelbach,50.06221,11.84674,leitregion
95512,Neudrossenfeld,50.01667,11.50000,ort
95514,Neustadt am Kulm,49.35009,8.13886,ort
95515,Plankenfels,50.06221,11.84674,leitregion
95517,Emtmannsberg,49.89231,11.64466,ort
95519,Schlammersdorf,49.82136,11.73625,ort
95615,Marktredwitz,50.00443,12.08593,ort
95632,Wunsiedel,50.03923,12.00342,ort
95643,Tirschenreuth,49.88263,12.33112,ort
95652,Waldsassen,50.00167,12.30434,ort
95659,Arzberg,50.05774,12.18676,ort
95666,Leonberg,48.80000,9.01667,ort
95671,Bärnau,49.81079,12.43318,ort
95676,Wiesau,49.90817,12.18889,ort
95679,Waldershof,49.98144,12.06291,ort
95680,Bad Alexandersbad,50.01667,12.01667,ort
95682,Brand,49.95972,11.91072,ort
95683,Ebnath,49.95000,11.93333,ort
95685,Falkenberg,51.58557,13.24347,ort
95686,Fichtelberg,50.00288,11.85425,ort
95688,Friedenfels,49.88260,12.10124,ort
95689,Fuchsmühl,49.92265,12.14582,ort
95691,Hohenberg an der Eger,50.09501,12.22008,ort
95692,Konnersreuth,50.06221,11.84674,leitregion
95694,Mehlmeisel,49.97421,11.86200,ort
95695,Mähring,49.91095,12.52448,ort
95697,Nagel,49.98333,11.91667,ort
95698,Neualbenreuth,49.98037,12.44373,ort
95700,Neusorg,49.93333,11.96667,ort
95701,Pechbrunn,49.96667,12.16667,ort
95703,Plößberg,49.91977,11.86883,ort
95704,Pullenreuth,49.93333,12.00000,ort
95706,Schirnding,50.08205,12.22742,ort
95707,Thiersheim,50.07609,12.12650,ort
95709,Tröstau,50.01667,11.95000,ort
96047,Bamberg,49.89873,10.90067,ort
96049,Bamberg,49.89873,10.90067,ort
96050,Bamberg,49.89873,10.90067,ort
96052,Bamberg,49.89873,10.90067,ort
96103,Hallstadt,49.92901,10.87539,ort
96106,Ebern,50.10133,10.97328,leitregion
96110,Scheßlitz,49.97568,11.03299,ort
96114,Hirschaid,49.81789,10.98918,ort
96117,Memmelsdorf,49.93012,10.95921,ort
96120,Bischberg,49.91087,10.83212,ort
96123,Litzendorf,49.91444,11.01028,ort
96126,Ermershausen,50.19578,10.66003,ort
96129,Strullendorf,49.84429,10.97208,ort
96132,Schlüsselfeld,49.75621,10.61873,ort
96135,Stegaurach,49.86543,10.84385,ort
96138,Burgebrach,49.82832,10.74338,ort
96142,Hollfeld,49.93793,11.29153,ort
96145,Seßlach,50.18969,10.84197,ort
96146,Altendorf,50.08424,11.16786,ort
96148,Baunach,49.98592,10.85179,ort
96149,Breitengüßbach,49.97209,10.88591,ort
96151,Breitbrunn,48.04320,12.15431,ort
96152,Burghaslach,49.73313,10.60070,ort
96154,Burgwindheim,49.82733,10.59631,ort
96155,Buttenheim,49.80365,11.03002,ort
96157,Ebrach,50.10133,10.97328,leitregion
96158,Frensdorf,49.81667,10.86667,ort
96160,Geiselwind,49.77356,10.47063,ort
96161,Gerach,50.03333,10.80000,ort
96163,Gundelsheim,49.28330,9.16037,ort
96164,Kemmern,49.95486,10.87784,ort
96166,Kirchlauter,50.04430,10.71776,ort
96167,Königsfeld,51.06667,12.75000,ort
96169,Lauter,50.56264,12.73513,ort
96170,Lisberg,49.90750,10.71183,ort
96172,Mühlhausen,51.20896,10.45275,ort
96173,Oberhaid,50.12614,11.80514,ort
96175,Pettstadt,49.82996,10.92839,ort
96176,Pfarrweisach,50.15000,10.73333,ort
96178,Pommersfelden,49.76667,10.81667,ort
96179,Rattelsdorf,50.01502,10.88857,ort
96181,Rauhenebrach,50.10133,10.97328,leitregion
96182,Reckendorf,50.10133,10.97328,leitregion
96184,Rentweinsdorf,50.06342,10.79922,ort
96185,Schönbrunn i.Steigerwald,50.10133,10.97328,leitregion
96187,Stadelhofen,50.00317,11.19757,ort
96188,Stettfeld,49.97090,10.72170,ort
96190,Untermerzbach,50.12754,10.85634,ort
96191,Viereth-Trunstadt,49.92222,10.77716,ort
96193,Wachenroth,49.75185,10.71335,ort
96194,Walsdorf,49.86667,10.78333,ort
96196,Wattendorf,50.10133,10.97328,leitregion
96197,Wonsees,49.97614,11.30047,ort
96199,Zapfendorf,50.01783,10.93243,ort
96215,Lichtenfels,50.14567,11.05928,ort
96224,Burgkunstadt,50.14093,11.25205,ort
96231,Bad Staffelstein,50.10199,11.00128,ort
96237,Ebersdorf b.Coburg,50.10133,10.97328,leitregion
96242,Sonnefeld,50.21667,11.13333,ort
96247,Michelau in Oberfranken,50.16233,11.11207,ort
96250,Ebensfeld,50.06640,10.95835,ort
96253,Untersiemau,50.19415,10.97448,ort
96257,Marktgraitz,50.18358,11.19441,ort
96260,Weismain,50.08512,11.24024,ort
96264,Altenkunstadt,50.12504,11.25030,ort
96268,Mitwitz,50.25111,11.20818,ort
96269,Großheirath,50.17603,10.95050,ort
96271,Grub a.Forst,50.10133,10.97328,leitregion
96272,Hochstadt a.Main,50.10133,10.97328,leitregion
96274,Itzgrund,50.10133,10.97328,leitregion
96275,Marktzeuln,50.16673,11.16692,ort
96277,Schneckenlohe,50.21184,11.19395,ort
96279,Weidhausen b.Coburg,50.10133,10.97328,leitregion
96317,Kronach,50.23963,11.33308,ort
96328,Küps,50.10133,10.97328,leitregion
96332,Pressig,50.35245,11.30969,ort
96337,Ludwigsstadt,50.48605,11.38734,ort
96342,Stockheim,50.30639,11.28172,ort
96346,Wallenfels,50.26850,11.47058,ort
96349,Steinwiesen,50.29444,11.46295,ort
96352,Wilhelmsthal,50.31113,11.37278,ort
96355,Tettau,50.46979,11.25888,ort
96358,Reichenbach,51.14144,14.80270,ort
96361,Steinbach am Wald,50.15328,11.65055,ort
96364,Marktrodach,50.25000,11.38333,ort
96365,Nordhalben,50.37411,11.50992,ort
96367,Tschirn,50.10133,10.97328,leitregion
96369,Kulmbach,50.10068,11.45032,ort
96450,Coburg,50.25937,10.96384,ort
96465,Neustadt bei Coburg,50.32975,11.12058,ort
96472,Rödental,50.29516,11.04122,ort
96476,Bad Rodach,50.10133,10.97328,leitregion
96479,Weitramsdorf,50.25600,10.87989,ort
96482,Ahorn,50.23762,10.95417,ort
96484,Meeder,50.32118,10.90697,ort
96486,Lautertal,50.33333,10.96667,ort
96487,Dörfles-Esbach,50.10133,10.97328,leitregion
96489,Niederfüllbach,50.22002,10.99086,ort
96515,Sonneberg,50.35920,11.17463,ort
96523,Steinach,50.43129,11.15909,ort
96524,Föritztal,50.10133,10.97328,leitregion
96528,Frankenblick,50.39536,11.00732,ort
97070,Würzburg,49.79391,9.95121,ort
97072,Würzburg,49.79391,9.95121,ort
97074,Würzburg,49.79391,9.95121,ort
97076,Würzburg,49.79391,9.95121,ort
97078,Würzburg,49.79391,9.95121,ort
97080,Würzburg,49.79391,9.95121,ort
97082,Würzburg,49.79391,9.95121,ort
97084,Würzburg,49.79391,9.95121,ort
97199,Ochsenfurt,49.66429,10.06227,ort
97204,Höchberg,49.78446,9.88223,ort
97209,Veitshöchheim,49.83278,9.88167,ort
97215,Simmershofen,49.54415,10.23286,ort
97218,Gerbrunn,49.77528,9.99361,ort
97222,Rimpar,49.85692,9.95705,ort
97225,Zellingen,49.89737,9.81746,ort
97228,Rottendorf,49.79230,10.02593,ort
97230,Estenfeld,49.82896,10.00588,ort
97232,Giebelstadt,49.65308,9.94441,ort
97234,Reichenberg,49.73193,9.91478,ort
97236,Randersacker,49.76021,9.98277,ort
97237,Altertheim,49.90000,9.96983,leitregion
97239,Aub,49.55267,10.06530,ort
97241,Bergtheim,49.90000,10.06667,ort
97243,Bieberehren,49.90000,9.96983,leitregion
97244,Bütthard,49.59913,9.87987,ort
97246,Eibelstadt,49.72392,9.99962,ort
97247,Eisenheim,49.90000,9.96983,leitregion
97249,Eisingen,48.95000,8.66667,ort
97250,Erlabrunn,49.85972,9.84417,ort
97252,Frickenhausen a.Main,49.90000,9.96983,leitregion
97253,Gaukönigshofen,49.63333,10.00000,ort
97255,Gelchsheim,49.90000,9.96983,leitregion
97256,Geroldshausen,49.68361,9.90222,ort
97258,Gollhofen,49.60214,10.22552,ort
97259,Greußenheim,49.81667,9.76667,ort
97261,Güntersleben,49.86972,9.90500,ort
97262,Hausen b. Würzburg,49.90000,9.96983,leitregion
97264,Helmstadt,49.76180,9.70803,ort
97265,Hettstadt,49.79944,9.81500,ort
97267,Himmelstadt,49.92389,9.80167,ort
97268,Kirchheim,50.83333,9.56667,ort
97270,Kist,49.74278,9.84389,ort
97271,Kleinrinderfeld,49.70028,9.84472,ort
97273,Kürnach,49.85000,10.03333,ort
97274,Leinach,49.90000,9.96983,leitregion
97276,Margetshöchheim,49.83750,9.86389,ort
97277,Neubrunn,49.73088,9.67161,ort
97279,Prosselsheim,49.86309,10.12666,ort
97280,Remlingen,52.11367,10.67408,ort
97282,Retzstadt,49.91250,9.88194,ort
97283,Riedenheim,49.90000,9.96983,leitregion
97285,Röttingen,49.50969,9.97082,ort
97286,Sommerhausen,49.70361,10.02605,ort
97288,Theilheim,49.75403,10.03056,ort
97289,Thüngen,49.94140,9.85860,ort
97291,Thüngersheim,49.87833,9.84917,ort
97292,Holzkirchen,47.87663,11.70181,ort
97294,Unterpleichfeld,49.86886,10.04399,ort
97295,Waldbrunn,50.51875,8.10812,ort
97297,Waldbüttelbrunn,49.78833,9.84667,ort
97299,Zell am Main,49.81214,9.86962,ort
97318,Biebelried,49.76667,10.08333,ort
97320,Albertshofen,49.76667,10.16667,ort
97332,Volkach,49.86352,10.22813,ort
97334,Nordheim a.Main,49.82923,10.20792,ort
97337,Dettelbach,49.80295,10.16519,ort
97340,Marktbreit,49.66541,10.14811,ort
97342,Marktsteft,49.69606,10.13626,ort
97346,Iphofen,49.70239,10.26037,ort
97348,Markt Einersheim,49.68663,10.29155,ort
97350,Mainbernheim,49.70794,10.21900,ort
97353,Wiesentheid,49.79451,10.34509,ort
97355,Abtswind,49.77087,10.28430,ort
97357,Prichsenstadt,49.81933,10.34773,ort
97359,Schwarzach am Main,48.91567,12.81143,ort
97421,Schweinfurt,50.04937,10.22175,ort
97422,Schweinfurt,50.04937,10.22175,ort
97424,Schweinfurt,50.04937,10.22175,ort
97437,Haßfurt,50.03521,10.51560,ort
97440,Werneck,49.98201,10.09884,ort
97447,Frankenwinheim,49.88733,10.31432,ort
97450,Arnstein,49.97767,9.96983,ort
97453,Schonungen,50.05008,10.30809,ort
97456,Dittelbrunn,50.07212,10.21974,ort
97461,Hofheim in Unterfranken,50.13675,10.52321,ort
97464,Niederwerrn,50.06149,10.18270,ort
97469,Gochsheim,50.01667,10.28333,ort
97475,Zeil am Main,50.00986,10.59470,ort
97478,Knetzgau,49.98333,10.55000,ort
97483,Eltmann,49.97148,10.66712,ort
97486,Königsberg in Bayern,49.90000,9.96983,leitregion
97488,Stadtlauringen,50.18708,10.36164,ort
97490,Poppenhausen,50.09999,10.14244,ort
97491,Aidhausen,50.15000,10.43333,ort
97493,Bergrheinfeld,50.01028,10.18089,ort
97494,Bundorf,49.90000,9.96983,leitregion
97496,Burgpreppach,50.14149,10.64977,ort
97497,Dingolshausen,49.90710,10.39032,ort
97499,Donnersdorf,49.96667,10.41667,ort
97500,Ebelsbach,49.98572,10.67442,ort
97502,Euerbach,50.06199,10.13695,ort
97503,Gädheim,49.90000,9.96983,leitregion
97505,Geldersheim,50.04286,10.15609,ort
97506,Grafenrheinfeld,50.00000,10.20000,ort
97508,Grettstadt,49.98333,10.31667,ort
97509,Kolitzheim,49.91667,10.23333,ort
97511,Lülsfeld,49.90000,9.96983,leitregion
97513,Michelau i.Steigerwald,49.90000,9.96983,leitregion
97514,Oberaurach,49.90000,9.96983,leitregion
97516,Oberschwarzach,49.86051,10.40999,ort
97517,Rannungen,50.16537,10.20484,ort
97519,Riedbach,49.90000,9.96983,leitregion
97520,Röthlein,49.98333,10.21667,ort
97522,Sand a.Main,49.90000,9.96983,leitregion
97523,Schwanfeld,49.92166,10.13866,ort
97525,Schwebheim,49.99036,10.24776,ort
97526,Sennfeld,50.03895,10.25986,ort
97528,Sulzdorf a.d.Lederhecke,49.90000,9.96983,leitregion
97529,Sulzheim,49.95000,10.33333,ort
97531,Theres,49.90000,9.96983,leitregion
97532,Üchtelhausen,50.09184,10.26861,ort
97534,Waigolshausen,49.96430,10.12001,ort
97535,Wasserlosen,50.09476,10.03017,ort
97537,Wipfeld,49.91667,10.16667,ort
97539,Wonfurt,50.01667,10.46667,ort
97616,Bad Neustadt an der Saale,50.32174,10.20673,ort
97618,Heustreu,50.35485,10.26069,ort
97631,Bad Königshofen im Grabfeld,50.30082,10.46887,ort
97633,Aubstadt,50.26667,10.36667,ort
97638,Mellrichstadt,50.42849,10.30334,ort
97640,Hendungen,50.39462,10.35204,ort
97645,Ostheim v.d.Rhön,49.90000,9.96983,leitregion
97647,Hausen,49.68945,11.03216,ort
97650,Fladungen,50.52054,10.14581,ort
97653,Bischofsheim i.d.Rhön,49.90000,9.96983,leitregion
97654,Bastheim,50.40080,10.20372,ort
97656,Oberelsbach,50.44118,10.11692,ort
97657,Sandberg,50.34824,10.00814,ort
97659,Schönau a.d.Brend,49.90000,9.96983,leitregion
97688,Bad Kissingen,50.20228,10.07784,ort
97702,Münnerstadt,50.24636,10.20187,ort
97705,Burkardroth,50.27125,9.99162,ort
97708,Bad Bocklet,50.26648,10.07902,ort
97711,Maßbach,50.18321,10.27522,ort
97714,Oerlenbach,50.15000,10.13333,ort
97717,Aura a.d.Saale,50.14853,10.02331,ort
97720,Nüdlingen,50.22063,10.12296,ort
97723,Oberthulba,50.19904,9.95882,ort
97724,Burglauer,50.27645,10.17939,ort
97725,Elfershausen,50.14743,9.96151,ort
97727,Fuchsstadt,50.10825,9.93370,ort
97729,Ramsthal,50.14039,10.06777,ort
97737,Gemünden am Main,50.04946,9.70593,ort
97753,Karlstadt,49.96034,9.77239,ort
97762,Hammelburg,50.11633,9.89143,ort
97769,Bad Brückenau,50.30853,9.78985,ort
97772,Wildflecken,50.37764,9.91092,ort
97773,Aura im Sinngrund,50.17819,9.57547,ort
97775,Burgsinn,50.14968,9.65119,ort
97776,Eußenheim,49.98589,9.80899,ort
97778,Fellen,49.90000,9.96983,leitregion
97779,Geroda,49.90000,9.96983,leitregion
97780,Gössenheim,50.01667,9.78333,ort
97782,Gräfendorf,50.12267,9.74050,ort
97783,Karsbach,50.04091,9.78534,ort
97785,Mittelsinn,49.90000,9.96983,leitregion
97786,Motten,50.39561,9.77251,ort
97788,Neuendorf,49.90000,9.96983,leitregion
97789,Oberleichtersbach,50.28333,9.80000,ort
97791,Obersinn,50.20875,9.61545,ort
97792,Riedenberg,50.31993,9.86100,ort
97794,Rieneck,50.09349,9.64797,ort
97795,Schondra,50.26814,9.86277,ort
97797,Wartmannsroth,50.16667,9.78333,ort
97799,Zeitlofs,50.26189,9.67243,ort
97816,Lohr am Main,49.98922,9.57223,ort
97828,Marktheidenfeld,49.84540,9.60359,ort
97833,Frammersbach,50.06468,9.46888,ort
97834,Birkenfeld,48.86667,8.63333,ort
97836,Bischbrunn,49.87028,9.48917,ort
97837,Erlenbach b.Marktheidenfeld,49.90000,9.96983,leitregion
97839,Esselbach,49.85528,9.52583,ort
97840,Hafenlohr,49.86944,9.60222,ort
97842,Karbach,49.86701,9.63806,ort
97843,Neuhütten,50.00000,9.41667,ort
97845,Neustadt a.Main,49.90000,9.96983,leitregion
97846,Partenstein,50.04176,9.51991,ort
97848,Rechtenbach,49.98306,9.50833,ort
97849,Roden,49.89556,9.62639,ort
97851,Rothenfels,49.89135,9.59260,ort
97852,Bischbrunn,49.87028,9.48917,ort
97854,Steinfeld,52.58596,8.21417,ort
97855,Triefenstein,49.90000,9.96983,leitregion
97857,Urspringen,49.90166,9.67123,ort
97859,Wiesthal,50.03333,9.43333,ort
97877,Wertheim,49.75900,9.50852,ort
97892,Kreuzwertheim,49.76818,9.51819,ort
97896,Collenberg,49.70556,9.32917,ort
97900,Külsheim,49.66942,9.52361,ort
97901,Altenbuch,49.82861,9.40139,ort
97903,Collenberg,49.90000,9.96983,leitregion
97904,Dorfprozelten,49.78056,9.38028,ort
97906,Faulbach,49.78528,9.44417,ort
97907,Hasloch,49.79194,9.49361,ort
97909,Stadtprozelten,49.78466,9.41184,ort
97922,Lauda-Königshofen,49.56526,9.70816,ort
97941,Tauberbischofsheim,49.62472,9.66278,ort
97944,Boxberg,49.47965,9.64006,ort
97947,Grünsfeld,49.60949,9.74725,ort
97950,Großrinderfeld,49.66536,9.73356,ort
97953,Königheim,49.62028,9.59583,ort
97956,Werbach,49.67083,9.63944,ort
97957,Wittighausen,49.90000,9.96983,leitregion
97959,Assamstadt,49.42806,9.68611,ort
97980,Bad Mergentheim,49.49250,9.77361,ort
97990,Weikersheim,49.47866,9.89977,ort
97993,Creglingen,49.46937,10.03119,ort
97996,Niederstetten,49.40000,9.91944,ort
97999,Igersheim,49.49444,9.81694,ort
98527,Suhl,50.60911,10.69401,ort
98528,Suhl,50.60911,10.69401,ort
98529,Suhl,50.60911,10.69401,ort
98530,Dillstädt,50.10285,11.92904,ort
98544,Zella-Mehlis,50.65642,10.66046,ort
98547,Christes,50.60860,10.48940,ort
98553,Ahlstädt,50.51076,10.75658,ort
98559,Oberhof,50.70435,10.72716,ort
98574,Schmalkalden,50.72136,10.44386,ort
98587,Schmalkalden,50.72136,10.44386,ort
98590,Rosa,49.85972,8.76167,ort
98593,Floh-Seligenthal,50.58335,10.69401,leitregion
98596,Brotterode-Trusetal,50.58335,10.69401,leitregion
98597,Breitungen/Werra,50.73333,10.36667,ort
98617,Belrieth,49.67667,8.54833,ort
98630,Römhild,50.39639,10.53889,ort
98631,Grabfeld,50.58335,10.69401,leitregion
98634,Birx,50.66190,10.36947,ort
98639,Rippershausen,50.58335,10.69401,leitregion
98646,Dingsleben,50.42553,10.73184,ort
98660,Beinerstadt,50.50465,10.61536,ort
98663,Heldburg,48.88333,10.18333,ort
98666,Masserberg,50.51981,10.97087,ort
98667,Schleusegrund,50.58335,10.69401,leitregion
98669,Veilsdorf,50.40876,10.80947,ort
98673,Auengrund,50.42648,10.90695,ort
98693,Ilmenau,50.68322,10.91858,ort
98694,Ilmenau,50.68322,10.91858,ort
98701,Großbreitenbach,50.58335,11.00955,ort
98716,Elgersburg,50.70603,10.85310,ort
98724,Lauscha,50.47687,11.15962,ort
98743,Gräfenthal,50.58335,10.69401,leitregion
98744,Cursdorf,50.58335,10.69401,leitregion
98746,Goldisthal,50.55191,11.05293,ort
99084,Erfurt,50.97870,11.03283,ort
99085,Erfurt,50.97870,11.03283,ort
99086,Erfurt,50.97870,11.03283,ort
99087,Erfurt,50.97870,11.03283,ort
99089,Erfurt,50.97870,11.03283,ort
99090,Erfurt,50.97870,11.03283,ort
99091,Erfurt,50.97870,11.03283,ort
99092,Erfurt,50.97870,11.03283,ort
99094,Erfurt,50.97870,11.03283,ort
99095,Erfurt,50.97870,11.03283,ort
99096,Erfurt,50.97870,11.03283,ort
99097,Erfurt,50.97870,11.03283,ort
99098,Erfurt,50.97870,11.03283,ort
99099,Erfurt,50.97870,11.03283,ort
99100,Bienstädt,51.07770,10.85479,ort
99102,Amt Wachsenburg,50.91667,11.15000,ort
99189,Andisleben,51.05000,10.95000,ort
99192,Nesse-Apfelstädt,50.98030,10.95000,leitregion
99195,Alperstedt,51.09305,11.09977,ort
99198,Großmölsen,50.98030,10.95000,leitregion
99310,Alkersleben,50.84048,10.95198,ort
99326,Stadtilm,50.77596,11.08262,ort
99330,Geratal,50.98030,10.95000,leitregion
99331,Geratal,50.98030,10.95000,leitregion
99334,Amt Wachsenburg,51.05000,10.95000,ort
99338,Plaue,50.77835,10.89969,ort
99423,Weimar,50.98030,11.32903,ort
99425,Weimar,50.98030,11.32903,ort
99427,Weimar,50.98030,11.32903,ort
99428,Grammetal,50.98030,11.32903,ort
99438,Bad Berka,50.89982,11.28245,ort
99439,Am Ettersberg,50.66010,12.35619,ort
99441,Döbritschen,50.90698,11.44801,ort
99444,Blankenhain,50.85993,11.34390,ort
99448,Hohenfelden,50.85446,11.20057,ort
99510,Apolda,51.02624,11.51638,ort
99518,Bad Sulza,51.08929,11.62474,ort
99610,Sömmerda,51.15914,11.11524,ort
99625,Großneuhausen,51.18745,11.24488,ort
99628,Buttstädt,51.12227,11.41721,ort
99631,Günstedt,52.55632,13.46649,ort
99634,Gangloffsömmern,51.18940,10.94332,ort
99636,Ostramondra,51.17496,11.42029,ort
99638,Büchel,50.17289,7.08318,ort
99706,Sondershausen,51.36973,10.87011,ort
99707,Kyffhäuserland,50.98030,10.95000,leitregion
99713,Abtsbessingen,51.28283,10.72999,ort
99718,Clingen,51.23206,10.93281,ort
99734,Nordhausen,51.50180,10.79570,ort
99735,Kleinfurra,51.41556,10.76454,ort
99752,Bleicherode,51.44026,10.57202,ort
99755,Ellrich,51.58656,10.66326,ort
99759,Großlohra,51.30976,10.48810,ort
99765,Görsbach,51.46224,10.93706,ort
99768,Harztor,50.98030,10.95000,leitregion
99817,Eisenach,50.98070,10.31522,ort
99819,Krauthausen,51.01667,10.26667,ort
99820,Hörselberg-Hainich,50.98030,10.95000,leitregion
99826,Berka vor dem Hainich,50.63558,9.39777,ort
99830,Treffurt,51.13691,10.23361,ort
99831,Amt Creuzburg,50.98030,10.95000,leitregion
99834,Gerstungen,50.96667,10.06667,ort
99837,Werra-Suhl-Tal,50.98030,10.95000,leitregion
99842,Ruhla,50.89296,10.36573,ort
99846,Seebach,51.16506,10.51428,ort
99848,Wutha-Farnroda,50.98030,10.95000,leitregion
99867,Gotha,50.94823,10.70193,ort
99869,Drei Gleichen,50.97702,10.78851,ort
99880,Hörsel,50.89827,10.55791,ort
99885,Luisenthal,49.24932,6.90057,ort
99887,Georgenthal,50.83205,10.66266,ort
99891,Bad Tabarz,50.98030,10.95000,leitregion
99894,Friedrichroda,50.85754,10.56507,ort
99897,Tambach-Dietharz,50.79245,10.61568,ort
99947,Bad Langensalza,51.10771,10.64600,ort
99955,Bad Tennstedt,51.15447,10.83873,ort
99958,Großvargula,50.98030,10.95000,leitregion
99974,Mühlhausen,51.20896,10.45275,ort
99976,Anrode,51.26667,10.33333,ort
99986,Kammerforst,50.98030,10.95000,leitregion
99988,Südeichsfeld,50.98030,10.95000,leitregion
99991,Unstrut-Hainich,50.98030,10.95000,leitregion
99994,Marolterode,50.98030,10.95000,leitregion
99996,Menteroda,51.30763,10.56323,ort
99998,Körner,51.23126,10.58878,ort
